Job ID     : 162562
Node       : b-19-71
Start time : Fri Apr 10 16:27:12 EDT 2026
Starting supervised baseline...
Device: cuda
  GPU: NVIDIA A100-SXM4-40GB
Dataset sizes  — train: 11,550  val: 1,584  test: 1,716
Batches/epoch  — train: 1,443  val: 198
Computing label stats...
  alpha: mean=-3.0232  std=1.4540
  zeta:  mean=9.0255  std=5.2104

Model parameters: 23.46M  (encoder + head)

Starting supervised training from epoch 0 / 100

  Epoch 000 [   0/1443]  loss=1.0113  lr=0.00e+00
  Epoch 000 [  20/1443]  loss=1.3440  lr=4.16e-07
  Epoch 000 [  40/1443]  loss=1.0602  lr=8.32e-07
  Epoch 000 [  60/1443]  loss=0.8547  lr=1.25e-06
  Epoch 000 [  80/1443]  loss=0.6276  lr=1.66e-06
  Epoch 000 [ 100/1443]  loss=0.8733  lr=2.08e-06
  Epoch 000 [ 120/1443]  loss=0.8927  lr=2.49e-06
  Epoch 000 [ 140/1443]  loss=0.9351  lr=2.91e-06
  Epoch 000 [ 160/1443]  loss=1.1268  lr=3.33e-06
  Epoch 000 [ 180/1443]  loss=0.7739  lr=3.74e-06
  Epoch 000 [ 200/1443]  loss=1.0805  lr=4.16e-06
  Epoch 000 [ 220/1443]  loss=0.7926  lr=4.57e-06
  Epoch 000 [ 240/1443]  loss=1.0536  lr=4.99e-06
  Epoch 000 [ 260/1443]  loss=0.5683  lr=5.41e-06
  Epoch 000 [ 280/1443]  loss=0.4996  lr=5.82e-06
  Epoch 000 [ 300/1443]  loss=0.4191  lr=6.24e-06
  Epoch 000 [ 320/1443]  loss=0.7017  lr=6.65e-06
  Epoch 000 [ 340/1443]  loss=0.6298  lr=7.07e-06
  Epoch 000 [ 360/1443]  loss=0.5801  lr=7.48e-06
  Epoch 000 [ 380/1443]  loss=0.4967  lr=7.90e-06
  Epoch 000 [ 400/1443]  loss=0.4825  lr=8.32e-06
  Epoch 000 [ 420/1443]  loss=0.8083  lr=8.73e-06
  Epoch 000 [ 440/1443]  loss=0.4749  lr=9.15e-06
  Epoch 000 [ 460/1443]  loss=0.7125  lr=9.56e-06
  Epoch 000 [ 480/1443]  loss=0.6224  lr=9.98e-06
  Epoch 000 [ 500/1443]  loss=0.7846  lr=1.04e-05
  Epoch 000 [ 520/1443]  loss=0.2341  lr=1.08e-05
  Epoch 000 [ 540/1443]  loss=0.4665  lr=1.12e-05
  Epoch 000 [ 560/1443]  loss=0.3951  lr=1.16e-05
  Epoch 000 [ 580/1443]  loss=0.4851  lr=1.21e-05
  Epoch 000 [ 600/1443]  loss=0.2794  lr=1.25e-05
  Epoch 000 [ 620/1443]  loss=0.2984  lr=1.29e-05
  Epoch 000 [ 640/1443]  loss=0.6459  lr=1.33e-05
  Epoch 000 [ 660/1443]  loss=0.3855  lr=1.37e-05
  Epoch 000 [ 680/1443]  loss=0.3599  lr=1.41e-05
  Epoch 000 [ 700/1443]  loss=0.4710  lr=1.46e-05
  Epoch 000 [ 720/1443]  loss=0.4371  lr=1.50e-05
  Epoch 000 [ 740/1443]  loss=0.2583  lr=1.54e-05
  Epoch 000 [ 760/1443]  loss=0.3032  lr=1.58e-05
  Epoch 000 [ 780/1443]  loss=0.1662  lr=1.62e-05
  Epoch 000 [ 800/1443]  loss=0.4191  lr=1.66e-05
  Epoch 000 [ 820/1443]  loss=0.2707  lr=1.70e-05
  Epoch 000 [ 840/1443]  loss=0.2814  lr=1.75e-05
  Epoch 000 [ 860/1443]  loss=0.2496  lr=1.79e-05
  Epoch 000 [ 880/1443]  loss=0.4306  lr=1.83e-05
  Epoch 000 [ 900/1443]  loss=0.1221  lr=1.87e-05
  Epoch 000 [ 920/1443]  loss=0.2760  lr=1.91e-05
  Epoch 000 [ 940/1443]  loss=0.4847  lr=1.95e-05
  Epoch 000 [ 960/1443]  loss=0.1201  lr=2.00e-05
  Epoch 000 [ 980/1443]  loss=0.2436  lr=2.04e-05
  Epoch 000 [1000/1443]  loss=0.1830  lr=2.08e-05
  Epoch 000 [1020/1443]  loss=0.3198  lr=2.12e-05
  Epoch 000 [1040/1443]  loss=0.3955  lr=2.16e-05
  Epoch 000 [1060/1443]  loss=0.1826  lr=2.20e-05
  Epoch 000 [1080/1443]  loss=0.2212  lr=2.25e-05
  Epoch 000 [1100/1443]  loss=0.2628  lr=2.29e-05
  Epoch 000 [1120/1443]  loss=0.2367  lr=2.33e-05
  Epoch 000 [1140/1443]  loss=0.4648  lr=2.37e-05
  Epoch 000 [1160/1443]  loss=0.2885  lr=2.41e-05
  Epoch 000 [1180/1443]  loss=0.1878  lr=2.45e-05
  Epoch 000 [1200/1443]  loss=0.1934  lr=2.49e-05
  Epoch 000 [1220/1443]  loss=0.2989  lr=2.54e-05
  Epoch 000 [1240/1443]  loss=0.2724  lr=2.58e-05
  Epoch 000 [1260/1443]  loss=0.2889  lr=2.62e-05
  Epoch 000 [1280/1443]  loss=0.1405  lr=2.66e-05
  Epoch 000 [1300/1443]  loss=0.3590  lr=2.70e-05
  Epoch 000 [1320/1443]  loss=0.2744  lr=2.74e-05
  Epoch 000 [1340/1443]  loss=0.2173  lr=2.79e-05
  Epoch 000 [1360/1443]  loss=0.2624  lr=2.83e-05
  Epoch 000 [1380/1443]  loss=0.3305  lr=2.87e-05
  Epoch 000 [1400/1443]  loss=0.2283  lr=2.91e-05
  Epoch 000 [1420/1443]  loss=0.2611  lr=2.95e-05
  Epoch 000 [1440/1443]  loss=0.2063  lr=2.99e-05

Epoch 000 done | avg_loss=0.4924 | val_mse_norm=0.5360 (α=0.6766 ζ=0.3954) | time=293.5s
  Checkpoint saved → /scratch/va2661/data/active_matter/checkpoints/supervised/latest.pt
  Checkpoint saved → /scratch/va2661/data/active_matter/checkpoints/supervised/best.pt
  Checkpoint saved → /scratch/va2661/data/active_matter/checkpoints/supervised/epoch_0000.pt

  Epoch 001 [   0/1443]  loss=0.2130  lr=3.00e-05
  Epoch 001 [  20/1443]  loss=0.1475  lr=3.04e-05
  Epoch 001 [  40/1443]  loss=0.3860  lr=3.08e-05
  Epoch 001 [  60/1443]  loss=0.1244  lr=3.12e-05
  Epoch 001 [  80/1443]  loss=0.3240  lr=3.17e-05
  Epoch 001 [ 100/1443]  loss=0.1378  lr=3.21e-05
  Epoch 001 [ 120/1443]  loss=0.1196  lr=3.25e-05
  Epoch 001 [ 140/1443]  loss=0.0762  lr=3.29e-05
  Epoch 001 [ 160/1443]  loss=0.2720  lr=3.33e-05
  Epoch 001 [ 180/1443]  loss=0.2295  lr=3.37e-05
  Epoch 001 [ 200/1443]  loss=0.2324  lr=3.42e-05
  Epoch 001 [ 220/1443]  loss=0.1052  lr=3.46e-05
  Epoch 001 [ 240/1443]  loss=0.2872  lr=3.50e-05
  Epoch 001 [ 260/1443]  loss=0.2337  lr=3.54e-05
  Epoch 001 [ 280/1443]  loss=0.0825  lr=3.58e-05
  Epoch 001 [ 300/1443]  loss=0.3206  lr=3.62e-05
  Epoch 001 [ 320/1443]  loss=0.1408  lr=3.67e-05
  Epoch 001 [ 340/1443]  loss=0.1405  lr=3.71e-05
  Epoch 001 [ 360/1443]  loss=0.3005  lr=3.75e-05
  Epoch 001 [ 380/1443]  loss=0.2520  lr=3.79e-05
  Epoch 001 [ 400/1443]  loss=0.3066  lr=3.83e-05
  Epoch 001 [ 420/1443]  loss=0.2406  lr=3.87e-05
  Epoch 001 [ 440/1443]  loss=0.3733  lr=3.91e-05
  Epoch 001 [ 460/1443]  loss=0.1928  lr=3.96e-05
  Epoch 001 [ 480/1443]  loss=0.4498  lr=4.00e-05
  Epoch 001 [ 500/1443]  loss=0.2391  lr=4.04e-05
  Epoch 001 [ 520/1443]  loss=0.7102  lr=4.08e-05
  Epoch 001 [ 540/1443]  loss=0.3124  lr=4.12e-05
  Epoch 001 [ 560/1443]  loss=0.5916  lr=4.16e-05
  Epoch 001 [ 580/1443]  loss=0.1889  lr=4.21e-05
  Epoch 001 [ 600/1443]  loss=0.3096  lr=4.25e-05
  Epoch 001 [ 620/1443]  loss=0.2971  lr=4.29e-05
  Epoch 001 [ 640/1443]  loss=0.5751  lr=4.33e-05
  Epoch 001 [ 660/1443]  loss=0.1010  lr=4.37e-05
  Epoch 001 [ 680/1443]  loss=0.1501  lr=4.41e-05
  Epoch 001 [ 700/1443]  loss=0.2629  lr=4.46e-05
  Epoch 001 [ 720/1443]  loss=0.3940  lr=4.50e-05
  Epoch 001 [ 740/1443]  loss=0.3294  lr=4.54e-05
  Epoch 001 [ 760/1443]  loss=0.1040  lr=4.58e-05
  Epoch 001 [ 780/1443]  loss=0.1631  lr=4.62e-05
  Epoch 001 [ 800/1443]  loss=0.1492  lr=4.66e-05
  Epoch 001 [ 820/1443]  loss=0.1394  lr=4.70e-05
  Epoch 001 [ 840/1443]  loss=0.3014  lr=4.75e-05
  Epoch 001 [ 860/1443]  loss=0.1386  lr=4.79e-05
  Epoch 001 [ 880/1443]  loss=0.0924  lr=4.83e-05
  Epoch 001 [ 900/1443]  loss=0.2013  lr=4.87e-05
  Epoch 001 [ 920/1443]  loss=0.1291  lr=4.91e-05
  Epoch 001 [ 940/1443]  loss=0.1434  lr=4.95e-05
  Epoch 001 [ 960/1443]  loss=0.1933  lr=5.00e-05
  Epoch 001 [ 980/1443]  loss=0.5796  lr=5.04e-05
  Epoch 001 [1000/1443]  loss=0.1404  lr=5.08e-05
  Epoch 001 [1020/1443]  loss=0.1161  lr=5.12e-05
  Epoch 001 [1040/1443]  loss=0.2896  lr=5.16e-05
  Epoch 001 [1060/1443]  loss=0.1947  lr=5.20e-05
  Epoch 001 [1080/1443]  loss=0.2426  lr=5.25e-05
  Epoch 001 [1100/1443]  loss=0.3310  lr=5.29e-05
  Epoch 001 [1120/1443]  loss=0.3637  lr=5.33e-05
  Epoch 001 [1140/1443]  loss=0.1133  lr=5.37e-05
  Epoch 001 [1160/1443]  loss=0.2803  lr=5.41e-05
  Epoch 001 [1180/1443]  loss=0.1760  lr=5.45e-05
  Epoch 001 [1200/1443]  loss=0.1788  lr=5.49e-05
  Epoch 001 [1220/1443]  loss=0.1156  lr=5.54e-05
  Epoch 001 [1240/1443]  loss=0.2378  lr=5.58e-05
  Epoch 001 [1260/1443]  loss=0.3021  lr=5.62e-05
  Epoch 001 [1280/1443]  loss=0.4971  lr=5.66e-05
  Epoch 001 [1300/1443]  loss=0.1168  lr=5.70e-05
  Epoch 001 [1320/1443]  loss=0.1257  lr=5.74e-05
  Epoch 001 [1340/1443]  loss=0.0992  lr=5.79e-05
  Epoch 001 [1360/1443]  loss=0.1478  lr=5.83e-05
  Epoch 001 [1380/1443]  loss=0.3310  lr=5.87e-05
  Epoch 001 [1400/1443]  loss=0.1497  lr=5.91e-05
  Epoch 001 [1420/1443]  loss=0.2150  lr=5.95e-05
  Epoch 001 [1440/1443]  loss=0.1212  lr=5.99e-05

Epoch 001 done | avg_loss=0.2391 | val_mse_norm=0.2096 (α=0.2707 ζ=0.1485) | time=294.3s
  Checkpoint saved → /scratch/va2661/data/active_matter/checkpoints/supervised/latest.pt
  Checkpoint saved → /scratch/va2661/data/active_matter/checkpoints/supervised/best.pt

  Epoch 002 [   0/1443]  loss=0.2535  lr=6.00e-05
  Epoch 002 [  20/1443]  loss=0.2072  lr=6.04e-05
  Epoch 002 [  40/1443]  loss=0.2686  lr=6.08e-05
  Epoch 002 [  60/1443]  loss=0.3158  lr=6.12e-05
  Epoch 002 [  80/1443]  loss=0.0911  lr=6.17e-05
  Epoch 002 [ 100/1443]  loss=0.1560  lr=6.21e-05
  Epoch 002 [ 120/1443]  loss=0.1570  lr=6.25e-05
  Epoch 002 [ 140/1443]  loss=0.1519  lr=6.29e-05
  Epoch 002 [ 160/1443]  loss=0.0864  lr=6.33e-05
  Epoch 002 [ 180/1443]  loss=0.2045  lr=6.37e-05
  Epoch 002 [ 200/1443]  loss=0.1404  lr=6.42e-05
  Epoch 002 [ 220/1443]  loss=0.1605  lr=6.46e-05
  Epoch 002 [ 240/1443]  loss=0.1726  lr=6.50e-05
  Epoch 002 [ 260/1443]  loss=0.1909  lr=6.54e-05
  Epoch 002 [ 280/1443]  loss=0.1686  lr=6.58e-05
  Epoch 002 [ 300/1443]  loss=0.0774  lr=6.62e-05
  Epoch 002 [ 320/1443]  loss=0.1671  lr=6.67e-05
  Epoch 002 [ 340/1443]  loss=0.1192  lr=6.71e-05
  Epoch 002 [ 360/1443]  loss=0.2935  lr=6.75e-05
  Epoch 002 [ 380/1443]  loss=0.0960  lr=6.79e-05
  Epoch 002 [ 400/1443]  loss=0.2000  lr=6.83e-05
  Epoch 002 [ 420/1443]  loss=0.1303  lr=6.87e-05
  Epoch 002 [ 440/1443]  loss=0.1861  lr=6.91e-05
  Epoch 002 [ 460/1443]  loss=0.1753  lr=6.96e-05
  Epoch 002 [ 480/1443]  loss=0.2751  lr=7.00e-05
  Epoch 002 [ 500/1443]  loss=0.3946  lr=7.04e-05
  Epoch 002 [ 520/1443]  loss=0.2266  lr=7.08e-05
  Epoch 002 [ 540/1443]  loss=0.1275  lr=7.12e-05
  Epoch 002 [ 560/1443]  loss=0.1868  lr=7.16e-05
  Epoch 002 [ 580/1443]  loss=0.1243  lr=7.21e-05
  Epoch 002 [ 600/1443]  loss=0.3302  lr=7.25e-05
  Epoch 002 [ 620/1443]  loss=0.3298  lr=7.29e-05
  Epoch 002 [ 640/1443]  loss=0.1345  lr=7.33e-05
  Epoch 002 [ 660/1443]  loss=0.0921  lr=7.37e-05
  Epoch 002 [ 680/1443]  loss=0.1692  lr=7.41e-05
  Epoch 002 [ 700/1443]  loss=0.3957  lr=7.46e-05
  Epoch 002 [ 720/1443]  loss=0.5147  lr=7.50e-05
  Epoch 002 [ 740/1443]  loss=0.1430  lr=7.54e-05
  Epoch 002 [ 760/1443]  loss=0.0409  lr=7.58e-05
  Epoch 002 [ 780/1443]  loss=0.0841  lr=7.62e-05
  Epoch 002 [ 800/1443]  loss=0.3392  lr=7.66e-05
  Epoch 002 [ 820/1443]  loss=0.0929  lr=7.70e-05
  Epoch 002 [ 840/1443]  loss=0.1896  lr=7.75e-05
  Epoch 002 [ 860/1443]  loss=0.0689  lr=7.79e-05
  Epoch 002 [ 880/1443]  loss=0.0698  lr=7.83e-05
  Epoch 002 [ 900/1443]  loss=0.2446  lr=7.87e-05
  Epoch 002 [ 920/1443]  loss=0.1789  lr=7.91e-05
  Epoch 002 [ 940/1443]  loss=0.1035  lr=7.95e-05
  Epoch 002 [ 960/1443]  loss=0.1812  lr=8.00e-05
  Epoch 002 [ 980/1443]  loss=0.1067  lr=8.04e-05
  Epoch 002 [1000/1443]  loss=0.1814  lr=8.08e-05
  Epoch 002 [1020/1443]  loss=0.4037  lr=8.12e-05
  Epoch 002 [1040/1443]  loss=0.1995  lr=8.16e-05
  Epoch 002 [1060/1443]  loss=0.4175  lr=8.20e-05
  Epoch 002 [1080/1443]  loss=0.0779  lr=8.25e-05
  Epoch 002 [1100/1443]  loss=0.1067  lr=8.29e-05
  Epoch 002 [1120/1443]  loss=0.1496  lr=8.33e-05
  Epoch 002 [1140/1443]  loss=0.2039  lr=8.37e-05
  Epoch 002 [1160/1443]  loss=0.0902  lr=8.41e-05
  Epoch 002 [1180/1443]  loss=0.3013  lr=8.45e-05
  Epoch 002 [1200/1443]  loss=0.1598  lr=8.49e-05
  Epoch 002 [1220/1443]  loss=0.1997  lr=8.54e-05
  Epoch 002 [1240/1443]  loss=0.1624  lr=8.58e-05
  Epoch 002 [1260/1443]  loss=0.1984  lr=8.62e-05
  Epoch 002 [1280/1443]  loss=0.1615  lr=8.66e-05
  Epoch 002 [1300/1443]  loss=0.1075  lr=8.70e-05
  Epoch 002 [1320/1443]  loss=0.2010  lr=8.74e-05
  Epoch 002 [1340/1443]  loss=0.2027  lr=8.79e-05
  Epoch 002 [1360/1443]  loss=0.1969  lr=8.83e-05
  Epoch 002 [1380/1443]  loss=0.1427  lr=8.87e-05
  Epoch 002 [1400/1443]  loss=0.2207  lr=8.91e-05
  Epoch 002 [1420/1443]  loss=0.2182  lr=8.95e-05
  Epoch 002 [1440/1443]  loss=0.1277  lr=8.99e-05

Epoch 002 done | avg_loss=0.1911 | val_mse_norm=0.1121 (α=0.1650 ζ=0.0592) | time=292.8s
  Checkpoint saved → /scratch/va2661/data/active_matter/checkpoints/supervised/latest.pt
  Checkpoint saved → /scratch/va2661/data/active_matter/checkpoints/supervised/best.pt

  Epoch 003 [   0/1443]  loss=0.1006  lr=9.00e-05
  Epoch 003 [  20/1443]  loss=0.1248  lr=9.04e-05
  Epoch 003 [  40/1443]  loss=0.0959  lr=9.08e-05
  Epoch 003 [  60/1443]  loss=0.2483  lr=9.12e-05
  Epoch 003 [  80/1443]  loss=0.0826  lr=9.17e-05
  Epoch 003 [ 100/1443]  loss=0.0877  lr=9.21e-05
  Epoch 003 [ 120/1443]  loss=0.1108  lr=9.25e-05
  Epoch 003 [ 140/1443]  loss=0.0597  lr=9.29e-05
  Epoch 003 [ 160/1443]  loss=0.0731  lr=9.33e-05
  Epoch 003 [ 180/1443]  loss=0.1408  lr=9.37e-05
  Epoch 003 [ 200/1443]  loss=0.2336  lr=9.42e-05
  Epoch 003 [ 220/1443]  loss=0.0812  lr=9.46e-05
  Epoch 003 [ 240/1443]  loss=0.1216  lr=9.50e-05
  Epoch 003 [ 260/1443]  loss=0.2343  lr=9.54e-05
  Epoch 003 [ 280/1443]  loss=0.2260  lr=9.58e-05
  Epoch 003 [ 300/1443]  loss=0.4057  lr=9.62e-05
  Epoch 003 [ 320/1443]  loss=0.1129  lr=9.67e-05
  Epoch 003 [ 340/1443]  loss=0.1290  lr=9.71e-05
  Epoch 003 [ 360/1443]  loss=0.2093  lr=9.75e-05
  Epoch 003 [ 380/1443]  loss=0.1188  lr=9.79e-05
  Epoch 003 [ 400/1443]  loss=0.0506  lr=9.83e-05
  Epoch 003 [ 420/1443]  loss=0.2560  lr=9.87e-05
  Epoch 003 [ 440/1443]  loss=0.3004  lr=9.91e-05
  Epoch 003 [ 460/1443]  loss=0.2918  lr=9.96e-05
  Epoch 003 [ 480/1443]  loss=0.2140  lr=1.00e-04
  Epoch 003 [ 500/1443]  loss=0.1481  lr=1.00e-04
  Epoch 003 [ 520/1443]  loss=0.0787  lr=1.01e-04
  Epoch 003 [ 540/1443]  loss=0.1221  lr=1.01e-04
  Epoch 003 [ 560/1443]  loss=0.0497  lr=1.02e-04
  Epoch 003 [ 580/1443]  loss=0.1876  lr=1.02e-04
  Epoch 003 [ 600/1443]  loss=0.0483  lr=1.02e-04
  Epoch 003 [ 620/1443]  loss=0.1122  lr=1.03e-04
  Epoch 003 [ 640/1443]  loss=0.1114  lr=1.03e-04
  Epoch 003 [ 660/1443]  loss=0.1942  lr=1.04e-04
  Epoch 003 [ 680/1443]  loss=0.0832  lr=1.04e-04
  Epoch 003 [ 700/1443]  loss=0.2075  lr=1.05e-04
  Epoch 003 [ 720/1443]  loss=0.2066  lr=1.05e-04
  Epoch 003 [ 740/1443]  loss=0.1813  lr=1.05e-04
  Epoch 003 [ 760/1443]  loss=0.1467  lr=1.06e-04
  Epoch 003 [ 780/1443]  loss=0.0775  lr=1.06e-04
  Epoch 003 [ 800/1443]  loss=0.2121  lr=1.07e-04
  Epoch 003 [ 820/1443]  loss=0.1333  lr=1.07e-04
  Epoch 003 [ 840/1443]  loss=0.1239  lr=1.07e-04
  Epoch 003 [ 860/1443]  loss=0.2139  lr=1.08e-04
  Epoch 003 [ 880/1443]  loss=0.0310  lr=1.08e-04
  Epoch 003 [ 900/1443]  loss=0.1612  lr=1.09e-04
  Epoch 003 [ 920/1443]  loss=0.1099  lr=1.09e-04
  Epoch 003 [ 940/1443]  loss=0.0962  lr=1.10e-04
  Epoch 003 [ 960/1443]  loss=0.1988  lr=1.10e-04
  Epoch 003 [ 980/1443]  loss=0.1662  lr=1.10e-04
  Epoch 003 [1000/1443]  loss=0.0770  lr=1.11e-04
  Epoch 003 [1020/1443]  loss=0.1435  lr=1.11e-04
  Epoch 003 [1040/1443]  loss=0.0488  lr=1.12e-04
  Epoch 003 [1060/1443]  loss=0.2030  lr=1.12e-04
  Epoch 003 [1080/1443]  loss=0.0573  lr=1.12e-04
  Epoch 003 [1100/1443]  loss=0.1147  lr=1.13e-04
  Epoch 003 [1120/1443]  loss=0.1120  lr=1.13e-04
  Epoch 003 [1140/1443]  loss=0.3031  lr=1.14e-04
  Epoch 003 [1160/1443]  loss=0.0778  lr=1.14e-04
  Epoch 003 [1180/1443]  loss=0.1791  lr=1.15e-04
  Epoch 003 [1200/1443]  loss=0.0348  lr=1.15e-04
  Epoch 003 [1220/1443]  loss=0.0964  lr=1.15e-04
  Epoch 003 [1240/1443]  loss=0.2716  lr=1.16e-04
  Epoch 003 [1260/1443]  loss=0.0772  lr=1.16e-04
  Epoch 003 [1280/1443]  loss=0.1048  lr=1.17e-04
  Epoch 003 [1300/1443]  loss=0.4056  lr=1.17e-04
  Epoch 003 [1320/1443]  loss=0.1513  lr=1.17e-04
  Epoch 003 [1340/1443]  loss=0.1002  lr=1.18e-04
  Epoch 003 [1360/1443]  loss=0.0882  lr=1.18e-04
  Epoch 003 [1380/1443]  loss=0.0915  lr=1.19e-04
  Epoch 003 [1400/1443]  loss=0.2059  lr=1.19e-04
  Epoch 003 [1420/1443]  loss=0.1179  lr=1.20e-04
  Epoch 003 [1440/1443]  loss=0.0945  lr=1.20e-04

Epoch 003 done | avg_loss=0.1632 | val_mse_norm=0.1227 (α=0.1745 ζ=0.0709) | time=293.0s
  Checkpoint saved → /scratch/va2661/data/active_matter/checkpoints/supervised/latest.pt

  Epoch 004 [   0/1443]  loss=0.0522  lr=1.20e-04
  Epoch 004 [  20/1443]  loss=0.3384  lr=1.20e-04
  Epoch 004 [  40/1443]  loss=0.1089  lr=1.21e-04
  Epoch 004 [  60/1443]  loss=0.0948  lr=1.21e-04
  Epoch 004 [  80/1443]  loss=0.1437  lr=1.22e-04
  Epoch 004 [ 100/1443]  loss=0.0730  lr=1.22e-04
  Epoch 004 [ 120/1443]  loss=0.1120  lr=1.22e-04
  Epoch 004 [ 140/1443]  loss=0.0358  lr=1.23e-04
  Epoch 004 [ 160/1443]  loss=0.1252  lr=1.23e-04
  Epoch 004 [ 180/1443]  loss=0.1448  lr=1.24e-04
  Epoch 004 [ 200/1443]  loss=0.0546  lr=1.24e-04
  Epoch 004 [ 220/1443]  loss=0.2176  lr=1.25e-04
  Epoch 004 [ 240/1443]  loss=0.1919  lr=1.25e-04
  Epoch 004 [ 260/1443]  loss=0.1150  lr=1.25e-04
  Epoch 004 [ 280/1443]  loss=0.0650  lr=1.26e-04
  Epoch 004 [ 300/1443]  loss=0.1151  lr=1.26e-04
  Epoch 004 [ 320/1443]  loss=0.0422  lr=1.27e-04
  Epoch 004 [ 340/1443]  loss=0.3054  lr=1.27e-04
  Epoch 004 [ 360/1443]  loss=0.1325  lr=1.27e-04
  Epoch 004 [ 380/1443]  loss=0.0697  lr=1.28e-04
  Epoch 004 [ 400/1443]  loss=0.0336  lr=1.28e-04
  Epoch 004 [ 420/1443]  loss=0.2918  lr=1.29e-04
  Epoch 004 [ 440/1443]  loss=0.0485  lr=1.29e-04
  Epoch 004 [ 460/1443]  loss=0.2401  lr=1.30e-04
  Epoch 004 [ 480/1443]  loss=0.1389  lr=1.30e-04
  Epoch 004 [ 500/1443]  loss=0.1465  lr=1.30e-04
  Epoch 004 [ 520/1443]  loss=0.1292  lr=1.31e-04
  Epoch 004 [ 540/1443]  loss=0.1574  lr=1.31e-04
  Epoch 004 [ 560/1443]  loss=0.1396  lr=1.32e-04
  Epoch 004 [ 580/1443]  loss=0.1210  lr=1.32e-04
  Epoch 004 [ 600/1443]  loss=0.2331  lr=1.32e-04
  Epoch 004 [ 620/1443]  loss=0.0857  lr=1.33e-04
  Epoch 004 [ 640/1443]  loss=0.7092  lr=1.33e-04
  Epoch 004 [ 660/1443]  loss=0.1810  lr=1.34e-04
  Epoch 004 [ 680/1443]  loss=0.2051  lr=1.34e-04
  Epoch 004 [ 700/1443]  loss=0.0903  lr=1.35e-04
  Epoch 004 [ 720/1443]  loss=0.2735  lr=1.35e-04
  Epoch 004 [ 740/1443]  loss=0.3262  lr=1.35e-04
  Epoch 004 [ 760/1443]  loss=0.0428  lr=1.36e-04
  Epoch 004 [ 780/1443]  loss=0.1094  lr=1.36e-04
  Epoch 004 [ 800/1443]  loss=0.1273  lr=1.37e-04
  Epoch 004 [ 820/1443]  loss=0.1716  lr=1.37e-04
  Epoch 004 [ 840/1443]  loss=0.2082  lr=1.37e-04
  Epoch 004 [ 860/1443]  loss=0.1214  lr=1.38e-04
  Epoch 004 [ 880/1443]  loss=0.0584  lr=1.38e-04
  Epoch 004 [ 900/1443]  loss=0.0765  lr=1.39e-04
  Epoch 004 [ 920/1443]  loss=0.1194  lr=1.39e-04
  Epoch 004 [ 940/1443]  loss=0.0931  lr=1.40e-04
  Epoch 004 [ 960/1443]  loss=0.1461  lr=1.40e-04
  Epoch 004 [ 980/1443]  loss=0.1346  lr=1.40e-04
  Epoch 004 [1000/1443]  loss=0.0827  lr=1.41e-04
  Epoch 004 [1020/1443]  loss=0.1733  lr=1.41e-04
  Epoch 004 [1040/1443]  loss=0.2773  lr=1.42e-04
  Epoch 004 [1060/1443]  loss=0.1414  lr=1.42e-04
  Epoch 004 [1080/1443]  loss=0.2817  lr=1.42e-04
  Epoch 004 [1100/1443]  loss=0.1990  lr=1.43e-04
  Epoch 004 [1120/1443]  loss=0.1071  lr=1.43e-04
  Epoch 004 [1140/1443]  loss=0.2568  lr=1.44e-04
  Epoch 004 [1160/1443]  loss=0.1471  lr=1.44e-04
  Epoch 004 [1180/1443]  loss=0.0926  lr=1.45e-04
  Epoch 004 [1200/1443]  loss=0.0456  lr=1.45e-04
  Epoch 004 [1220/1443]  loss=0.1515  lr=1.45e-04
  Epoch 004 [1240/1443]  loss=0.0908  lr=1.46e-04
  Epoch 004 [1260/1443]  loss=0.1500  lr=1.46e-04
  Epoch 004 [1280/1443]  loss=0.2482  lr=1.47e-04
  Epoch 004 [1300/1443]  loss=0.1896  lr=1.47e-04
  Epoch 004 [1320/1443]  loss=0.1739  lr=1.47e-04
  Epoch 004 [1340/1443]  loss=0.3263  lr=1.48e-04
  Epoch 004 [1360/1443]  loss=0.2812  lr=1.48e-04
  Epoch 004 [1380/1443]  loss=0.1429  lr=1.49e-04
  Epoch 004 [1400/1443]  loss=0.0542  lr=1.49e-04
  Epoch 004 [1420/1443]  loss=0.1726  lr=1.50e-04
  Epoch 004 [1440/1443]  loss=0.0842  lr=1.50e-04

Epoch 004 done | avg_loss=0.1405 | val_mse_norm=0.0762 (α=0.0926 ζ=0.0598) | time=293.5s
  Checkpoint saved → /scratch/va2661/data/active_matter/checkpoints/supervised/latest.pt
  Checkpoint saved → /scratch/va2661/data/active_matter/checkpoints/supervised/best.pt

  Epoch 005 [   0/1443]  loss=0.1772  lr=1.50e-04
  Epoch 005 [  20/1443]  loss=0.1134  lr=1.50e-04
  Epoch 005 [  40/1443]  loss=0.1566  lr=1.51e-04
  Epoch 005 [  60/1443]  loss=0.0308  lr=1.51e-04
  Epoch 005 [  80/1443]  loss=0.0769  lr=1.52e-04
  Epoch 005 [ 100/1443]  loss=0.1335  lr=1.52e-04
  Epoch 005 [ 120/1443]  loss=0.2462  lr=1.52e-04
  Epoch 005 [ 140/1443]  loss=0.1193  lr=1.53e-04
  Epoch 005 [ 160/1443]  loss=0.0787  lr=1.53e-04
  Epoch 005 [ 180/1443]  loss=0.2483  lr=1.54e-04
  Epoch 005 [ 200/1443]  loss=0.2388  lr=1.54e-04
  Epoch 005 [ 220/1443]  loss=0.2452  lr=1.55e-04
  Epoch 005 [ 240/1443]  loss=0.0823  lr=1.55e-04
  Epoch 005 [ 260/1443]  loss=0.0546  lr=1.55e-04
  Epoch 005 [ 280/1443]  loss=0.0445  lr=1.56e-04
  Epoch 005 [ 300/1443]  loss=0.0962  lr=1.56e-04
  Epoch 005 [ 320/1443]  loss=0.1312  lr=1.57e-04
  Epoch 005 [ 340/1443]  loss=0.2003  lr=1.57e-04
  Epoch 005 [ 360/1443]  loss=0.1120  lr=1.57e-04
  Epoch 005 [ 380/1443]  loss=0.0729  lr=1.58e-04
  Epoch 005 [ 400/1443]  loss=0.0769  lr=1.58e-04
  Epoch 005 [ 420/1443]  loss=0.3255  lr=1.59e-04
  Epoch 005 [ 440/1443]  loss=0.2646  lr=1.59e-04
  Epoch 005 [ 460/1443]  loss=0.1470  lr=1.60e-04
  Epoch 005 [ 480/1443]  loss=0.2080  lr=1.60e-04
  Epoch 005 [ 500/1443]  loss=0.0443  lr=1.60e-04
  Epoch 005 [ 520/1443]  loss=0.0438  lr=1.61e-04
  Epoch 005 [ 540/1443]  loss=0.0843  lr=1.61e-04
  Epoch 005 [ 560/1443]  loss=0.1790  lr=1.62e-04
  Epoch 005 [ 580/1443]  loss=0.0931  lr=1.62e-04
  Epoch 005 [ 600/1443]  loss=0.0769  lr=1.62e-04
  Epoch 005 [ 620/1443]  loss=0.1845  lr=1.63e-04
  Epoch 005 [ 640/1443]  loss=0.0596  lr=1.63e-04
  Epoch 005 [ 660/1443]  loss=0.1140  lr=1.64e-04
  Epoch 005 [ 680/1443]  loss=0.0853  lr=1.64e-04
  Epoch 005 [ 700/1443]  loss=0.1103  lr=1.65e-04
  Epoch 005 [ 720/1443]  loss=0.0960  lr=1.65e-04
  Epoch 005 [ 740/1443]  loss=0.0521  lr=1.65e-04
  Epoch 005 [ 760/1443]  loss=0.3785  lr=1.66e-04
  Epoch 005 [ 780/1443]  loss=0.2183  lr=1.66e-04
  Epoch 005 [ 800/1443]  loss=0.0548  lr=1.67e-04
  Epoch 005 [ 820/1443]  loss=0.0790  lr=1.67e-04
  Epoch 005 [ 840/1443]  loss=0.1482  lr=1.67e-04
  Epoch 005 [ 860/1443]  loss=0.0604  lr=1.68e-04
  Epoch 005 [ 880/1443]  loss=0.1079  lr=1.68e-04
  Epoch 005 [ 900/1443]  loss=0.0811  lr=1.69e-04
  Epoch 005 [ 920/1443]  loss=0.0956  lr=1.69e-04
  Epoch 005 [ 940/1443]  loss=0.2041  lr=1.70e-04
  Epoch 005 [ 960/1443]  loss=0.1303  lr=1.70e-04
  Epoch 005 [ 980/1443]  loss=0.0621  lr=1.70e-04
  Epoch 005 [1000/1443]  loss=0.1414  lr=1.71e-04
  Epoch 005 [1020/1443]  loss=0.0634  lr=1.71e-04
  Epoch 005 [1040/1443]  loss=0.1965  lr=1.72e-04
  Epoch 005 [1060/1443]  loss=0.1389  lr=1.72e-04
  Epoch 005 [1080/1443]  loss=0.0657  lr=1.72e-04
  Epoch 005 [1100/1443]  loss=0.2132  lr=1.73e-04
  Epoch 005 [1120/1443]  loss=0.0817  lr=1.73e-04
  Epoch 005 [1140/1443]  loss=0.0738  lr=1.74e-04
  Epoch 005 [1160/1443]  loss=0.1244  lr=1.74e-04
  Epoch 005 [1180/1443]  loss=0.0556  lr=1.75e-04
  Epoch 005 [1200/1443]  loss=0.2767  lr=1.75e-04
  Epoch 005 [1220/1443]  loss=0.1566  lr=1.75e-04
  Epoch 005 [1240/1443]  loss=0.0931  lr=1.76e-04
  Epoch 005 [1260/1443]  loss=0.1661  lr=1.76e-04
  Epoch 005 [1280/1443]  loss=0.1068  lr=1.77e-04
  Epoch 005 [1300/1443]  loss=0.2151  lr=1.77e-04
  Epoch 005 [1320/1443]  loss=0.0869  lr=1.77e-04
  Epoch 005 [1340/1443]  loss=0.0919  lr=1.78e-04
  Epoch 005 [1360/1443]  loss=0.0383  lr=1.78e-04
  Epoch 005 [1380/1443]  loss=0.1307  lr=1.79e-04
  Epoch 005 [1400/1443]  loss=0.0485  lr=1.79e-04
  Epoch 005 [1420/1443]  loss=0.0998  lr=1.80e-04
  Epoch 005 [1440/1443]  loss=0.1934  lr=1.80e-04

Epoch 005 done | avg_loss=0.1294 | val_mse_norm=0.0819 (α=0.1104 ζ=0.0534) | time=293.9s
  Checkpoint saved → /scratch/va2661/data/active_matter/checkpoints/supervised/latest.pt

  Epoch 006 [   0/1443]  loss=0.0731  lr=1.80e-04
  Epoch 006 [  20/1443]  loss=0.0684  lr=1.80e-04
  Epoch 006 [  40/1443]  loss=0.1410  lr=1.81e-04
  Epoch 006 [  60/1443]  loss=0.1950  lr=1.81e-04
  Epoch 006 [  80/1443]  loss=0.1844  lr=1.82e-04
  Epoch 006 [ 100/1443]  loss=0.2968  lr=1.82e-04
  Epoch 006 [ 120/1443]  loss=0.0581  lr=1.82e-04
  Epoch 006 [ 140/1443]  loss=0.0266  lr=1.83e-04
  Epoch 006 [ 160/1443]  loss=0.0885  lr=1.83e-04
  Epoch 006 [ 180/1443]  loss=0.0781  lr=1.84e-04
  Epoch 006 [ 200/1443]  loss=0.0960  lr=1.84e-04
  Epoch 006 [ 220/1443]  loss=0.0318  lr=1.85e-04
  Epoch 006 [ 240/1443]  loss=0.0998  lr=1.85e-04
  Epoch 006 [ 260/1443]  loss=0.0949  lr=1.85e-04
  Epoch 006 [ 280/1443]  loss=0.1060  lr=1.86e-04
  Epoch 006 [ 300/1443]  loss=0.1956  lr=1.86e-04
  Epoch 006 [ 320/1443]  loss=0.1362  lr=1.87e-04
  Epoch 006 [ 340/1443]  loss=0.0863  lr=1.87e-04
  Epoch 006 [ 360/1443]  loss=0.0899  lr=1.87e-04
  Epoch 006 [ 380/1443]  loss=0.0642  lr=1.88e-04
  Epoch 006 [ 400/1443]  loss=0.0729  lr=1.88e-04
  Epoch 006 [ 420/1443]  loss=0.1393  lr=1.89e-04
  Epoch 006 [ 440/1443]  loss=0.0794  lr=1.89e-04
  Epoch 006 [ 460/1443]  loss=0.1648  lr=1.90e-04
  Epoch 006 [ 480/1443]  loss=0.0608  lr=1.90e-04
  Epoch 006 [ 500/1443]  loss=0.1263  lr=1.90e-04
  Epoch 006 [ 520/1443]  loss=0.1305  lr=1.91e-04
  Epoch 006 [ 540/1443]  loss=0.6297  lr=1.91e-04
  Epoch 006 [ 560/1443]  loss=0.1285  lr=1.92e-04
  Epoch 006 [ 580/1443]  loss=0.1218  lr=1.92e-04
  Epoch 006 [ 600/1443]  loss=0.2110  lr=1.92e-04
  Epoch 006 [ 620/1443]  loss=0.2324  lr=1.93e-04
  Epoch 006 [ 640/1443]  loss=0.1901  lr=1.93e-04
  Epoch 006 [ 660/1443]  loss=0.1275  lr=1.94e-04
  Epoch 006 [ 680/1443]  loss=0.1012  lr=1.94e-04
  Epoch 006 [ 700/1443]  loss=0.1938  lr=1.95e-04
  Epoch 006 [ 720/1443]  loss=0.1164  lr=1.95e-04
  Epoch 006 [ 740/1443]  loss=0.1170  lr=1.95e-04
  Epoch 006 [ 760/1443]  loss=0.1606  lr=1.96e-04
  Epoch 006 [ 780/1443]  loss=0.1954  lr=1.96e-04
  Epoch 006 [ 800/1443]  loss=0.0769  lr=1.97e-04
  Epoch 006 [ 820/1443]  loss=0.1030  lr=1.97e-04
  Epoch 006 [ 840/1443]  loss=0.2121  lr=1.97e-04
  Epoch 006 [ 860/1443]  loss=0.1807  lr=1.98e-04
  Epoch 006 [ 880/1443]  loss=0.2227  lr=1.98e-04
  Epoch 006 [ 900/1443]  loss=0.2193  lr=1.99e-04
  Epoch 006 [ 920/1443]  loss=0.0675  lr=1.99e-04
  Epoch 006 [ 940/1443]  loss=0.0714  lr=2.00e-04
  Epoch 006 [ 960/1443]  loss=0.1145  lr=2.00e-04
  Epoch 006 [ 980/1443]  loss=0.0422  lr=2.00e-04
  Epoch 006 [1000/1443]  loss=0.0259  lr=2.01e-04
  Epoch 006 [1020/1443]  loss=0.0888  lr=2.01e-04
  Epoch 006 [1040/1443]  loss=0.1409  lr=2.02e-04
  Epoch 006 [1060/1443]  loss=0.1346  lr=2.02e-04
  Epoch 006 [1080/1443]  loss=0.0467  lr=2.02e-04
  Epoch 006 [1100/1443]  loss=0.1232  lr=2.03e-04
  Epoch 006 [1120/1443]  loss=0.1474  lr=2.03e-04
  Epoch 006 [1140/1443]  loss=0.0726  lr=2.04e-04
  Epoch 006 [1160/1443]  loss=0.0974  lr=2.04e-04
  Epoch 006 [1180/1443]  loss=0.3022  lr=2.05e-04
  Epoch 006 [1200/1443]  loss=0.1281  lr=2.05e-04
  Epoch 006 [1220/1443]  loss=0.1396  lr=2.05e-04
  Epoch 006 [1240/1443]  loss=0.0526  lr=2.06e-04
  Epoch 006 [1260/1443]  loss=0.1078  lr=2.06e-04
  Epoch 006 [1280/1443]  loss=0.0506  lr=2.07e-04
  Epoch 006 [1300/1443]  loss=0.0770  lr=2.07e-04
  Epoch 006 [1320/1443]  loss=0.6486  lr=2.07e-04
  Epoch 006 [1340/1443]  loss=0.0515  lr=2.08e-04
  Epoch 006 [1360/1443]  loss=0.0432  lr=2.08e-04
  Epoch 006 [1380/1443]  loss=0.1052  lr=2.09e-04
  Epoch 006 [1400/1443]  loss=0.1177  lr=2.09e-04
  Epoch 006 [1420/1443]  loss=0.0567  lr=2.10e-04
  Epoch 006 [1440/1443]  loss=0.0593  lr=2.10e-04

Epoch 006 done | avg_loss=0.1194 | val_mse_norm=0.1534 (α=0.1152 ζ=0.1915) | time=295.5s
  Checkpoint saved → /scratch/va2661/data/active_matter/checkpoints/supervised/latest.pt

  Epoch 007 [   0/1443]  loss=0.1428  lr=2.10e-04
  Epoch 007 [  20/1443]  loss=0.1885  lr=2.10e-04
  Epoch 007 [  40/1443]  loss=0.1138  lr=2.11e-04
  Epoch 007 [  60/1443]  loss=0.0428  lr=2.11e-04
  Epoch 007 [  80/1443]  loss=0.0640  lr=2.12e-04
  Epoch 007 [ 100/1443]  loss=0.0325  lr=2.12e-04
  Epoch 007 [ 120/1443]  loss=0.1217  lr=2.12e-04
  Epoch 007 [ 140/1443]  loss=0.0723  lr=2.13e-04
  Epoch 007 [ 160/1443]  loss=0.3206  lr=2.13e-04
  Epoch 007 [ 180/1443]  loss=0.2176  lr=2.14e-04
  Epoch 007 [ 200/1443]  loss=0.1176  lr=2.14e-04
  Epoch 007 [ 220/1443]  loss=0.0622  lr=2.15e-04
  Epoch 007 [ 240/1443]  loss=0.1133  lr=2.15e-04
  Epoch 007 [ 260/1443]  loss=0.1395  lr=2.15e-04
  Epoch 007 [ 280/1443]  loss=0.1219  lr=2.16e-04
  Epoch 007 [ 300/1443]  loss=0.1614  lr=2.16e-04
  Epoch 007 [ 320/1443]  loss=0.0505  lr=2.17e-04
  Epoch 007 [ 340/1443]  loss=0.1049  lr=2.17e-04
  Epoch 007 [ 360/1443]  loss=0.1756  lr=2.17e-04
  Epoch 007 [ 380/1443]  loss=0.0428  lr=2.18e-04
  Epoch 007 [ 400/1443]  loss=0.1508  lr=2.18e-04
  Epoch 007 [ 420/1443]  loss=0.2680  lr=2.19e-04
  Epoch 007 [ 440/1443]  loss=0.1244  lr=2.19e-04
  Epoch 007 [ 460/1443]  loss=0.0404  lr=2.20e-04
  Epoch 007 [ 480/1443]  loss=0.0470  lr=2.20e-04
  Epoch 007 [ 500/1443]  loss=0.0623  lr=2.20e-04
  Epoch 007 [ 520/1443]  loss=0.0980  lr=2.21e-04
  Epoch 007 [ 540/1443]  loss=0.0374  lr=2.21e-04
  Epoch 007 [ 560/1443]  loss=0.0278  lr=2.22e-04
  Epoch 007 [ 580/1443]  loss=0.3776  lr=2.22e-04
  Epoch 007 [ 600/1443]  loss=0.1143  lr=2.22e-04
  Epoch 007 [ 620/1443]  loss=0.4048  lr=2.23e-04
  Epoch 007 [ 640/1443]  loss=0.0231  lr=2.23e-04
  Epoch 007 [ 660/1443]  loss=0.0620  lr=2.24e-04
  Epoch 007 [ 680/1443]  loss=0.1252  lr=2.24e-04
  Epoch 007 [ 700/1443]  loss=0.1654  lr=2.25e-04
  Epoch 007 [ 720/1443]  loss=0.1674  lr=2.25e-04
  Epoch 007 [ 740/1443]  loss=0.0785  lr=2.25e-04
  Epoch 007 [ 760/1443]  loss=0.0984  lr=2.26e-04
  Epoch 007 [ 780/1443]  loss=0.2303  lr=2.26e-04
  Epoch 007 [ 800/1443]  loss=0.1271  lr=2.27e-04
  Epoch 007 [ 820/1443]  loss=0.0871  lr=2.27e-04
  Epoch 007 [ 840/1443]  loss=0.0926  lr=2.27e-04
  Epoch 007 [ 860/1443]  loss=0.0538  lr=2.28e-04
  Epoch 007 [ 880/1443]  loss=0.1245  lr=2.28e-04
  Epoch 007 [ 900/1443]  loss=0.1045  lr=2.29e-04
  Epoch 007 [ 920/1443]  loss=0.1522  lr=2.29e-04
  Epoch 007 [ 940/1443]  loss=0.1814  lr=2.30e-04
  Epoch 007 [ 960/1443]  loss=0.1862  lr=2.30e-04
  Epoch 007 [ 980/1443]  loss=0.0547  lr=2.30e-04
  Epoch 007 [1000/1443]  loss=0.0848  lr=2.31e-04
  Epoch 007 [1020/1443]  loss=0.0987  lr=2.31e-04
  Epoch 007 [1040/1443]  loss=0.0728  lr=2.32e-04
  Epoch 007 [1060/1443]  loss=0.0461  lr=2.32e-04
  Epoch 007 [1080/1443]  loss=0.0600  lr=2.32e-04
  Epoch 007 [1100/1443]  loss=0.1698  lr=2.33e-04
  Epoch 007 [1120/1443]  loss=0.1025  lr=2.33e-04
  Epoch 007 [1140/1443]  loss=0.0947  lr=2.34e-04
  Epoch 007 [1160/1443]  loss=0.0723  lr=2.34e-04
  Epoch 007 [1180/1443]  loss=0.0428  lr=2.35e-04
  Epoch 007 [1200/1443]  loss=0.0525  lr=2.35e-04
  Epoch 007 [1220/1443]  loss=0.0692  lr=2.35e-04
  Epoch 007 [1240/1443]  loss=0.2013  lr=2.36e-04
  Epoch 007 [1260/1443]  loss=0.0851  lr=2.36e-04
  Epoch 007 [1280/1443]  loss=0.1439  lr=2.37e-04
  Epoch 007 [1300/1443]  loss=0.1310  lr=2.37e-04
  Epoch 007 [1320/1443]  loss=0.0725  lr=2.37e-04
  Epoch 007 [1340/1443]  loss=0.0789  lr=2.38e-04
  Epoch 007 [1360/1443]  loss=0.0376  lr=2.38e-04
  Epoch 007 [1380/1443]  loss=0.1134  lr=2.39e-04
  Epoch 007 [1400/1443]  loss=0.0438  lr=2.39e-04
  Epoch 007 [1420/1443]  loss=0.0967  lr=2.40e-04
  Epoch 007 [1440/1443]  loss=0.1298  lr=2.40e-04

Epoch 007 done | avg_loss=0.1173 | val_mse_norm=0.1246 (α=0.2390 ζ=0.0101) | time=292.7s
  Checkpoint saved → /scratch/va2661/data/active_matter/checkpoints/supervised/latest.pt

  Epoch 008 [   0/1443]  loss=0.1215  lr=2.40e-04
  Epoch 008 [  20/1443]  loss=0.0267  lr=2.40e-04
  Epoch 008 [  40/1443]  loss=0.1258  lr=2.41e-04
  Epoch 008 [  60/1443]  loss=0.0712  lr=2.41e-04
  Epoch 008 [  80/1443]  loss=0.0897  lr=2.42e-04
  Epoch 008 [ 100/1443]  loss=0.1381  lr=2.42e-04
  Epoch 008 [ 120/1443]  loss=0.1113  lr=2.42e-04
  Epoch 008 [ 140/1443]  loss=0.1034  lr=2.43e-04
  Epoch 008 [ 160/1443]  loss=0.0829  lr=2.43e-04
  Epoch 008 [ 180/1443]  loss=0.1122  lr=2.44e-04
  Epoch 008 [ 200/1443]  loss=0.0531  lr=2.44e-04
  Epoch 008 [ 220/1443]  loss=0.0787  lr=2.45e-04
  Epoch 008 [ 240/1443]  loss=0.0769  lr=2.45e-04
  Epoch 008 [ 260/1443]  loss=0.0606  lr=2.45e-04
  Epoch 008 [ 280/1443]  loss=0.0508  lr=2.46e-04
  Epoch 008 [ 300/1443]  loss=0.0469  lr=2.46e-04
  Epoch 008 [ 320/1443]  loss=0.0461  lr=2.47e-04
  Epoch 008 [ 340/1443]  loss=0.0869  lr=2.47e-04
  Epoch 008 [ 360/1443]  loss=0.0586  lr=2.47e-04
  Epoch 008 [ 380/1443]  loss=0.1267  lr=2.48e-04
  Epoch 008 [ 400/1443]  loss=0.0560  lr=2.48e-04
  Epoch 008 [ 420/1443]  loss=0.0910  lr=2.49e-04
  Epoch 008 [ 440/1443]  loss=0.0159  lr=2.49e-04
  Epoch 008 [ 460/1443]  loss=0.1115  lr=2.50e-04
  Epoch 008 [ 480/1443]  loss=0.0696  lr=2.50e-04
  Epoch 008 [ 500/1443]  loss=0.0721  lr=2.50e-04
  Epoch 008 [ 520/1443]  loss=0.1052  lr=2.51e-04
  Epoch 008 [ 540/1443]  loss=0.1904  lr=2.51e-04
  Epoch 008 [ 560/1443]  loss=0.0518  lr=2.52e-04
  Epoch 008 [ 580/1443]  loss=0.1687  lr=2.52e-04
  Epoch 008 [ 600/1443]  loss=0.0277  lr=2.52e-04
  Epoch 008 [ 620/1443]  loss=0.2530  lr=2.53e-04
  Epoch 008 [ 640/1443]  loss=0.0544  lr=2.53e-04
  Epoch 008 [ 660/1443]  loss=0.1415  lr=2.54e-04
  Epoch 008 [ 680/1443]  loss=0.0952  lr=2.54e-04
  Epoch 008 [ 700/1443]  loss=0.1156  lr=2.55e-04
  Epoch 008 [ 720/1443]  loss=0.1184  lr=2.55e-04
  Epoch 008 [ 740/1443]  loss=0.2065  lr=2.55e-04
  Epoch 008 [ 760/1443]  loss=0.1540  lr=2.56e-04
  Epoch 008 [ 780/1443]  loss=0.0853  lr=2.56e-04
  Epoch 008 [ 800/1443]  loss=0.1570  lr=2.57e-04
  Epoch 008 [ 820/1443]  loss=0.0924  lr=2.57e-04
  Epoch 008 [ 840/1443]  loss=0.1538  lr=2.57e-04
  Epoch 008 [ 860/1443]  loss=0.0481  lr=2.58e-04
  Epoch 008 [ 880/1443]  loss=0.1621  lr=2.58e-04
  Epoch 008 [ 900/1443]  loss=0.0915  lr=2.59e-04
  Epoch 008 [ 920/1443]  loss=0.0563  lr=2.59e-04
  Epoch 008 [ 940/1443]  loss=0.4493  lr=2.60e-04
  Epoch 008 [ 960/1443]  loss=0.1126  lr=2.60e-04
  Epoch 008 [ 980/1443]  loss=0.0489  lr=2.60e-04
  Epoch 008 [1000/1443]  loss=0.0566  lr=2.61e-04
  Epoch 008 [1020/1443]  loss=0.1182  lr=2.61e-04
  Epoch 008 [1040/1443]  loss=0.0330  lr=2.62e-04
  Epoch 008 [1060/1443]  loss=0.0758  lr=2.62e-04
  Epoch 008 [1080/1443]  loss=0.0868  lr=2.62e-04
  Epoch 008 [1100/1443]  loss=0.1456  lr=2.63e-04
  Epoch 008 [1120/1443]  loss=0.1192  lr=2.63e-04
  Epoch 008 [1140/1443]  loss=0.1730  lr=2.64e-04
  Epoch 008 [1160/1443]  loss=0.1403  lr=2.64e-04
  Epoch 008 [1180/1443]  loss=0.1469  lr=2.65e-04
  Epoch 008 [1200/1443]  loss=0.1094  lr=2.65e-04
  Epoch 008 [1220/1443]  loss=0.1018  lr=2.65e-04
  Epoch 008 [1240/1443]  loss=0.0956  lr=2.66e-04
  Epoch 008 [1260/1443]  loss=0.1018  lr=2.66e-04
  Epoch 008 [1280/1443]  loss=0.0901  lr=2.67e-04
  Epoch 008 [1300/1443]  loss=0.0473  lr=2.67e-04
  Epoch 008 [1320/1443]  loss=0.0702  lr=2.67e-04
  Epoch 008 [1340/1443]  loss=0.0772  lr=2.68e-04
  Epoch 008 [1360/1443]  loss=0.0705  lr=2.68e-04
  Epoch 008 [1380/1443]  loss=0.1416  lr=2.69e-04
  Epoch 008 [1400/1443]  loss=0.0410  lr=2.69e-04
  Epoch 008 [1420/1443]  loss=0.0348  lr=2.70e-04
  Epoch 008 [1440/1443]  loss=0.1485  lr=2.70e-04

Epoch 008 done | avg_loss=0.1140 | val_mse_norm=0.0655 (α=0.0329 ζ=0.0981) | time=293.4s
  Checkpoint saved → /scratch/va2661/data/active_matter/checkpoints/supervised/latest.pt
  Checkpoint saved → /scratch/va2661/data/active_matter/checkpoints/supervised/best.pt

  Epoch 009 [   0/1443]  loss=0.1624  lr=2.70e-04
  Epoch 009 [  20/1443]  loss=0.1784  lr=2.70e-04
  Epoch 009 [  40/1443]  loss=0.1536  lr=2.71e-04
  Epoch 009 [  60/1443]  loss=0.1567  lr=2.71e-04
  Epoch 009 [  80/1443]  loss=0.0483  lr=2.72e-04
  Epoch 009 [ 100/1443]  loss=0.1638  lr=2.72e-04
  Epoch 009 [ 120/1443]  loss=0.0797  lr=2.72e-04
  Epoch 009 [ 140/1443]  loss=0.1216  lr=2.73e-04
  Epoch 009 [ 160/1443]  loss=0.0600  lr=2.73e-04
  Epoch 009 [ 180/1443]  loss=0.1011  lr=2.74e-04
  Epoch 009 [ 200/1443]  loss=0.0391  lr=2.74e-04
  Epoch 009 [ 220/1443]  loss=0.0374  lr=2.75e-04
  Epoch 009 [ 240/1443]  loss=0.0604  lr=2.75e-04
  Epoch 009 [ 260/1443]  loss=0.0705  lr=2.75e-04
  Epoch 009 [ 280/1443]  loss=0.1170  lr=2.76e-04
  Epoch 009 [ 300/1443]  loss=0.0882  lr=2.76e-04
  Epoch 009 [ 320/1443]  loss=0.0407  lr=2.77e-04
  Epoch 009 [ 340/1443]  loss=0.0338  lr=2.77e-04
  Epoch 009 [ 360/1443]  loss=0.0902  lr=2.77e-04
  Epoch 009 [ 380/1443]  loss=0.0770  lr=2.78e-04
  Epoch 009 [ 400/1443]  loss=0.2023  lr=2.78e-04
  Epoch 009 [ 420/1443]  loss=0.0575  lr=2.79e-04
  Epoch 009 [ 440/1443]  loss=0.1693  lr=2.79e-04
  Epoch 009 [ 460/1443]  loss=0.0406  lr=2.80e-04
  Epoch 009 [ 480/1443]  loss=0.1153  lr=2.80e-04
  Epoch 009 [ 500/1443]  loss=0.0830  lr=2.80e-04
  Epoch 009 [ 520/1443]  loss=0.0515  lr=2.81e-04
  Epoch 009 [ 540/1443]  loss=0.0216  lr=2.81e-04
  Epoch 009 [ 560/1443]  loss=0.0736  lr=2.82e-04
  Epoch 009 [ 580/1443]  loss=0.1446  lr=2.82e-04
  Epoch 009 [ 600/1443]  loss=0.0385  lr=2.82e-04
  Epoch 009 [ 620/1443]  loss=0.1146  lr=2.83e-04
  Epoch 009 [ 640/1443]  loss=0.1064  lr=2.83e-04
  Epoch 009 [ 660/1443]  loss=0.0673  lr=2.84e-04
  Epoch 009 [ 680/1443]  loss=0.0427  lr=2.84e-04
  Epoch 009 [ 700/1443]  loss=0.1371  lr=2.85e-04
  Epoch 009 [ 720/1443]  loss=0.1265  lr=2.85e-04
  Epoch 009 [ 740/1443]  loss=0.3004  lr=2.85e-04
  Epoch 009 [ 760/1443]  loss=0.1024  lr=2.86e-04
  Epoch 009 [ 780/1443]  loss=0.0689  lr=2.86e-04
  Epoch 009 [ 800/1443]  loss=0.1214  lr=2.87e-04
  Epoch 009 [ 820/1443]  loss=0.1066  lr=2.87e-04
  Epoch 009 [ 840/1443]  loss=0.0307  lr=2.87e-04
  Epoch 009 [ 860/1443]  loss=0.0591  lr=2.88e-04
  Epoch 009 [ 880/1443]  loss=0.1901  lr=2.88e-04
  Epoch 009 [ 900/1443]  loss=0.0988  lr=2.89e-04
  Epoch 009 [ 920/1443]  loss=0.0946  lr=2.89e-04
  Epoch 009 [ 940/1443]  loss=0.1471  lr=2.90e-04
  Epoch 009 [ 960/1443]  loss=0.0853  lr=2.90e-04
  Epoch 009 [ 980/1443]  loss=0.1485  lr=2.90e-04
  Epoch 009 [1000/1443]  loss=0.0420  lr=2.91e-04
  Epoch 009 [1020/1443]  loss=0.0564  lr=2.91e-04
  Epoch 009 [1040/1443]  loss=0.0225  lr=2.92e-04
  Epoch 009 [1060/1443]  loss=0.0462  lr=2.92e-04
  Epoch 009 [1080/1443]  loss=0.0574  lr=2.92e-04
  Epoch 009 [1100/1443]  loss=0.2066  lr=2.93e-04
  Epoch 009 [1120/1443]  loss=0.0932  lr=2.93e-04
  Epoch 009 [1140/1443]  loss=0.1520  lr=2.94e-04
  Epoch 009 [1160/1443]  loss=0.2235  lr=2.94e-04
  Epoch 009 [1180/1443]  loss=0.0915  lr=2.95e-04
  Epoch 009 [1200/1443]  loss=0.1077  lr=2.95e-04
  Epoch 009 [1220/1443]  loss=0.0589  lr=2.95e-04
  Epoch 009 [1240/1443]  loss=0.0557  lr=2.96e-04
  Epoch 009 [1260/1443]  loss=0.0794  lr=2.96e-04
  Epoch 009 [1280/1443]  loss=0.4267  lr=2.97e-04
  Epoch 009 [1300/1443]  loss=0.0867  lr=2.97e-04
  Epoch 009 [1320/1443]  loss=0.0661  lr=2.97e-04
  Epoch 009 [1340/1443]  loss=0.1151  lr=2.98e-04
  Epoch 009 [1360/1443]  loss=0.1983  lr=2.98e-04
  Epoch 009 [1380/1443]  loss=0.2554  lr=2.99e-04
  Epoch 009 [1400/1443]  loss=0.0754  lr=2.99e-04
  Epoch 009 [1420/1443]  loss=0.0893  lr=3.00e-04
  Epoch 009 [1440/1443]  loss=0.0568  lr=3.00e-04

Epoch 009 done | avg_loss=0.1165 | val_mse_norm=0.1011 (α=0.1159 ζ=0.0863) | time=294.7s
  Checkpoint saved → /scratch/va2661/data/active_matter/checkpoints/supervised/latest.pt

  Epoch 010 [   0/1443]  loss=0.1264  lr=3.00e-04
  Epoch 010 [  20/1443]  loss=0.0920  lr=3.00e-04
  Epoch 010 [  40/1443]  loss=0.0509  lr=3.00e-04
  Epoch 010 [  60/1443]  loss=0.0962  lr=3.00e-04
  Epoch 010 [  80/1443]  loss=0.0287  lr=3.00e-04
  Epoch 010 [ 100/1443]  loss=0.1474  lr=3.00e-04
  Epoch 010 [ 120/1443]  loss=0.0678  lr=3.00e-04
  Epoch 010 [ 140/1443]  loss=0.1295  lr=3.00e-04
  Epoch 010 [ 160/1443]  loss=0.1260  lr=3.00e-04
  Epoch 010 [ 180/1443]  loss=0.1027  lr=3.00e-04
  Epoch 010 [ 200/1443]  loss=0.1574  lr=3.00e-04
  Epoch 010 [ 220/1443]  loss=0.1033  lr=3.00e-04
  Epoch 010 [ 240/1443]  loss=0.1038  lr=3.00e-04
  Epoch 010 [ 260/1443]  loss=0.1123  lr=3.00e-04
  Epoch 010 [ 280/1443]  loss=0.1125  lr=3.00e-04
  Epoch 010 [ 300/1443]  loss=0.0878  lr=3.00e-04
  Epoch 010 [ 320/1443]  loss=0.1122  lr=3.00e-04
  Epoch 010 [ 340/1443]  loss=0.0801  lr=3.00e-04
  Epoch 010 [ 360/1443]  loss=0.0712  lr=3.00e-04
  Epoch 010 [ 380/1443]  loss=0.0359  lr=3.00e-04
  Epoch 010 [ 400/1443]  loss=0.0959  lr=3.00e-04
  Epoch 010 [ 420/1443]  loss=0.1210  lr=3.00e-04
  Epoch 010 [ 440/1443]  loss=0.0498  lr=3.00e-04
  Epoch 010 [ 460/1443]  loss=0.0614  lr=3.00e-04
  Epoch 010 [ 480/1443]  loss=0.1334  lr=3.00e-04
  Epoch 010 [ 500/1443]  loss=0.1206  lr=3.00e-04
  Epoch 010 [ 520/1443]  loss=0.0552  lr=3.00e-04
  Epoch 010 [ 540/1443]  loss=0.0678  lr=3.00e-04
  Epoch 010 [ 560/1443]  loss=0.1340  lr=3.00e-04
  Epoch 010 [ 580/1443]  loss=0.0880  lr=3.00e-04
  Epoch 010 [ 600/1443]  loss=0.1202  lr=3.00e-04
  Epoch 010 [ 620/1443]  loss=0.0195  lr=3.00e-04
  Epoch 010 [ 640/1443]  loss=0.0623  lr=3.00e-04
  Epoch 010 [ 660/1443]  loss=0.1927  lr=3.00e-04
  Epoch 010 [ 680/1443]  loss=0.0499  lr=3.00e-04
  Epoch 010 [ 700/1443]  loss=0.0597  lr=3.00e-04
  Epoch 010 [ 720/1443]  loss=0.2963  lr=3.00e-04
  Epoch 010 [ 740/1443]  loss=0.0848  lr=3.00e-04
  Epoch 010 [ 760/1443]  loss=0.0549  lr=3.00e-04
  Epoch 010 [ 780/1443]  loss=0.0771  lr=3.00e-04
  Epoch 010 [ 800/1443]  loss=0.0971  lr=3.00e-04
  Epoch 010 [ 820/1443]  loss=0.0872  lr=3.00e-04
  Epoch 010 [ 840/1443]  loss=0.0593  lr=3.00e-04
  Epoch 010 [ 860/1443]  loss=0.0956  lr=3.00e-04
  Epoch 010 [ 880/1443]  loss=0.0983  lr=3.00e-04
  Epoch 010 [ 900/1443]  loss=0.2989  lr=3.00e-04
  Epoch 010 [ 920/1443]  loss=0.1336  lr=3.00e-04
  Epoch 010 [ 940/1443]  loss=0.0807  lr=3.00e-04
  Epoch 010 [ 960/1443]  loss=0.0502  lr=3.00e-04
  Epoch 010 [ 980/1443]  loss=0.1234  lr=3.00e-04
  Epoch 010 [1000/1443]  loss=0.0734  lr=3.00e-04
  Epoch 010 [1020/1443]  loss=0.1021  lr=3.00e-04
  Epoch 010 [1040/1443]  loss=0.0859  lr=3.00e-04
  Epoch 010 [1060/1443]  loss=0.1429  lr=3.00e-04
  Epoch 010 [1080/1443]  loss=0.1318  lr=3.00e-04
  Epoch 010 [1100/1443]  loss=0.2006  lr=3.00e-04
  Epoch 010 [1120/1443]  loss=0.0852  lr=3.00e-04
  Epoch 010 [1140/1443]  loss=0.1070  lr=3.00e-04
  Epoch 010 [1160/1443]  loss=0.0454  lr=3.00e-04
  Epoch 010 [1180/1443]  loss=0.0845  lr=3.00e-04
  Epoch 010 [1200/1443]  loss=0.2897  lr=3.00e-04
  Epoch 010 [1220/1443]  loss=0.1439  lr=3.00e-04
  Epoch 010 [1240/1443]  loss=0.0701  lr=3.00e-04
  Epoch 010 [1260/1443]  loss=0.1428  lr=3.00e-04
  Epoch 010 [1280/1443]  loss=0.1147  lr=3.00e-04
  Epoch 010 [1300/1443]  loss=0.0716  lr=3.00e-04
  Epoch 010 [1320/1443]  loss=0.1546  lr=3.00e-04
  Epoch 010 [1340/1443]  loss=0.0471  lr=3.00e-04
  Epoch 010 [1360/1443]  loss=0.0788  lr=3.00e-04
  Epoch 010 [1380/1443]  loss=0.0550  lr=3.00e-04
  Epoch 010 [1400/1443]  loss=0.0421  lr=3.00e-04
  Epoch 010 [1420/1443]  loss=0.0954  lr=3.00e-04
  Epoch 010 [1440/1443]  loss=0.0802  lr=3.00e-04

Epoch 010 done | avg_loss=0.1094 | val_mse_norm=0.0436 (α=0.0643 ζ=0.0230) | time=293.8s
  Checkpoint saved → /scratch/va2661/data/active_matter/checkpoints/supervised/latest.pt
  Checkpoint saved → /scratch/va2661/data/active_matter/checkpoints/supervised/best.pt
  Checkpoint saved → /scratch/va2661/data/active_matter/checkpoints/supervised/epoch_0010.pt

  Epoch 011 [   0/1443]  loss=0.1617  lr=3.00e-04
  Epoch 011 [  20/1443]  loss=0.0391  lr=3.00e-04
  Epoch 011 [  40/1443]  loss=0.0990  lr=3.00e-04
  Epoch 011 [  60/1443]  loss=0.0698  lr=3.00e-04
  Epoch 011 [  80/1443]  loss=0.0844  lr=3.00e-04
  Epoch 011 [ 100/1443]  loss=0.1688  lr=3.00e-04
  Epoch 011 [ 120/1443]  loss=0.0880  lr=3.00e-04
  Epoch 011 [ 140/1443]  loss=0.1093  lr=3.00e-04
  Epoch 011 [ 160/1443]  loss=0.0964  lr=3.00e-04
  Epoch 011 [ 180/1443]  loss=0.0610  lr=3.00e-04
  Epoch 011 [ 200/1443]  loss=0.0801  lr=3.00e-04
  Epoch 011 [ 220/1443]  loss=0.0343  lr=3.00e-04
  Epoch 011 [ 240/1443]  loss=0.0556  lr=3.00e-04
  Epoch 011 [ 260/1443]  loss=0.1059  lr=3.00e-04
  Epoch 011 [ 280/1443]  loss=0.0873  lr=3.00e-04
  Epoch 011 [ 300/1443]  loss=0.0981  lr=3.00e-04
  Epoch 011 [ 320/1443]  loss=0.0443  lr=3.00e-04
  Epoch 011 [ 340/1443]  loss=0.1250  lr=3.00e-04
  Epoch 011 [ 360/1443]  loss=0.1577  lr=3.00e-04
  Epoch 011 [ 380/1443]  loss=0.0859  lr=3.00e-04
  Epoch 011 [ 400/1443]  loss=0.0189  lr=3.00e-04
  Epoch 011 [ 420/1443]  loss=0.0631  lr=3.00e-04
  Epoch 011 [ 440/1443]  loss=0.0633  lr=3.00e-04
  Epoch 011 [ 460/1443]  loss=0.1175  lr=3.00e-04
  Epoch 011 [ 480/1443]  loss=0.0699  lr=3.00e-04
  Epoch 011 [ 500/1443]  loss=0.1380  lr=3.00e-04
  Epoch 011 [ 520/1443]  loss=0.0974  lr=3.00e-04
  Epoch 011 [ 540/1443]  loss=0.1075  lr=3.00e-04
  Epoch 011 [ 560/1443]  loss=0.0555  lr=3.00e-04
  Epoch 011 [ 580/1443]  loss=0.1395  lr=3.00e-04
  Epoch 011 [ 600/1443]  loss=0.0480  lr=3.00e-04
  Epoch 011 [ 620/1443]  loss=0.0582  lr=3.00e-04
  Epoch 011 [ 640/1443]  loss=0.0303  lr=3.00e-04
  Epoch 011 [ 660/1443]  loss=0.0562  lr=3.00e-04
  Epoch 011 [ 680/1443]  loss=0.0675  lr=3.00e-04
  Epoch 011 [ 700/1443]  loss=0.0874  lr=3.00e-04
  Epoch 011 [ 720/1443]  loss=0.0642  lr=3.00e-04
  Epoch 011 [ 740/1443]  loss=0.1114  lr=3.00e-04
  Epoch 011 [ 760/1443]  loss=0.1339  lr=3.00e-04
  Epoch 011 [ 780/1443]  loss=0.1293  lr=3.00e-04
  Epoch 011 [ 800/1443]  loss=0.0628  lr=3.00e-04
  Epoch 011 [ 820/1443]  loss=0.0445  lr=3.00e-04
  Epoch 011 [ 840/1443]  loss=0.1203  lr=3.00e-04
  Epoch 011 [ 860/1443]  loss=0.0208  lr=3.00e-04
  Epoch 011 [ 880/1443]  loss=0.0705  lr=3.00e-04
  Epoch 011 [ 900/1443]  loss=0.1337  lr=3.00e-04
  Epoch 011 [ 920/1443]  loss=0.0882  lr=3.00e-04
  Epoch 011 [ 940/1443]  loss=0.1251  lr=3.00e-04
  Epoch 011 [ 960/1443]  loss=0.0395  lr=3.00e-04
  Epoch 011 [ 980/1443]  loss=0.0727  lr=3.00e-04
  Epoch 011 [1000/1443]  loss=0.1702  lr=3.00e-04
  Epoch 011 [1020/1443]  loss=0.1548  lr=3.00e-04
  Epoch 011 [1040/1443]  loss=0.0808  lr=3.00e-04
  Epoch 011 [1060/1443]  loss=0.0720  lr=3.00e-04
  Epoch 011 [1080/1443]  loss=0.0531  lr=3.00e-04
  Epoch 011 [1100/1443]  loss=0.0623  lr=3.00e-04
  Epoch 011 [1120/1443]  loss=0.1387  lr=3.00e-04
  Epoch 011 [1140/1443]  loss=0.0768  lr=3.00e-04
  Epoch 011 [1160/1443]  loss=0.2718  lr=3.00e-04
  Epoch 011 [1180/1443]  loss=0.0981  lr=3.00e-04
  Epoch 011 [1200/1443]  loss=0.0598  lr=3.00e-04
  Epoch 011 [1220/1443]  loss=0.0632  lr=3.00e-04
  Epoch 011 [1240/1443]  loss=0.0691  lr=3.00e-04
  Epoch 011 [1260/1443]  loss=0.0481  lr=3.00e-04
  Epoch 011 [1280/1443]  loss=0.0784  lr=3.00e-04
  Epoch 011 [1300/1443]  loss=0.0640  lr=3.00e-04
  Epoch 011 [1320/1443]  loss=0.0633  lr=3.00e-04
  Epoch 011 [1340/1443]  loss=0.0304  lr=3.00e-04
  Epoch 011 [1360/1443]  loss=0.0805  lr=3.00e-04
  Epoch 011 [1380/1443]  loss=0.1224  lr=3.00e-04
  Epoch 011 [1400/1443]  loss=0.0885  lr=3.00e-04
  Epoch 011 [1420/1443]  loss=0.0890  lr=3.00e-04
  Epoch 011 [1440/1443]  loss=0.0505  lr=3.00e-04

Epoch 011 done | avg_loss=0.0913 | val_mse_norm=0.0439 (α=0.0756 ζ=0.0122) | time=293.0s
  Checkpoint saved → /scratch/va2661/data/active_matter/checkpoints/supervised/latest.pt

  Epoch 012 [   0/1443]  loss=0.0238  lr=3.00e-04
  Epoch 012 [  20/1443]  loss=0.0625  lr=3.00e-04
  Epoch 012 [  40/1443]  loss=0.1137  lr=3.00e-04
  Epoch 012 [  60/1443]  loss=0.0214  lr=3.00e-04
  Epoch 012 [  80/1443]  loss=0.0462  lr=3.00e-04
  Epoch 012 [ 100/1443]  loss=0.0989  lr=3.00e-04
  Epoch 012 [ 120/1443]  loss=0.0674  lr=3.00e-04
  Epoch 012 [ 140/1443]  loss=0.1187  lr=3.00e-04
  Epoch 012 [ 160/1443]  loss=0.1614  lr=3.00e-04
  Epoch 012 [ 180/1443]  loss=0.1344  lr=3.00e-04
  Epoch 012 [ 200/1443]  loss=0.0320  lr=3.00e-04
  Epoch 012 [ 220/1443]  loss=0.0714  lr=3.00e-04
  Epoch 012 [ 240/1443]  loss=0.0316  lr=3.00e-04
  Epoch 012 [ 260/1443]  loss=0.0439  lr=3.00e-04
  Epoch 012 [ 280/1443]  loss=0.0800  lr=3.00e-04
  Epoch 012 [ 300/1443]  loss=0.0426  lr=3.00e-04
  Epoch 012 [ 320/1443]  loss=0.0955  lr=3.00e-04
  Epoch 012 [ 340/1443]  loss=0.0848  lr=3.00e-04
  Epoch 012 [ 360/1443]  loss=0.0339  lr=3.00e-04
  Epoch 012 [ 380/1443]  loss=0.0838  lr=3.00e-04
  Epoch 012 [ 400/1443]  loss=0.0569  lr=3.00e-04
  Epoch 012 [ 420/1443]  loss=0.1109  lr=3.00e-04
  Epoch 012 [ 440/1443]  loss=0.0809  lr=3.00e-04
  Epoch 012 [ 460/1443]  loss=0.0692  lr=3.00e-04
  Epoch 012 [ 480/1443]  loss=0.1329  lr=3.00e-04
  Epoch 012 [ 500/1443]  loss=0.0636  lr=2.99e-04
  Epoch 012 [ 520/1443]  loss=0.0875  lr=2.99e-04
  Epoch 012 [ 540/1443]  loss=0.0716  lr=2.99e-04
  Epoch 012 [ 560/1443]  loss=0.0294  lr=2.99e-04
  Epoch 012 [ 580/1443]  loss=0.0837  lr=2.99e-04
  Epoch 012 [ 600/1443]  loss=0.0937  lr=2.99e-04
  Epoch 012 [ 620/1443]  loss=0.0550  lr=2.99e-04
  Epoch 012 [ 640/1443]  loss=0.1133  lr=2.99e-04
  Epoch 012 [ 660/1443]  loss=0.0568  lr=2.99e-04
  Epoch 012 [ 680/1443]  loss=0.0662  lr=2.99e-04
  Epoch 012 [ 700/1443]  loss=0.0307  lr=2.99e-04
  Epoch 012 [ 720/1443]  loss=0.0809  lr=2.99e-04
  Epoch 012 [ 740/1443]  loss=0.1357  lr=2.99e-04
  Epoch 012 [ 760/1443]  loss=0.0639  lr=2.99e-04
  Epoch 012 [ 780/1443]  loss=0.0759  lr=2.99e-04
  Epoch 012 [ 800/1443]  loss=0.0407  lr=2.99e-04
  Epoch 012 [ 820/1443]  loss=0.0484  lr=2.99e-04
  Epoch 012 [ 840/1443]  loss=0.0268  lr=2.99e-04
  Epoch 012 [ 860/1443]  loss=0.0577  lr=2.99e-04
  Epoch 012 [ 880/1443]  loss=0.1226  lr=2.99e-04
  Epoch 012 [ 900/1443]  loss=0.0397  lr=2.99e-04
  Epoch 012 [ 920/1443]  loss=0.0348  lr=2.99e-04
  Epoch 012 [ 940/1443]  loss=0.0647  lr=2.99e-04
  Epoch 012 [ 960/1443]  loss=0.0431  lr=2.99e-04
  Epoch 012 [ 980/1443]  loss=0.1478  lr=2.99e-04
  Epoch 012 [1000/1443]  loss=0.0594  lr=2.99e-04
  Epoch 012 [1020/1443]  loss=0.0549  lr=2.99e-04
  Epoch 012 [1040/1443]  loss=0.2386  lr=2.99e-04
  Epoch 012 [1060/1443]  loss=0.0315  lr=2.99e-04
  Epoch 012 [1080/1443]  loss=0.1825  lr=2.99e-04
  Epoch 012 [1100/1443]  loss=0.0805  lr=2.99e-04
  Epoch 012 [1120/1443]  loss=0.0765  lr=2.99e-04
  Epoch 012 [1140/1443]  loss=0.0639  lr=2.99e-04
  Epoch 012 [1160/1443]  loss=0.0306  lr=2.99e-04
  Epoch 012 [1180/1443]  loss=0.0338  lr=2.99e-04
  Epoch 012 [1200/1443]  loss=0.0771  lr=2.99e-04
  Epoch 012 [1220/1443]  loss=0.0780  lr=2.99e-04
  Epoch 012 [1240/1443]  loss=0.0322  lr=2.99e-04
  Epoch 012 [1260/1443]  loss=0.0672  lr=2.99e-04
  Epoch 012 [1280/1443]  loss=0.0382  lr=2.99e-04
  Epoch 012 [1300/1443]  loss=0.0925  lr=2.99e-04
  Epoch 012 [1320/1443]  loss=0.0568  lr=2.99e-04
  Epoch 012 [1340/1443]  loss=0.1446  lr=2.99e-04
  Epoch 012 [1360/1443]  loss=0.0736  lr=2.99e-04
  Epoch 012 [1380/1443]  loss=0.0692  lr=2.99e-04
  Epoch 012 [1400/1443]  loss=0.0537  lr=2.99e-04
  Epoch 012 [1420/1443]  loss=0.0850  lr=2.99e-04
  Epoch 012 [1440/1443]  loss=0.2030  lr=2.99e-04

Epoch 012 done | avg_loss=0.0859 | val_mse_norm=0.0540 (α=0.0892 ζ=0.0187) | time=293.4s
  Checkpoint saved → /scratch/va2661/data/active_matter/checkpoints/supervised/latest.pt

  Epoch 013 [   0/1443]  loss=0.0934  lr=2.99e-04
  Epoch 013 [  20/1443]  loss=0.0629  lr=2.99e-04
  Epoch 013 [  40/1443]  loss=0.0490  lr=2.99e-04
  Epoch 013 [  60/1443]  loss=0.1348  lr=2.99e-04
  Epoch 013 [  80/1443]  loss=0.1823  lr=2.99e-04
  Epoch 013 [ 100/1443]  loss=0.0670  lr=2.99e-04
  Epoch 013 [ 120/1443]  loss=0.0766  lr=2.99e-04
  Epoch 013 [ 140/1443]  loss=0.0606  lr=2.99e-04
  Epoch 013 [ 160/1443]  loss=0.0222  lr=2.99e-04
  Epoch 013 [ 180/1443]  loss=0.0371  lr=2.99e-04
  Epoch 013 [ 200/1443]  loss=0.0755  lr=2.99e-04
  Epoch 013 [ 220/1443]  loss=0.0756  lr=2.99e-04
  Epoch 013 [ 240/1443]  loss=0.0460  lr=2.99e-04
  Epoch 013 [ 260/1443]  loss=0.0318  lr=2.99e-04
  Epoch 013 [ 280/1443]  loss=0.0658  lr=2.99e-04
  Epoch 013 [ 300/1443]  loss=0.2352  lr=2.99e-04
  Epoch 013 [ 320/1443]  loss=0.0414  lr=2.99e-04
  Epoch 013 [ 340/1443]  loss=0.1526  lr=2.99e-04
  Epoch 013 [ 360/1443]  loss=0.0141  lr=2.99e-04
  Epoch 013 [ 380/1443]  loss=0.0647  lr=2.99e-04
  Epoch 013 [ 400/1443]  loss=0.0237  lr=2.99e-04
  Epoch 013 [ 420/1443]  loss=0.0708  lr=2.99e-04
  Epoch 013 [ 440/1443]  loss=0.1119  lr=2.99e-04
  Epoch 013 [ 460/1443]  loss=0.1975  lr=2.99e-04
  Epoch 013 [ 480/1443]  loss=0.0430  lr=2.99e-04
  Epoch 013 [ 500/1443]  loss=0.0824  lr=2.99e-04
  Epoch 013 [ 520/1443]  loss=0.0425  lr=2.99e-04
  Epoch 013 [ 540/1443]  loss=0.1553  lr=2.99e-04
  Epoch 013 [ 560/1443]  loss=0.0359  lr=2.99e-04
  Epoch 013 [ 580/1443]  loss=0.0325  lr=2.99e-04
  Epoch 013 [ 600/1443]  loss=0.0596  lr=2.99e-04
  Epoch 013 [ 620/1443]  loss=0.0554  lr=2.99e-04
  Epoch 013 [ 640/1443]  loss=0.0613  lr=2.99e-04
  Epoch 013 [ 660/1443]  loss=0.0753  lr=2.99e-04
  Epoch 013 [ 680/1443]  loss=0.0877  lr=2.99e-04
  Epoch 013 [ 700/1443]  loss=0.0842  lr=2.99e-04
  Epoch 013 [ 720/1443]  loss=0.0926  lr=2.99e-04
  Epoch 013 [ 740/1443]  loss=0.0783  lr=2.99e-04
  Epoch 013 [ 760/1443]  loss=0.0920  lr=2.99e-04
  Epoch 013 [ 780/1443]  loss=0.0929  lr=2.99e-04
  Epoch 013 [ 800/1443]  loss=0.1224  lr=2.99e-04
  Epoch 013 [ 820/1443]  loss=0.0380  lr=2.99e-04
  Epoch 013 [ 840/1443]  loss=0.0177  lr=2.99e-04
  Epoch 013 [ 860/1443]  loss=0.0383  lr=2.99e-04
  Epoch 013 [ 880/1443]  loss=0.0609  lr=2.99e-04
  Epoch 013 [ 900/1443]  loss=0.0609  lr=2.99e-04
  Epoch 013 [ 920/1443]  loss=0.0289  lr=2.99e-04
  Epoch 013 [ 940/1443]  loss=0.0410  lr=2.99e-04
  Epoch 013 [ 960/1443]  loss=0.0963  lr=2.99e-04
  Epoch 013 [ 980/1443]  loss=0.0540  lr=2.99e-04
  Epoch 013 [1000/1443]  loss=0.0473  lr=2.99e-04
  Epoch 013 [1020/1443]  loss=0.0714  lr=2.99e-04
  Epoch 013 [1040/1443]  loss=0.0519  lr=2.99e-04
  Epoch 013 [1060/1443]  loss=0.1375  lr=2.99e-04
  Epoch 013 [1080/1443]  loss=0.0214  lr=2.99e-04
  Epoch 013 [1100/1443]  loss=0.0226  lr=2.99e-04
  Epoch 013 [1120/1443]  loss=0.2397  lr=2.99e-04
  Epoch 013 [1140/1443]  loss=0.0625  lr=2.99e-04
  Epoch 013 [1160/1443]  loss=0.1658  lr=2.99e-04
  Epoch 013 [1180/1443]  loss=0.0553  lr=2.99e-04
  Epoch 013 [1200/1443]  loss=0.1013  lr=2.99e-04
  Epoch 013 [1220/1443]  loss=0.2571  lr=2.99e-04
  Epoch 013 [1240/1443]  loss=0.1083  lr=2.99e-04
  Epoch 013 [1260/1443]  loss=0.0283  lr=2.99e-04
  Epoch 013 [1280/1443]  loss=0.0282  lr=2.99e-04
  Epoch 013 [1300/1443]  loss=0.0400  lr=2.99e-04
  Epoch 013 [1320/1443]  loss=0.0845  lr=2.99e-04
  Epoch 013 [1340/1443]  loss=0.0164  lr=2.99e-04
  Epoch 013 [1360/1443]  loss=0.0567  lr=2.99e-04
  Epoch 013 [1380/1443]  loss=0.0326  lr=2.99e-04
  Epoch 013 [1400/1443]  loss=0.0524  lr=2.99e-04
  Epoch 013 [1420/1443]  loss=0.0391  lr=2.99e-04
  Epoch 013 [1440/1443]  loss=0.0646  lr=2.99e-04

Epoch 013 done | avg_loss=0.0797 | val_mse_norm=0.0430 (α=0.0732 ζ=0.0128) | time=293.3s
  Checkpoint saved → /scratch/va2661/data/active_matter/checkpoints/supervised/latest.pt
  Checkpoint saved → /scratch/va2661/data/active_matter/checkpoints/supervised/best.pt

  Epoch 014 [   0/1443]  loss=0.0273  lr=2.99e-04
  Epoch 014 [  20/1443]  loss=0.1201  lr=2.99e-04
  Epoch 014 [  40/1443]  loss=0.0792  lr=2.99e-04
  Epoch 014 [  60/1443]  loss=0.0682  lr=2.99e-04
  Epoch 014 [  80/1443]  loss=0.1076  lr=2.99e-04
  Epoch 014 [ 100/1443]  loss=0.0380  lr=2.98e-04
  Epoch 014 [ 120/1443]  loss=0.2130  lr=2.98e-04
  Epoch 014 [ 140/1443]  loss=0.0952  lr=2.98e-04
  Epoch 014 [ 160/1443]  loss=0.0402  lr=2.98e-04
  Epoch 014 [ 180/1443]  loss=0.1411  lr=2.98e-04
  Epoch 014 [ 200/1443]  loss=0.0397  lr=2.98e-04
  Epoch 014 [ 220/1443]  loss=0.0820  lr=2.98e-04
  Epoch 014 [ 240/1443]  loss=0.0797  lr=2.98e-04
  Epoch 014 [ 260/1443]  loss=0.0454  lr=2.98e-04
  Epoch 014 [ 280/1443]  loss=0.1098  lr=2.98e-04
  Epoch 014 [ 300/1443]  loss=0.2133  lr=2.98e-04
  Epoch 014 [ 320/1443]  loss=0.0627  lr=2.98e-04
  Epoch 014 [ 340/1443]  loss=0.1158  lr=2.98e-04
  Epoch 014 [ 360/1443]  loss=0.1029  lr=2.98e-04
  Epoch 014 [ 380/1443]  loss=0.0459  lr=2.98e-04
  Epoch 014 [ 400/1443]  loss=0.0251  lr=2.98e-04
  Epoch 014 [ 420/1443]  loss=0.1006  lr=2.98e-04
  Epoch 014 [ 440/1443]  loss=0.0513  lr=2.98e-04
  Epoch 014 [ 460/1443]  loss=0.0274  lr=2.98e-04
  Epoch 014 [ 480/1443]  loss=0.1681  lr=2.98e-04
  Epoch 014 [ 500/1443]  loss=0.0500  lr=2.98e-04
  Epoch 014 [ 520/1443]  loss=0.0523  lr=2.98e-04
  Epoch 014 [ 540/1443]  loss=0.0367  lr=2.98e-04
  Epoch 014 [ 560/1443]  loss=0.0465  lr=2.98e-04
  Epoch 014 [ 580/1443]  loss=0.0419  lr=2.98e-04
  Epoch 014 [ 600/1443]  loss=0.0725  lr=2.98e-04
  Epoch 014 [ 620/1443]  loss=0.0346  lr=2.98e-04
  Epoch 014 [ 640/1443]  loss=0.0398  lr=2.98e-04
  Epoch 014 [ 660/1443]  loss=0.1243  lr=2.98e-04
  Epoch 014 [ 680/1443]  loss=0.0785  lr=2.98e-04
  Epoch 014 [ 700/1443]  loss=0.0455  lr=2.98e-04
  Epoch 014 [ 720/1443]  loss=0.0399  lr=2.98e-04
  Epoch 014 [ 740/1443]  loss=0.1153  lr=2.98e-04
  Epoch 014 [ 760/1443]  loss=0.0842  lr=2.98e-04
  Epoch 014 [ 780/1443]  loss=0.0711  lr=2.98e-04
  Epoch 014 [ 800/1443]  loss=0.1033  lr=2.98e-04
  Epoch 014 [ 820/1443]  loss=0.0318  lr=2.98e-04
  Epoch 014 [ 840/1443]  loss=0.0565  lr=2.98e-04
  Epoch 014 [ 860/1443]  loss=0.0800  lr=2.98e-04
  Epoch 014 [ 880/1443]  loss=0.0675  lr=2.98e-04
  Epoch 014 [ 900/1443]  loss=0.1273  lr=2.98e-04
  Epoch 014 [ 920/1443]  loss=0.1408  lr=2.98e-04
  Epoch 014 [ 940/1443]  loss=0.1041  lr=2.98e-04
  Epoch 014 [ 960/1443]  loss=0.0545  lr=2.98e-04
  Epoch 014 [ 980/1443]  loss=0.0273  lr=2.98e-04
  Epoch 014 [1000/1443]  loss=0.0198  lr=2.98e-04
  Epoch 014 [1020/1443]  loss=0.0602  lr=2.98e-04
  Epoch 014 [1040/1443]  loss=0.0790  lr=2.98e-04
  Epoch 014 [1060/1443]  loss=0.0873  lr=2.98e-04
  Epoch 014 [1080/1443]  loss=0.0433  lr=2.98e-04
  Epoch 014 [1100/1443]  loss=0.0494  lr=2.98e-04
  Epoch 014 [1120/1443]  loss=0.1308  lr=2.98e-04
  Epoch 014 [1140/1443]  loss=0.1113  lr=2.98e-04
  Epoch 014 [1160/1443]  loss=0.0884  lr=2.98e-04
  Epoch 014 [1180/1443]  loss=0.0139  lr=2.98e-04
  Epoch 014 [1200/1443]  loss=0.0799  lr=2.98e-04
  Epoch 014 [1220/1443]  loss=0.0736  lr=2.98e-04
  Epoch 014 [1240/1443]  loss=0.1547  lr=2.98e-04
  Epoch 014 [1260/1443]  loss=0.1448  lr=2.98e-04
  Epoch 014 [1280/1443]  loss=0.1036  lr=2.98e-04
  Epoch 014 [1300/1443]  loss=0.0576  lr=2.98e-04
  Epoch 014 [1320/1443]  loss=0.0868  lr=2.98e-04
  Epoch 014 [1340/1443]  loss=0.0827  lr=2.98e-04
  Epoch 014 [1360/1443]  loss=0.0501  lr=2.98e-04
  Epoch 014 [1380/1443]  loss=0.1531  lr=2.98e-04
  Epoch 014 [1400/1443]  loss=0.0728  lr=2.98e-04
  Epoch 014 [1420/1443]  loss=0.0652  lr=2.98e-04
  Epoch 014 [1440/1443]  loss=0.0458  lr=2.98e-04

Epoch 014 done | avg_loss=0.0732 | val_mse_norm=0.0349 (α=0.0606 ζ=0.0093) | time=294.6s
  Checkpoint saved → /scratch/va2661/data/active_matter/checkpoints/supervised/latest.pt
  Checkpoint saved → /scratch/va2661/data/active_matter/checkpoints/supervised/best.pt

  Epoch 015 [   0/1443]  loss=0.0622  lr=2.98e-04
  Epoch 015 [  20/1443]  loss=0.0702  lr=2.98e-04
  Epoch 015 [  40/1443]  loss=0.0285  lr=2.98e-04
  Epoch 015 [  60/1443]  loss=0.0722  lr=2.98e-04
  Epoch 015 [  80/1443]  loss=0.0505  lr=2.98e-04
  Epoch 015 [ 100/1443]  loss=0.0576  lr=2.98e-04
  Epoch 015 [ 120/1443]  loss=0.0458  lr=2.98e-04
  Epoch 015 [ 140/1443]  loss=0.0366  lr=2.98e-04
  Epoch 015 [ 160/1443]  loss=0.0517  lr=2.98e-04
  Epoch 015 [ 180/1443]  loss=0.0893  lr=2.98e-04
  Epoch 015 [ 200/1443]  loss=0.0831  lr=2.98e-04
  Epoch 015 [ 220/1443]  loss=0.1145  lr=2.98e-04
  Epoch 015 [ 240/1443]  loss=0.0733  lr=2.98e-04
  Epoch 015 [ 260/1443]  loss=0.0392  lr=2.98e-04
  Epoch 015 [ 280/1443]  loss=0.0314  lr=2.98e-04
  Epoch 015 [ 300/1443]  loss=0.0851  lr=2.98e-04
  Epoch 015 [ 320/1443]  loss=0.0545  lr=2.98e-04
  Epoch 015 [ 340/1443]  loss=0.1006  lr=2.98e-04
  Epoch 015 [ 360/1443]  loss=0.0231  lr=2.97e-04
  Epoch 015 [ 380/1443]  loss=0.0738  lr=2.97e-04
  Epoch 015 [ 400/1443]  loss=0.0705  lr=2.97e-04
  Epoch 015 [ 420/1443]  loss=0.0254  lr=2.97e-04
  Epoch 015 [ 440/1443]  loss=0.0397  lr=2.97e-04
  Epoch 015 [ 460/1443]  loss=0.1471  lr=2.97e-04
  Epoch 015 [ 480/1443]  loss=0.0578  lr=2.97e-04
  Epoch 015 [ 500/1443]  loss=0.0158  lr=2.97e-04
  Epoch 015 [ 520/1443]  loss=0.0286  lr=2.97e-04
  Epoch 015 [ 540/1443]  loss=0.1030  lr=2.97e-04
  Epoch 015 [ 560/1443]  loss=0.0588  lr=2.97e-04
  Epoch 015 [ 580/1443]  loss=0.0734  lr=2.97e-04
  Epoch 015 [ 600/1443]  loss=0.0358  lr=2.97e-04
  Epoch 015 [ 620/1443]  loss=0.0525  lr=2.97e-04
  Epoch 015 [ 640/1443]  loss=0.0651  lr=2.97e-04
  Epoch 015 [ 660/1443]  loss=0.0926  lr=2.97e-04
  Epoch 015 [ 680/1443]  loss=0.0409  lr=2.97e-04
  Epoch 015 [ 700/1443]  loss=0.0754  lr=2.97e-04
  Epoch 015 [ 720/1443]  loss=0.0874  lr=2.97e-04
  Epoch 015 [ 740/1443]  loss=0.0489  lr=2.97e-04
  Epoch 015 [ 760/1443]  loss=0.0449  lr=2.97e-04
  Epoch 015 [ 780/1443]  loss=0.0402  lr=2.97e-04
  Epoch 015 [ 800/1443]  loss=0.0776  lr=2.97e-04
  Epoch 015 [ 820/1443]  loss=0.0457  lr=2.97e-04
  Epoch 015 [ 840/1443]  loss=0.0389  lr=2.97e-04
  Epoch 015 [ 860/1443]  loss=0.0126  lr=2.97e-04
  Epoch 015 [ 880/1443]  loss=0.1852  lr=2.97e-04
  Epoch 015 [ 900/1443]  loss=0.0567  lr=2.97e-04
  Epoch 015 [ 920/1443]  loss=0.0488  lr=2.97e-04
  Epoch 015 [ 940/1443]  loss=0.0414  lr=2.97e-04
  Epoch 015 [ 960/1443]  loss=0.0742  lr=2.97e-04
  Epoch 015 [ 980/1443]  loss=0.0294  lr=2.97e-04
  Epoch 015 [1000/1443]  loss=0.0268  lr=2.97e-04
  Epoch 015 [1020/1443]  loss=0.0178  lr=2.97e-04
  Epoch 015 [1040/1443]  loss=0.1266  lr=2.97e-04
  Epoch 015 [1060/1443]  loss=0.0148  lr=2.97e-04
  Epoch 015 [1080/1443]  loss=0.0412  lr=2.97e-04
  Epoch 015 [1100/1443]  loss=0.1516  lr=2.97e-04
  Epoch 015 [1120/1443]  loss=0.0713  lr=2.97e-04
  Epoch 015 [1140/1443]  loss=0.0710  lr=2.97e-04
  Epoch 015 [1160/1443]  loss=0.0277  lr=2.97e-04
  Epoch 015 [1180/1443]  loss=0.0514  lr=2.97e-04
  Epoch 015 [1200/1443]  loss=0.0774  lr=2.97e-04
  Epoch 015 [1220/1443]  loss=0.0673  lr=2.97e-04
  Epoch 015 [1240/1443]  loss=0.0943  lr=2.97e-04
  Epoch 015 [1260/1443]  loss=0.0139  lr=2.97e-04
  Epoch 015 [1280/1443]  loss=0.0326  lr=2.97e-04
  Epoch 015 [1300/1443]  loss=0.0392  lr=2.97e-04
  Epoch 015 [1320/1443]  loss=0.0793  lr=2.97e-04
  Epoch 015 [1340/1443]  loss=0.0542  lr=2.97e-04
  Epoch 015 [1360/1443]  loss=0.1184  lr=2.97e-04
  Epoch 015 [1380/1443]  loss=0.0343  lr=2.97e-04
  Epoch 015 [1400/1443]  loss=0.1443  lr=2.97e-04
  Epoch 015 [1420/1443]  loss=0.1100  lr=2.97e-04
  Epoch 015 [1440/1443]  loss=0.0295  lr=2.97e-04

Epoch 015 done | avg_loss=0.0667 | val_mse_norm=0.0816 (α=0.1421 ζ=0.0210) | time=293.6s
  Checkpoint saved → /scratch/va2661/data/active_matter/checkpoints/supervised/latest.pt

  Epoch 016 [   0/1443]  loss=0.0625  lr=2.97e-04
  Epoch 016 [  20/1443]  loss=0.0480  lr=2.97e-04
  Epoch 016 [  40/1443]  loss=0.0280  lr=2.97e-04
  Epoch 016 [  60/1443]  loss=0.0647  lr=2.97e-04
  Epoch 016 [  80/1443]  loss=0.1593  lr=2.97e-04
  Epoch 016 [ 100/1443]  loss=0.0184  lr=2.97e-04
  Epoch 016 [ 120/1443]  loss=0.0860  lr=2.97e-04
  Epoch 016 [ 140/1443]  loss=0.1504  lr=2.97e-04
  Epoch 016 [ 160/1443]  loss=0.0185  lr=2.97e-04
  Epoch 016 [ 180/1443]  loss=0.0235  lr=2.97e-04
  Epoch 016 [ 200/1443]  loss=0.0264  lr=2.97e-04
  Epoch 016 [ 220/1443]  loss=0.0372  lr=2.97e-04
  Epoch 016 [ 240/1443]  loss=0.0319  lr=2.97e-04
  Epoch 016 [ 260/1443]  loss=0.0342  lr=2.97e-04
  Epoch 016 [ 280/1443]  loss=0.0991  lr=2.97e-04
  Epoch 016 [ 300/1443]  loss=0.0545  lr=2.97e-04
  Epoch 016 [ 320/1443]  loss=0.0451  lr=2.96e-04
  Epoch 016 [ 340/1443]  loss=0.0377  lr=2.96e-04
  Epoch 016 [ 360/1443]  loss=0.1716  lr=2.96e-04
  Epoch 016 [ 380/1443]  loss=0.0186  lr=2.96e-04
  Epoch 016 [ 400/1443]  loss=0.0298  lr=2.96e-04
  Epoch 016 [ 420/1443]  loss=0.0657  lr=2.96e-04
  Epoch 016 [ 440/1443]  loss=0.0122  lr=2.96e-04
  Epoch 016 [ 460/1443]  loss=0.0624  lr=2.96e-04
  Epoch 016 [ 480/1443]  loss=0.0491  lr=2.96e-04
  Epoch 016 [ 500/1443]  loss=0.0552  lr=2.96e-04
  Epoch 016 [ 520/1443]  loss=0.0493  lr=2.96e-04
  Epoch 016 [ 540/1443]  loss=0.0351  lr=2.96e-04
  Epoch 016 [ 560/1443]  loss=0.0278  lr=2.96e-04
  Epoch 016 [ 580/1443]  loss=0.0586  lr=2.96e-04
  Epoch 016 [ 600/1443]  loss=0.0215  lr=2.96e-04
  Epoch 016 [ 620/1443]  loss=0.0519  lr=2.96e-04
  Epoch 016 [ 640/1443]  loss=0.0637  lr=2.96e-04
  Epoch 016 [ 660/1443]  loss=0.1281  lr=2.96e-04
  Epoch 016 [ 680/1443]  loss=0.0184  lr=2.96e-04
  Epoch 016 [ 700/1443]  loss=0.0866  lr=2.96e-04
  Epoch 016 [ 720/1443]  loss=0.1787  lr=2.96e-04
  Epoch 016 [ 740/1443]  loss=0.0380  lr=2.96e-04
  Epoch 016 [ 760/1443]  loss=0.0495  lr=2.96e-04
  Epoch 016 [ 780/1443]  loss=0.0499  lr=2.96e-04
  Epoch 016 [ 800/1443]  loss=0.0887  lr=2.96e-04
  Epoch 016 [ 820/1443]  loss=0.0419  lr=2.96e-04
  Epoch 016 [ 840/1443]  loss=0.0917  lr=2.96e-04
  Epoch 016 [ 860/1443]  loss=0.0389  lr=2.96e-04
  Epoch 016 [ 880/1443]  loss=0.0496  lr=2.96e-04
  Epoch 016 [ 900/1443]  loss=0.1115  lr=2.96e-04
  Epoch 016 [ 920/1443]  loss=0.1261  lr=2.96e-04
  Epoch 016 [ 940/1443]  loss=0.0312  lr=2.96e-04
  Epoch 016 [ 960/1443]  loss=0.0250  lr=2.96e-04
  Epoch 016 [ 980/1443]  loss=0.0448  lr=2.96e-04
  Epoch 016 [1000/1443]  loss=0.0354  lr=2.96e-04
  Epoch 016 [1020/1443]  loss=0.0166  lr=2.96e-04
  Epoch 016 [1040/1443]  loss=0.0679  lr=2.96e-04
  Epoch 016 [1060/1443]  loss=0.1093  lr=2.96e-04
  Epoch 016 [1080/1443]  loss=0.0158  lr=2.96e-04
  Epoch 016 [1100/1443]  loss=0.1123  lr=2.96e-04
  Epoch 016 [1120/1443]  loss=0.0405  lr=2.96e-04
  Epoch 016 [1140/1443]  loss=0.0592  lr=2.96e-04
  Epoch 016 [1160/1443]  loss=0.0523  lr=2.96e-04
  Epoch 016 [1180/1443]  loss=0.0977  lr=2.96e-04
  Epoch 016 [1200/1443]  loss=0.0697  lr=2.96e-04
  Epoch 016 [1220/1443]  loss=0.1095  lr=2.96e-04
  Epoch 016 [1240/1443]  loss=0.0304  lr=2.96e-04
  Epoch 016 [1260/1443]  loss=0.0789  lr=2.96e-04
  Epoch 016 [1280/1443]  loss=0.0586  lr=2.96e-04
  Epoch 016 [1300/1443]  loss=0.0517  lr=2.96e-04
  Epoch 016 [1320/1443]  loss=0.1379  lr=2.96e-04
  Epoch 016 [1340/1443]  loss=0.0589  lr=2.96e-04
  Epoch 016 [1360/1443]  loss=0.0520  lr=2.96e-04
  Epoch 016 [1380/1443]  loss=0.0122  lr=2.96e-04
  Epoch 016 [1400/1443]  loss=0.0519  lr=2.96e-04
  Epoch 016 [1420/1443]  loss=0.0735  lr=2.96e-04
  Epoch 016 [1440/1443]  loss=0.0197  lr=2.96e-04

Epoch 016 done | avg_loss=0.0611 | val_mse_norm=0.0390 (α=0.0597 ζ=0.0184) | time=293.6s
  Checkpoint saved → /scratch/va2661/data/active_matter/checkpoints/supervised/latest.pt

  Epoch 017 [   0/1443]  loss=0.0245  lr=2.96e-04
  Epoch 017 [  20/1443]  loss=0.0564  lr=2.96e-04
  Epoch 017 [  40/1443]  loss=0.0670  lr=2.96e-04
  Epoch 017 [  60/1443]  loss=0.0555  lr=2.96e-04
  Epoch 017 [  80/1443]  loss=0.1823  lr=2.95e-04
  Epoch 017 [ 100/1443]  loss=0.0484  lr=2.95e-04
  Epoch 017 [ 120/1443]  loss=0.0973  lr=2.95e-04
  Epoch 017 [ 140/1443]  loss=0.0389  lr=2.95e-04
  Epoch 017 [ 160/1443]  loss=0.0133  lr=2.95e-04
  Epoch 017 [ 180/1443]  loss=0.0521  lr=2.95e-04
  Epoch 017 [ 200/1443]  loss=0.0295  lr=2.95e-04
  Epoch 017 [ 220/1443]  loss=0.0327  lr=2.95e-04
  Epoch 017 [ 240/1443]  loss=0.1185  lr=2.95e-04
  Epoch 017 [ 260/1443]  loss=0.1186  lr=2.95e-04
  Epoch 017 [ 280/1443]  loss=0.0932  lr=2.95e-04
  Epoch 017 [ 300/1443]  loss=0.0350  lr=2.95e-04
  Epoch 017 [ 320/1443]  loss=0.0107  lr=2.95e-04
  Epoch 017 [ 340/1443]  loss=0.0417  lr=2.95e-04
  Epoch 017 [ 360/1443]  loss=0.0247  lr=2.95e-04
  Epoch 017 [ 380/1443]  loss=0.2234  lr=2.95e-04
  Epoch 017 [ 400/1443]  loss=0.0200  lr=2.95e-04
  Epoch 017 [ 420/1443]  loss=0.0440  lr=2.95e-04
  Epoch 017 [ 440/1443]  loss=0.0347  lr=2.95e-04
  Epoch 017 [ 460/1443]  loss=0.0811  lr=2.95e-04
  Epoch 017 [ 480/1443]  loss=0.0456  lr=2.95e-04
  Epoch 017 [ 500/1443]  loss=0.0682  lr=2.95e-04
  Epoch 017 [ 520/1443]  loss=0.0353  lr=2.95e-04
  Epoch 017 [ 540/1443]  loss=0.0657  lr=2.95e-04
  Epoch 017 [ 560/1443]  loss=0.0393  lr=2.95e-04
  Epoch 017 [ 580/1443]  loss=0.0892  lr=2.95e-04
  Epoch 017 [ 600/1443]  loss=0.1017  lr=2.95e-04
  Epoch 017 [ 620/1443]  loss=0.0992  lr=2.95e-04
  Epoch 017 [ 640/1443]  loss=0.0631  lr=2.95e-04
  Epoch 017 [ 660/1443]  loss=0.0364  lr=2.95e-04
  Epoch 017 [ 680/1443]  loss=0.0256  lr=2.95e-04
  Epoch 017 [ 700/1443]  loss=0.0270  lr=2.95e-04
  Epoch 017 [ 720/1443]  loss=0.0288  lr=2.95e-04
  Epoch 017 [ 740/1443]  loss=0.0456  lr=2.95e-04
  Epoch 017 [ 760/1443]  loss=0.1409  lr=2.95e-04
  Epoch 017 [ 780/1443]  loss=0.0366  lr=2.95e-04
  Epoch 017 [ 800/1443]  loss=0.0444  lr=2.95e-04
  Epoch 017 [ 820/1443]  loss=0.0685  lr=2.95e-04
  Epoch 017 [ 840/1443]  loss=0.0215  lr=2.95e-04
  Epoch 017 [ 860/1443]  loss=0.0462  lr=2.95e-04
  Epoch 017 [ 880/1443]  loss=0.0688  lr=2.95e-04
  Epoch 017 [ 900/1443]  loss=0.0311  lr=2.95e-04
  Epoch 017 [ 920/1443]  loss=0.0551  lr=2.95e-04
  Epoch 017 [ 940/1443]  loss=0.0311  lr=2.95e-04
  Epoch 017 [ 960/1443]  loss=0.0164  lr=2.95e-04
  Epoch 017 [ 980/1443]  loss=0.0589  lr=2.95e-04
  Epoch 017 [1000/1443]  loss=0.0338  lr=2.95e-04
  Epoch 017 [1020/1443]  loss=0.0458  lr=2.95e-04
  Epoch 017 [1040/1443]  loss=0.0597  lr=2.95e-04
  Epoch 017 [1060/1443]  loss=0.0291  lr=2.95e-04
  Epoch 017 [1080/1443]  loss=0.0685  lr=2.95e-04
  Epoch 017 [1100/1443]  loss=0.0291  lr=2.95e-04
  Epoch 017 [1120/1443]  loss=0.0410  lr=2.95e-04
  Epoch 017 [1140/1443]  loss=0.0734  lr=2.95e-04
  Epoch 017 [1160/1443]  loss=0.1004  lr=2.94e-04
  Epoch 017 [1180/1443]  loss=0.0280  lr=2.94e-04
  Epoch 017 [1200/1443]  loss=0.0496  lr=2.94e-04
  Epoch 017 [1220/1443]  loss=0.0637  lr=2.94e-04
  Epoch 017 [1240/1443]  loss=0.0158  lr=2.94e-04
  Epoch 017 [1260/1443]  loss=0.0337  lr=2.94e-04
  Epoch 017 [1280/1443]  loss=0.0321  lr=2.94e-04
  Epoch 017 [1300/1443]  loss=0.0379  lr=2.94e-04
  Epoch 017 [1320/1443]  loss=0.0184  lr=2.94e-04
  Epoch 017 [1340/1443]  loss=0.0363  lr=2.94e-04
  Epoch 017 [1360/1443]  loss=0.0176  lr=2.94e-04
  Epoch 017 [1380/1443]  loss=0.0675  lr=2.94e-04
  Epoch 017 [1400/1443]  loss=0.0374  lr=2.94e-04
  Epoch 017 [1420/1443]  loss=0.0381  lr=2.94e-04
  Epoch 017 [1440/1443]  loss=0.1220  lr=2.94e-04

Epoch 017 done | avg_loss=0.0556 | val_mse_norm=0.0498 (α=0.0707 ζ=0.0289) | time=293.7s
  Checkpoint saved → /scratch/va2661/data/active_matter/checkpoints/supervised/latest.pt

  Epoch 018 [   0/1443]  loss=0.0301  lr=2.94e-04
  Epoch 018 [  20/1443]  loss=0.1187  lr=2.94e-04
  Epoch 018 [  40/1443]  loss=0.0973  lr=2.94e-04
  Epoch 018 [  60/1443]  loss=0.0520  lr=2.94e-04
  Epoch 018 [  80/1443]  loss=0.0561  lr=2.94e-04
  Epoch 018 [ 100/1443]  loss=0.0891  lr=2.94e-04
  Epoch 018 [ 120/1443]  loss=0.0244  lr=2.94e-04
  Epoch 018 [ 140/1443]  loss=0.0558  lr=2.94e-04
  Epoch 018 [ 160/1443]  loss=0.0554  lr=2.94e-04
  Epoch 018 [ 180/1443]  loss=0.0545  lr=2.94e-04
  Epoch 018 [ 200/1443]  loss=0.0866  lr=2.94e-04
  Epoch 018 [ 220/1443]  loss=0.0403  lr=2.94e-04
  Epoch 018 [ 240/1443]  loss=0.0633  lr=2.94e-04
  Epoch 018 [ 260/1443]  loss=0.0576  lr=2.94e-04
  Epoch 018 [ 280/1443]  loss=0.0468  lr=2.94e-04
  Epoch 018 [ 300/1443]  loss=0.0665  lr=2.94e-04
  Epoch 018 [ 320/1443]  loss=0.1267  lr=2.94e-04
  Epoch 018 [ 340/1443]  loss=0.0372  lr=2.94e-04
  Epoch 018 [ 360/1443]  loss=0.0281  lr=2.94e-04
  Epoch 018 [ 380/1443]  loss=0.0502  lr=2.94e-04
  Epoch 018 [ 400/1443]  loss=0.0802  lr=2.94e-04
  Epoch 018 [ 420/1443]  loss=0.0770  lr=2.94e-04
  Epoch 018 [ 440/1443]  loss=0.0734  lr=2.94e-04
  Epoch 018 [ 460/1443]  loss=0.0456  lr=2.94e-04
  Epoch 018 [ 480/1443]  loss=0.0292  lr=2.94e-04
  Epoch 018 [ 500/1443]  loss=0.0990  lr=2.94e-04
  Epoch 018 [ 520/1443]  loss=0.1027  lr=2.94e-04
  Epoch 018 [ 540/1443]  loss=0.0467  lr=2.94e-04
  Epoch 018 [ 560/1443]  loss=0.0227  lr=2.94e-04
  Epoch 018 [ 580/1443]  loss=0.0324  lr=2.94e-04
  Epoch 018 [ 600/1443]  loss=0.0246  lr=2.94e-04
  Epoch 018 [ 620/1443]  loss=0.0380  lr=2.94e-04
  Epoch 018 [ 640/1443]  loss=0.0199  lr=2.94e-04
  Epoch 018 [ 660/1443]  loss=0.0346  lr=2.94e-04
  Epoch 018 [ 680/1443]  loss=0.0225  lr=2.94e-04
  Epoch 018 [ 700/1443]  loss=0.0223  lr=2.93e-04
  Epoch 018 [ 720/1443]  loss=0.0159  lr=2.93e-04
  Epoch 018 [ 740/1443]  loss=0.0484  lr=2.93e-04
  Epoch 018 [ 760/1443]  loss=0.0923  lr=2.93e-04
  Epoch 018 [ 780/1443]  loss=0.0499  lr=2.93e-04
  Epoch 018 [ 800/1443]  loss=0.0737  lr=2.93e-04
  Epoch 018 [ 820/1443]  loss=0.0233  lr=2.93e-04
  Epoch 018 [ 840/1443]  loss=0.0122  lr=2.93e-04
  Epoch 018 [ 860/1443]  loss=0.0537  lr=2.93e-04
  Epoch 018 [ 880/1443]  loss=0.0480  lr=2.93e-04
  Epoch 018 [ 900/1443]  loss=0.0563  lr=2.93e-04
  Epoch 018 [ 920/1443]  loss=0.0444  lr=2.93e-04
  Epoch 018 [ 940/1443]  loss=0.2796  lr=2.93e-04
  Epoch 018 [ 960/1443]  loss=0.0440  lr=2.93e-04
  Epoch 018 [ 980/1443]  loss=0.0538  lr=2.93e-04
  Epoch 018 [1000/1443]  loss=0.0339  lr=2.93e-04
  Epoch 018 [1020/1443]  loss=0.0513  lr=2.93e-04
  Epoch 018 [1040/1443]  loss=0.0337  lr=2.93e-04
  Epoch 018 [1060/1443]  loss=0.0240  lr=2.93e-04
  Epoch 018 [1080/1443]  loss=0.0379  lr=2.93e-04
  Epoch 018 [1100/1443]  loss=0.0458  lr=2.93e-04
  Epoch 018 [1120/1443]  loss=0.0499  lr=2.93e-04
  Epoch 018 [1140/1443]  loss=0.0587  lr=2.93e-04
  Epoch 018 [1160/1443]  loss=0.0279  lr=2.93e-04
  Epoch 018 [1180/1443]  loss=0.0388  lr=2.93e-04
  Epoch 018 [1200/1443]  loss=0.0250  lr=2.93e-04
  Epoch 018 [1220/1443]  loss=0.0271  lr=2.93e-04
  Epoch 018 [1240/1443]  loss=0.0544  lr=2.93e-04
  Epoch 018 [1260/1443]  loss=0.0357  lr=2.93e-04
  Epoch 018 [1280/1443]  loss=0.0626  lr=2.93e-04
  Epoch 018 [1300/1443]  loss=0.0388  lr=2.93e-04
  Epoch 018 [1320/1443]  loss=0.0597  lr=2.93e-04
  Epoch 018 [1340/1443]  loss=0.0196  lr=2.93e-04
  Epoch 018 [1360/1443]  loss=0.0254  lr=2.93e-04
  Epoch 018 [1380/1443]  loss=0.0626  lr=2.93e-04
  Epoch 018 [1400/1443]  loss=0.0270  lr=2.93e-04
  Epoch 018 [1420/1443]  loss=0.0348  lr=2.93e-04
  Epoch 018 [1440/1443]  loss=0.0677  lr=2.93e-04

Epoch 018 done | avg_loss=0.0516 | val_mse_norm=0.0510 (α=0.0832 ζ=0.0188) | time=294.1s
  Checkpoint saved → /scratch/va2661/data/active_matter/checkpoints/supervised/latest.pt

  Epoch 019 [   0/1443]  loss=0.0461  lr=2.93e-04
  Epoch 019 [  20/1443]  loss=0.0133  lr=2.93e-04
  Epoch 019 [  40/1443]  loss=0.1363  lr=2.93e-04
  Epoch 019 [  60/1443]  loss=0.0741  lr=2.93e-04
  Epoch 019 [  80/1443]  loss=0.0436  lr=2.93e-04
  Epoch 019 [ 100/1443]  loss=0.0379  lr=2.93e-04
  Epoch 019 [ 120/1443]  loss=0.0253  lr=2.93e-04
  Epoch 019 [ 140/1443]  loss=0.0466  lr=2.93e-04
  Epoch 019 [ 160/1443]  loss=0.0289  lr=2.93e-04
  Epoch 019 [ 180/1443]  loss=0.0501  lr=2.92e-04
  Epoch 019 [ 200/1443]  loss=0.0202  lr=2.92e-04
  Epoch 019 [ 220/1443]  loss=0.0146  lr=2.92e-04
  Epoch 019 [ 240/1443]  loss=0.0211  lr=2.92e-04
  Epoch 019 [ 260/1443]  loss=0.0152  lr=2.92e-04
  Epoch 019 [ 280/1443]  loss=0.0366  lr=2.92e-04
  Epoch 019 [ 300/1443]  loss=0.0397  lr=2.92e-04
  Epoch 019 [ 320/1443]  loss=0.0163  lr=2.92e-04
  Epoch 019 [ 340/1443]  loss=0.0180  lr=2.92e-04
  Epoch 019 [ 360/1443]  loss=0.0299  lr=2.92e-04
  Epoch 019 [ 380/1443]  loss=0.0879  lr=2.92e-04
  Epoch 019 [ 400/1443]  loss=0.0393  lr=2.92e-04
  Epoch 019 [ 420/1443]  loss=0.0603  lr=2.92e-04
  Epoch 019 [ 440/1443]  loss=0.0501  lr=2.92e-04
  Epoch 019 [ 460/1443]  loss=0.0372  lr=2.92e-04
  Epoch 019 [ 480/1443]  loss=0.0289  lr=2.92e-04
  Epoch 019 [ 500/1443]  loss=0.0308  lr=2.92e-04
  Epoch 019 [ 520/1443]  loss=0.0490  lr=2.92e-04
  Epoch 019 [ 540/1443]  loss=0.0763  lr=2.92e-04
  Epoch 019 [ 560/1443]  loss=0.0446  lr=2.92e-04
  Epoch 019 [ 580/1443]  loss=0.0170  lr=2.92e-04
  Epoch 019 [ 600/1443]  loss=0.0730  lr=2.92e-04
  Epoch 019 [ 620/1443]  loss=0.0426  lr=2.92e-04
  Epoch 019 [ 640/1443]  loss=0.0193  lr=2.92e-04
  Epoch 019 [ 660/1443]  loss=0.0321  lr=2.92e-04
  Epoch 019 [ 680/1443]  loss=0.0459  lr=2.92e-04
  Epoch 019 [ 700/1443]  loss=0.0179  lr=2.92e-04
  Epoch 019 [ 720/1443]  loss=0.0714  lr=2.92e-04
  Epoch 019 [ 740/1443]  loss=0.0375  lr=2.92e-04
  Epoch 019 [ 760/1443]  loss=0.0715  lr=2.92e-04
  Epoch 019 [ 780/1443]  loss=0.0674  lr=2.92e-04
  Epoch 019 [ 800/1443]  loss=0.0244  lr=2.92e-04
  Epoch 019 [ 820/1443]  loss=0.0775  lr=2.92e-04
  Epoch 019 [ 840/1443]  loss=0.0220  lr=2.92e-04
  Epoch 019 [ 860/1443]  loss=0.0699  lr=2.92e-04
  Epoch 019 [ 880/1443]  loss=0.0604  lr=2.92e-04
  Epoch 019 [ 900/1443]  loss=0.0210  lr=2.92e-04
  Epoch 019 [ 920/1443]  loss=0.0806  lr=2.92e-04
  Epoch 019 [ 940/1443]  loss=0.0466  lr=2.92e-04
  Epoch 019 [ 960/1443]  loss=0.0559  lr=2.92e-04
  Epoch 019 [ 980/1443]  loss=0.0214  lr=2.92e-04
  Epoch 019 [1000/1443]  loss=0.0552  lr=2.92e-04
  Epoch 019 [1020/1443]  loss=0.0941  lr=2.91e-04
  Epoch 019 [1040/1443]  loss=0.0699  lr=2.91e-04
  Epoch 019 [1060/1443]  loss=0.0312  lr=2.91e-04
  Epoch 019 [1080/1443]  loss=0.0776  lr=2.91e-04
  Epoch 019 [1100/1443]  loss=0.0791  lr=2.91e-04
  Epoch 019 [1120/1443]  loss=0.0110  lr=2.91e-04
  Epoch 019 [1140/1443]  loss=0.0233  lr=2.91e-04
  Epoch 019 [1160/1443]  loss=0.0308  lr=2.91e-04
  Epoch 019 [1180/1443]  loss=0.0278  lr=2.91e-04
  Epoch 019 [1200/1443]  loss=0.0362  lr=2.91e-04
  Epoch 019 [1220/1443]  loss=0.0353  lr=2.91e-04
  Epoch 019 [1240/1443]  loss=0.0303  lr=2.91e-04
  Epoch 019 [1260/1443]  loss=0.0546  lr=2.91e-04
  Epoch 019 [1280/1443]  loss=0.0181  lr=2.91e-04
  Epoch 019 [1300/1443]  loss=0.0145  lr=2.91e-04
  Epoch 019 [1320/1443]  loss=0.0669  lr=2.91e-04
  Epoch 019 [1340/1443]  loss=0.0564  lr=2.91e-04
  Epoch 019 [1360/1443]  loss=0.0493  lr=2.91e-04
  Epoch 019 [1380/1443]  loss=0.0699  lr=2.91e-04
  Epoch 019 [1400/1443]  loss=0.0263  lr=2.91e-04
  Epoch 019 [1420/1443]  loss=0.0827  lr=2.91e-04
  Epoch 019 [1440/1443]  loss=0.0172  lr=2.91e-04

Epoch 019 done | avg_loss=0.0475 | val_mse_norm=0.0694 (α=0.1107 ζ=0.0282) | time=294.3s
  Checkpoint saved → /scratch/va2661/data/active_matter/checkpoints/supervised/latest.pt

  Epoch 020 [   0/1443]  loss=0.0465  lr=2.91e-04
  Epoch 020 [  20/1443]  loss=0.0332  lr=2.91e-04
  Epoch 020 [  40/1443]  loss=0.0395  lr=2.91e-04
  Epoch 020 [  60/1443]  loss=0.0475  lr=2.91e-04
  Epoch 020 [  80/1443]  loss=0.0223  lr=2.91e-04
  Epoch 020 [ 100/1443]  loss=0.0255  lr=2.91e-04
  Epoch 020 [ 120/1443]  loss=0.0550  lr=2.91e-04
  Epoch 020 [ 140/1443]  loss=0.1034  lr=2.91e-04
  Epoch 020 [ 160/1443]  loss=0.0237  lr=2.91e-04
  Epoch 020 [ 180/1443]  loss=0.0246  lr=2.91e-04
  Epoch 020 [ 200/1443]  loss=0.0179  lr=2.91e-04
  Epoch 020 [ 220/1443]  loss=0.0219  lr=2.91e-04
  Epoch 020 [ 240/1443]  loss=0.0548  lr=2.91e-04
  Epoch 020 [ 260/1443]  loss=0.1004  lr=2.91e-04
  Epoch 020 [ 280/1443]  loss=0.0274  lr=2.91e-04
  Epoch 020 [ 300/1443]  loss=0.0287  lr=2.91e-04
  Epoch 020 [ 320/1443]  loss=0.0421  lr=2.91e-04
  Epoch 020 [ 340/1443]  loss=0.0266  lr=2.91e-04
  Epoch 020 [ 360/1443]  loss=0.1402  lr=2.91e-04
  Epoch 020 [ 380/1443]  loss=0.0447  lr=2.91e-04
  Epoch 020 [ 400/1443]  loss=0.0477  lr=2.90e-04
  Epoch 020 [ 420/1443]  loss=0.0490  lr=2.90e-04
  Epoch 020 [ 440/1443]  loss=0.0581  lr=2.90e-04
  Epoch 020 [ 460/1443]  loss=0.0397  lr=2.90e-04
  Epoch 020 [ 480/1443]  loss=0.0374  lr=2.90e-04
  Epoch 020 [ 500/1443]  loss=0.0335  lr=2.90e-04
  Epoch 020 [ 520/1443]  loss=0.0254  lr=2.90e-04
  Epoch 020 [ 540/1443]  loss=0.0356  lr=2.90e-04
  Epoch 020 [ 560/1443]  loss=0.0159  lr=2.90e-04
  Epoch 020 [ 580/1443]  loss=0.0115  lr=2.90e-04
  Epoch 020 [ 600/1443]  loss=0.0312  lr=2.90e-04
  Epoch 020 [ 620/1443]  loss=0.0167  lr=2.90e-04
  Epoch 020 [ 640/1443]  loss=0.0197  lr=2.90e-04
  Epoch 020 [ 660/1443]  loss=0.0492  lr=2.90e-04
  Epoch 020 [ 680/1443]  loss=0.0301  lr=2.90e-04
  Epoch 020 [ 700/1443]  loss=0.0675  lr=2.90e-04
  Epoch 020 [ 720/1443]  loss=0.0544  lr=2.90e-04
  Epoch 020 [ 740/1443]  loss=0.0743  lr=2.90e-04
  Epoch 020 [ 760/1443]  loss=0.0410  lr=2.90e-04
  Epoch 020 [ 780/1443]  loss=0.1746  lr=2.90e-04
  Epoch 020 [ 800/1443]  loss=0.0282  lr=2.90e-04
  Epoch 020 [ 820/1443]  loss=0.0324  lr=2.90e-04
  Epoch 020 [ 840/1443]  loss=0.0159  lr=2.90e-04
  Epoch 020 [ 860/1443]  loss=0.0295  lr=2.90e-04
  Epoch 020 [ 880/1443]  loss=0.0339  lr=2.90e-04
  Epoch 020 [ 900/1443]  loss=0.0212  lr=2.90e-04
  Epoch 020 [ 920/1443]  loss=0.0198  lr=2.90e-04
  Epoch 020 [ 940/1443]  loss=0.0445  lr=2.90e-04
  Epoch 020 [ 960/1443]  loss=0.0227  lr=2.90e-04
  Epoch 020 [ 980/1443]  loss=0.0835  lr=2.90e-04
  Epoch 020 [1000/1443]  loss=0.0449  lr=2.90e-04
  Epoch 020 [1020/1443]  loss=0.0582  lr=2.90e-04
  Epoch 020 [1040/1443]  loss=0.0507  lr=2.90e-04
  Epoch 020 [1060/1443]  loss=0.0625  lr=2.90e-04
  Epoch 020 [1080/1443]  loss=0.0427  lr=2.90e-04
  Epoch 020 [1100/1443]  loss=0.0103  lr=2.90e-04
  Epoch 020 [1120/1443]  loss=0.0241  lr=2.90e-04
  Epoch 020 [1140/1443]  loss=0.0298  lr=2.90e-04
  Epoch 020 [1160/1443]  loss=0.0460  lr=2.89e-04
  Epoch 020 [1180/1443]  loss=0.0556  lr=2.89e-04
  Epoch 020 [1200/1443]  loss=0.0290  lr=2.89e-04
  Epoch 020 [1220/1443]  loss=0.0184  lr=2.89e-04
  Epoch 020 [1240/1443]  loss=0.0145  lr=2.89e-04
  Epoch 020 [1260/1443]  loss=0.0638  lr=2.89e-04
  Epoch 020 [1280/1443]  loss=0.0125  lr=2.89e-04
  Epoch 020 [1300/1443]  loss=0.0385  lr=2.89e-04
  Epoch 020 [1320/1443]  loss=0.0703  lr=2.89e-04
  Epoch 020 [1340/1443]  loss=0.0127  lr=2.89e-04
  Epoch 020 [1360/1443]  loss=0.0358  lr=2.89e-04
  Epoch 020 [1380/1443]  loss=0.0276  lr=2.89e-04
  Epoch 020 [1400/1443]  loss=0.0117  lr=2.89e-04
  Epoch 020 [1420/1443]  loss=0.0126  lr=2.89e-04
  Epoch 020 [1440/1443]  loss=0.0273  lr=2.89e-04

Epoch 020 done | avg_loss=0.0446 | val_mse_norm=0.0391 (α=0.0534 ζ=0.0247) | time=294.6s
  Checkpoint saved → /scratch/va2661/data/active_matter/checkpoints/supervised/latest.pt
  Checkpoint saved → /scratch/va2661/data/active_matter/checkpoints/supervised/epoch_0020.pt

  Epoch 021 [   0/1443]  loss=0.0306  lr=2.89e-04
  Epoch 021 [  20/1443]  loss=0.0346  lr=2.89e-04
  Epoch 021 [  40/1443]  loss=0.0320  lr=2.89e-04
  Epoch 021 [  60/1443]  loss=0.0239  lr=2.89e-04
  Epoch 021 [  80/1443]  loss=0.0328  lr=2.89e-04
  Epoch 021 [ 100/1443]  loss=0.0431  lr=2.89e-04
  Epoch 021 [ 120/1443]  loss=0.0191  lr=2.89e-04
  Epoch 021 [ 140/1443]  loss=0.0196  lr=2.89e-04
  Epoch 021 [ 160/1443]  loss=0.0161  lr=2.89e-04
  Epoch 021 [ 180/1443]  loss=0.0142  lr=2.89e-04
  Epoch 021 [ 200/1443]  loss=0.0485  lr=2.89e-04
  Epoch 021 [ 220/1443]  loss=0.0219  lr=2.89e-04
  Epoch 021 [ 240/1443]  loss=0.0271  lr=2.89e-04
  Epoch 021 [ 260/1443]  loss=0.0630  lr=2.89e-04
  Epoch 021 [ 280/1443]  loss=0.0979  lr=2.89e-04
  Epoch 021 [ 300/1443]  loss=0.0546  lr=2.89e-04
  Epoch 021 [ 320/1443]  loss=0.0371  lr=2.89e-04
  Epoch 021 [ 340/1443]  loss=0.0379  lr=2.89e-04
  Epoch 021 [ 360/1443]  loss=0.0601  lr=2.89e-04
  Epoch 021 [ 380/1443]  loss=0.0254  lr=2.89e-04
  Epoch 021 [ 400/1443]  loss=0.0442  lr=2.89e-04
  Epoch 021 [ 420/1443]  loss=0.0189  lr=2.89e-04
  Epoch 021 [ 440/1443]  loss=0.0273  lr=2.89e-04
  Epoch 021 [ 460/1443]  loss=0.0495  lr=2.88e-04
  Epoch 021 [ 480/1443]  loss=0.0107  lr=2.88e-04
  Epoch 021 [ 500/1443]  loss=0.0481  lr=2.88e-04
  Epoch 021 [ 520/1443]  loss=0.0548  lr=2.88e-04
  Epoch 021 [ 540/1443]  loss=0.0420  lr=2.88e-04
  Epoch 021 [ 560/1443]  loss=0.0356  lr=2.88e-04
  Epoch 021 [ 580/1443]  loss=0.1093  lr=2.88e-04
  Epoch 021 [ 600/1443]  loss=0.0093  lr=2.88e-04
  Epoch 021 [ 620/1443]  loss=0.0613  lr=2.88e-04
  Epoch 021 [ 640/1443]  loss=0.0579  lr=2.88e-04
  Epoch 021 [ 660/1443]  loss=0.0240  lr=2.88e-04
  Epoch 021 [ 680/1443]  loss=0.0253  lr=2.88e-04
  Epoch 021 [ 700/1443]  loss=0.0227  lr=2.88e-04
  Epoch 021 [ 720/1443]  loss=0.0317  lr=2.88e-04
  Epoch 021 [ 740/1443]  loss=0.0339  lr=2.88e-04
  Epoch 021 [ 760/1443]  loss=0.0198  lr=2.88e-04
  Epoch 021 [ 780/1443]  loss=0.0522  lr=2.88e-04
  Epoch 021 [ 800/1443]  loss=0.0595  lr=2.88e-04
  Epoch 021 [ 820/1443]  loss=0.0190  lr=2.88e-04
  Epoch 021 [ 840/1443]  loss=0.0540  lr=2.88e-04
  Epoch 021 [ 860/1443]  loss=0.1305  lr=2.88e-04
  Epoch 021 [ 880/1443]  loss=0.0079  lr=2.88e-04
  Epoch 021 [ 900/1443]  loss=0.0145  lr=2.88e-04
  Epoch 021 [ 920/1443]  loss=0.0587  lr=2.88e-04
  Epoch 021 [ 940/1443]  loss=0.0194  lr=2.88e-04
  Epoch 021 [ 960/1443]  loss=0.0322  lr=2.88e-04
  Epoch 021 [ 980/1443]  loss=0.0856  lr=2.88e-04
  Epoch 021 [1000/1443]  loss=0.0964  lr=2.88e-04
  Epoch 021 [1020/1443]  loss=0.0162  lr=2.88e-04
  Epoch 021 [1040/1443]  loss=0.0534  lr=2.88e-04
  Epoch 021 [1060/1443]  loss=0.0208  lr=2.88e-04
  Epoch 021 [1080/1443]  loss=0.0280  lr=2.88e-04
  Epoch 021 [1100/1443]  loss=0.0386  lr=2.88e-04
  Epoch 021 [1120/1443]  loss=0.0454  lr=2.88e-04
  Epoch 021 [1140/1443]  loss=0.0296  lr=2.88e-04
  Epoch 021 [1160/1443]  loss=0.0340  lr=2.87e-04
  Epoch 021 [1180/1443]  loss=0.0092  lr=2.87e-04
  Epoch 021 [1200/1443]  loss=0.0192  lr=2.87e-04
  Epoch 021 [1220/1443]  loss=0.0566  lr=2.87e-04
  Epoch 021 [1240/1443]  loss=0.0396  lr=2.87e-04
  Epoch 021 [1260/1443]  loss=0.0446  lr=2.87e-04
  Epoch 021 [1280/1443]  loss=0.0477  lr=2.87e-04
  Epoch 021 [1300/1443]  loss=0.0486  lr=2.87e-04
  Epoch 021 [1320/1443]  loss=0.0692  lr=2.87e-04
  Epoch 021 [1340/1443]  loss=0.0180  lr=2.87e-04
  Epoch 021 [1360/1443]  loss=0.0491  lr=2.87e-04
  Epoch 021 [1380/1443]  loss=0.0229  lr=2.87e-04
  Epoch 021 [1400/1443]  loss=0.0532  lr=2.87e-04
  Epoch 021 [1420/1443]  loss=0.0241  lr=2.87e-04
  Epoch 021 [1440/1443]  loss=0.0511  lr=2.87e-04

Epoch 021 done | avg_loss=0.0416 | val_mse_norm=0.0692 (α=0.1253 ζ=0.0130) | time=294.8s
  Checkpoint saved → /scratch/va2661/data/active_matter/checkpoints/supervised/latest.pt

  Epoch 022 [   0/1443]  loss=0.0229  lr=2.87e-04
  Epoch 022 [  20/1443]  loss=0.0200  lr=2.87e-04
  Epoch 022 [  40/1443]  loss=0.0342  lr=2.87e-04
  Epoch 022 [  60/1443]  loss=0.0325  lr=2.87e-04
  Epoch 022 [  80/1443]  loss=0.0146  lr=2.87e-04
  Epoch 022 [ 100/1443]  loss=0.0193  lr=2.87e-04
  Epoch 022 [ 120/1443]  loss=0.0139  lr=2.87e-04
  Epoch 022 [ 140/1443]  loss=0.0408  lr=2.87e-04
  Epoch 022 [ 160/1443]  loss=0.0591  lr=2.87e-04
  Epoch 022 [ 180/1443]  loss=0.0397  lr=2.87e-04
  Epoch 022 [ 200/1443]  loss=0.0069  lr=2.87e-04
  Epoch 022 [ 220/1443]  loss=0.0361  lr=2.87e-04
  Epoch 022 [ 240/1443]  loss=0.0196  lr=2.87e-04
  Epoch 022 [ 260/1443]  loss=0.0258  lr=2.87e-04
  Epoch 022 [ 280/1443]  loss=0.0661  lr=2.87e-04
  Epoch 022 [ 300/1443]  loss=0.0793  lr=2.87e-04
  Epoch 022 [ 320/1443]  loss=0.0263  lr=2.87e-04
  Epoch 022 [ 340/1443]  loss=0.1160  lr=2.87e-04
  Epoch 022 [ 360/1443]  loss=0.0757  lr=2.87e-04
  Epoch 022 [ 380/1443]  loss=0.0267  lr=2.87e-04
  Epoch 022 [ 400/1443]  loss=0.0345  lr=2.86e-04
  Epoch 022 [ 420/1443]  loss=0.0110  lr=2.86e-04
  Epoch 022 [ 440/1443]  loss=0.0059  lr=2.86e-04
  Epoch 022 [ 460/1443]  loss=0.0173  lr=2.86e-04
  Epoch 022 [ 480/1443]  loss=0.0161  lr=2.86e-04
  Epoch 022 [ 500/1443]  loss=0.0232  lr=2.86e-04
  Epoch 022 [ 520/1443]  loss=0.0170  lr=2.86e-04
  Epoch 022 [ 540/1443]  loss=0.0253  lr=2.86e-04
  Epoch 022 [ 560/1443]  loss=0.0303  lr=2.86e-04
  Epoch 022 [ 580/1443]  loss=0.0522  lr=2.86e-04
  Epoch 022 [ 600/1443]  loss=0.0441  lr=2.86e-04
  Epoch 022 [ 620/1443]  loss=0.0335  lr=2.86e-04
  Epoch 022 [ 640/1443]  loss=0.1899  lr=2.86e-04
  Epoch 022 [ 660/1443]  loss=0.0150  lr=2.86e-04
  Epoch 022 [ 680/1443]  loss=0.0159  lr=2.86e-04
  Epoch 022 [ 700/1443]  loss=0.0214  lr=2.86e-04
  Epoch 022 [ 720/1443]  loss=0.0252  lr=2.86e-04
  Epoch 022 [ 740/1443]  loss=0.0206  lr=2.86e-04
  Epoch 022 [ 760/1443]  loss=0.0971  lr=2.86e-04
  Epoch 022 [ 780/1443]  loss=0.0280  lr=2.86e-04
  Epoch 022 [ 800/1443]  loss=0.0400  lr=2.86e-04
  Epoch 022 [ 820/1443]  loss=0.0300  lr=2.86e-04
  Epoch 022 [ 840/1443]  loss=0.0079  lr=2.86e-04
  Epoch 022 [ 860/1443]  loss=0.0334  lr=2.86e-04
  Epoch 022 [ 880/1443]  loss=0.0231  lr=2.86e-04
  Epoch 022 [ 900/1443]  loss=0.0254  lr=2.86e-04
  Epoch 022 [ 920/1443]  loss=0.0289  lr=2.86e-04
  Epoch 022 [ 940/1443]  loss=0.0151  lr=2.86e-04
  Epoch 022 [ 960/1443]  loss=0.0360  lr=2.86e-04
  Epoch 022 [ 980/1443]  loss=0.0408  lr=2.86e-04
  Epoch 022 [1000/1443]  loss=0.0274  lr=2.86e-04
  Epoch 022 [1020/1443]  loss=0.0216  lr=2.86e-04
  Epoch 022 [1040/1443]  loss=0.0511  lr=2.86e-04
  Epoch 022 [1060/1443]  loss=0.0300  lr=2.85e-04
  Epoch 022 [1080/1443]  loss=0.0463  lr=2.85e-04
  Epoch 022 [1100/1443]  loss=0.0606  lr=2.85e-04
  Epoch 022 [1120/1443]  loss=0.0077  lr=2.85e-04
  Epoch 022 [1140/1443]  loss=0.0135  lr=2.85e-04
  Epoch 022 [1160/1443]  loss=0.0454  lr=2.85e-04
  Epoch 022 [1180/1443]  loss=0.0359  lr=2.85e-04
  Epoch 022 [1200/1443]  loss=0.0165  lr=2.85e-04
  Epoch 022 [1220/1443]  loss=0.0190  lr=2.85e-04
  Epoch 022 [1240/1443]  loss=0.0293  lr=2.85e-04
  Epoch 022 [1260/1443]  loss=0.0158  lr=2.85e-04
  Epoch 022 [1280/1443]  loss=0.0412  lr=2.85e-04
  Epoch 022 [1300/1443]  loss=0.0301  lr=2.85e-04
  Epoch 022 [1320/1443]  loss=0.0347  lr=2.85e-04
  Epoch 022 [1340/1443]  loss=0.0225  lr=2.85e-04
  Epoch 022 [1360/1443]  loss=0.0477  lr=2.85e-04
  Epoch 022 [1380/1443]  loss=0.0457  lr=2.85e-04
  Epoch 022 [1400/1443]  loss=0.0121  lr=2.85e-04
  Epoch 022 [1420/1443]  loss=0.1483  lr=2.85e-04
  Epoch 022 [1440/1443]  loss=0.0175  lr=2.85e-04

Epoch 022 done | avg_loss=0.0355 | val_mse_norm=0.0804 (α=0.1413 ζ=0.0196) | time=294.3s
  Checkpoint saved → /scratch/va2661/data/active_matter/checkpoints/supervised/latest.pt

  Epoch 023 [   0/1443]  loss=0.0213  lr=2.85e-04
  Epoch 023 [  20/1443]  loss=0.0208  lr=2.85e-04
  Epoch 023 [  40/1443]  loss=0.0274  lr=2.85e-04
  Epoch 023 [  60/1443]  loss=0.0245  lr=2.85e-04
  Epoch 023 [  80/1443]  loss=0.0114  lr=2.85e-04
  Epoch 023 [ 100/1443]  loss=0.0262  lr=2.85e-04
  Epoch 023 [ 120/1443]  loss=0.0247  lr=2.85e-04
  Epoch 023 [ 140/1443]  loss=0.0481  lr=2.85e-04
  Epoch 023 [ 160/1443]  loss=0.0577  lr=2.85e-04
  Epoch 023 [ 180/1443]  loss=0.0152  lr=2.85e-04
  Epoch 023 [ 200/1443]  loss=0.0187  lr=2.85e-04
  Epoch 023 [ 220/1443]  loss=0.0523  lr=2.85e-04
  Epoch 023 [ 240/1443]  loss=0.0145  lr=2.84e-04
  Epoch 023 [ 260/1443]  loss=0.0269  lr=2.84e-04
  Epoch 023 [ 280/1443]  loss=0.0099  lr=2.84e-04
  Epoch 023 [ 300/1443]  loss=0.0119  lr=2.84e-04
  Epoch 023 [ 320/1443]  loss=0.0295  lr=2.84e-04
  Epoch 023 [ 340/1443]  loss=0.0364  lr=2.84e-04
  Epoch 023 [ 360/1443]  loss=0.0596  lr=2.84e-04
  Epoch 023 [ 380/1443]  loss=0.0384  lr=2.84e-04
  Epoch 023 [ 400/1443]  loss=0.0433  lr=2.84e-04
  Epoch 023 [ 420/1443]  loss=0.0543  lr=2.84e-04
  Epoch 023 [ 440/1443]  loss=0.0346  lr=2.84e-04
  Epoch 023 [ 460/1443]  loss=0.0200  lr=2.84e-04
  Epoch 023 [ 480/1443]  loss=0.0151  lr=2.84e-04
  Epoch 023 [ 500/1443]  loss=0.0332  lr=2.84e-04
  Epoch 023 [ 520/1443]  loss=0.0638  lr=2.84e-04
  Epoch 023 [ 540/1443]  loss=0.0129  lr=2.84e-04
  Epoch 023 [ 560/1443]  loss=0.0433  lr=2.84e-04
  Epoch 023 [ 580/1443]  loss=0.0348  lr=2.84e-04
  Epoch 023 [ 600/1443]  loss=0.0210  lr=2.84e-04
  Epoch 023 [ 620/1443]  loss=0.0154  lr=2.84e-04
  Epoch 023 [ 640/1443]  loss=0.0476  lr=2.84e-04
  Epoch 023 [ 660/1443]  loss=0.0414  lr=2.84e-04
  Epoch 023 [ 680/1443]  loss=0.0368  lr=2.84e-04
  Epoch 023 [ 700/1443]  loss=0.0115  lr=2.84e-04
  Epoch 023 [ 720/1443]  loss=0.0207  lr=2.84e-04
  Epoch 023 [ 740/1443]  loss=0.0248  lr=2.84e-04
  Epoch 023 [ 760/1443]  loss=0.0262  lr=2.84e-04
  Epoch 023 [ 780/1443]  loss=0.0203  lr=2.84e-04
  Epoch 023 [ 800/1443]  loss=0.0430  lr=2.84e-04
  Epoch 023 [ 820/1443]  loss=0.0171  lr=2.84e-04
  Epoch 023 [ 840/1443]  loss=0.0759  lr=2.84e-04
  Epoch 023 [ 860/1443]  loss=0.0274  lr=2.83e-04
  Epoch 023 [ 880/1443]  loss=0.0260  lr=2.83e-04
  Epoch 023 [ 900/1443]  loss=0.1025  lr=2.83e-04
  Epoch 023 [ 920/1443]  loss=0.0226  lr=2.83e-04
  Epoch 023 [ 940/1443]  loss=0.0286  lr=2.83e-04
  Epoch 023 [ 960/1443]  loss=0.0114  lr=2.83e-04
  Epoch 023 [ 980/1443]  loss=0.0413  lr=2.83e-04
  Epoch 023 [1000/1443]  loss=0.0091  lr=2.83e-04
  Epoch 023 [1020/1443]  loss=0.0390  lr=2.83e-04
  Epoch 023 [1040/1443]  loss=0.0211  lr=2.83e-04
  Epoch 023 [1060/1443]  loss=0.0344  lr=2.83e-04
  Epoch 023 [1080/1443]  loss=0.0143  lr=2.83e-04
  Epoch 023 [1100/1443]  loss=0.0083  lr=2.83e-04
  Epoch 023 [1120/1443]  loss=0.0102  lr=2.83e-04
  Epoch 023 [1140/1443]  loss=0.0228  lr=2.83e-04
  Epoch 023 [1160/1443]  loss=0.0124  lr=2.83e-04
  Epoch 023 [1180/1443]  loss=0.0349  lr=2.83e-04
  Epoch 023 [1200/1443]  loss=0.0663  lr=2.83e-04
  Epoch 023 [1220/1443]  loss=0.0139  lr=2.83e-04
  Epoch 023 [1240/1443]  loss=0.0459  lr=2.83e-04
  Epoch 023 [1260/1443]  loss=0.0322  lr=2.83e-04
  Epoch 023 [1280/1443]  loss=0.0220  lr=2.83e-04
  Epoch 023 [1300/1443]  loss=0.0239  lr=2.83e-04
  Epoch 023 [1320/1443]  loss=0.0068  lr=2.83e-04
  Epoch 023 [1340/1443]  loss=0.0164  lr=2.83e-04
  Epoch 023 [1360/1443]  loss=0.0144  lr=2.83e-04
  Epoch 023 [1380/1443]  loss=0.0315  lr=2.83e-04
  Epoch 023 [1400/1443]  loss=0.0292  lr=2.83e-04
  Epoch 023 [1420/1443]  loss=0.0214  lr=2.83e-04
  Epoch 023 [1440/1443]  loss=0.0189  lr=2.83e-04

Epoch 023 done | avg_loss=0.0329 | val_mse_norm=0.0318 (α=0.0469 ζ=0.0167) | time=293.6s
  Checkpoint saved → /scratch/va2661/data/active_matter/checkpoints/supervised/latest.pt
  Checkpoint saved → /scratch/va2661/data/active_matter/checkpoints/supervised/best.pt

  Epoch 024 [   0/1443]  loss=0.0314  lr=2.83e-04
  Epoch 024 [  20/1443]  loss=0.0277  lr=2.82e-04
  Epoch 024 [  40/1443]  loss=0.0111  lr=2.82e-04
  Epoch 024 [  60/1443]  loss=0.0106  lr=2.82e-04
  Epoch 024 [  80/1443]  loss=0.0065  lr=2.82e-04
  Epoch 024 [ 100/1443]  loss=0.0060  lr=2.82e-04
  Epoch 024 [ 120/1443]  loss=0.0158  lr=2.82e-04
  Epoch 024 [ 140/1443]  loss=0.0186  lr=2.82e-04
  Epoch 024 [ 160/1443]  loss=0.0449  lr=2.82e-04
  Epoch 024 [ 180/1443]  loss=0.0112  lr=2.82e-04
  Epoch 024 [ 200/1443]  loss=0.0638  lr=2.82e-04
  Epoch 024 [ 220/1443]  loss=0.0593  lr=2.82e-04
  Epoch 024 [ 240/1443]  loss=0.0125  lr=2.82e-04
  Epoch 024 [ 260/1443]  loss=0.0635  lr=2.82e-04
  Epoch 024 [ 280/1443]  loss=0.0255  lr=2.82e-04
  Epoch 024 [ 300/1443]  loss=0.0258  lr=2.82e-04
  Epoch 024 [ 320/1443]  loss=0.0095  lr=2.82e-04
  Epoch 024 [ 340/1443]  loss=0.0308  lr=2.82e-04
  Epoch 024 [ 360/1443]  loss=0.0649  lr=2.82e-04
  Epoch 024 [ 380/1443]  loss=0.0100  lr=2.82e-04
  Epoch 024 [ 400/1443]  loss=0.0725  lr=2.82e-04
  Epoch 024 [ 420/1443]  loss=0.0776  lr=2.82e-04
  Epoch 024 [ 440/1443]  loss=0.0300  lr=2.82e-04
  Epoch 024 [ 460/1443]  loss=0.0169  lr=2.82e-04
  Epoch 024 [ 480/1443]  loss=0.0064  lr=2.82e-04
  Epoch 024 [ 500/1443]  loss=0.0172  lr=2.82e-04
  Epoch 024 [ 520/1443]  loss=0.0200  lr=2.82e-04
  Epoch 024 [ 540/1443]  loss=0.0500  lr=2.82e-04
  Epoch 024 [ 560/1443]  loss=0.0182  lr=2.82e-04
  Epoch 024 [ 580/1443]  loss=0.0258  lr=2.82e-04
  Epoch 024 [ 600/1443]  loss=0.0335  lr=2.81e-04
  Epoch 024 [ 620/1443]  loss=0.0433  lr=2.81e-04
  Epoch 024 [ 640/1443]  loss=0.0371  lr=2.81e-04
  Epoch 024 [ 660/1443]  loss=0.0064  lr=2.81e-04
  Epoch 024 [ 680/1443]  loss=0.0506  lr=2.81e-04
  Epoch 024 [ 700/1443]  loss=0.0197  lr=2.81e-04
  Epoch 024 [ 720/1443]  loss=0.0183  lr=2.81e-04
  Epoch 024 [ 740/1443]  loss=0.0603  lr=2.81e-04
  Epoch 024 [ 760/1443]  loss=0.0472  lr=2.81e-04
  Epoch 024 [ 780/1443]  loss=0.0220  lr=2.81e-04
  Epoch 024 [ 800/1443]  loss=0.0239  lr=2.81e-04
  Epoch 024 [ 820/1443]  loss=0.0437  lr=2.81e-04
  Epoch 024 [ 840/1443]  loss=0.0241  lr=2.81e-04
  Epoch 024 [ 860/1443]  loss=0.0127  lr=2.81e-04
  Epoch 024 [ 880/1443]  loss=0.0293  lr=2.81e-04
  Epoch 024 [ 900/1443]  loss=0.0378  lr=2.81e-04
  Epoch 024 [ 920/1443]  loss=0.0310  lr=2.81e-04
  Epoch 024 [ 940/1443]  loss=0.0137  lr=2.81e-04
  Epoch 024 [ 960/1443]  loss=0.0496  lr=2.81e-04
  Epoch 024 [ 980/1443]  loss=0.0284  lr=2.81e-04
  Epoch 024 [1000/1443]  loss=0.0210  lr=2.81e-04
  Epoch 024 [1020/1443]  loss=0.0194  lr=2.81e-04
  Epoch 024 [1040/1443]  loss=0.0307  lr=2.81e-04
  Epoch 024 [1060/1443]  loss=0.0040  lr=2.81e-04
  Epoch 024 [1080/1443]  loss=0.0403  lr=2.81e-04
  Epoch 024 [1100/1443]  loss=0.0173  lr=2.81e-04
  Epoch 024 [1120/1443]  loss=0.0868  lr=2.81e-04
  Epoch 024 [1140/1443]  loss=0.0363  lr=2.81e-04
  Epoch 024 [1160/1443]  loss=0.0056  lr=2.80e-04
  Epoch 024 [1180/1443]  loss=0.0189  lr=2.80e-04
  Epoch 024 [1200/1443]  loss=0.0159  lr=2.80e-04
  Epoch 024 [1220/1443]  loss=0.0063  lr=2.80e-04
  Epoch 024 [1240/1443]  loss=0.0179  lr=2.80e-04
  Epoch 024 [1260/1443]  loss=0.0332  lr=2.80e-04
  Epoch 024 [1280/1443]  loss=0.0437  lr=2.80e-04
  Epoch 024 [1300/1443]  loss=0.0178  lr=2.80e-04
  Epoch 024 [1320/1443]  loss=0.0185  lr=2.80e-04
  Epoch 024 [1340/1443]  loss=0.0174  lr=2.80e-04
  Epoch 024 [1360/1443]  loss=0.0544  lr=2.80e-04
  Epoch 024 [1380/1443]  loss=0.0491  lr=2.80e-04
  Epoch 024 [1400/1443]  loss=0.0130  lr=2.80e-04
  Epoch 024 [1420/1443]  loss=0.0259  lr=2.80e-04
  Epoch 024 [1440/1443]  loss=0.0080  lr=2.80e-04

Epoch 024 done | avg_loss=0.0294 | val_mse_norm=0.0644 (α=0.1047 ζ=0.0241) | time=294.7s
  Checkpoint saved → /scratch/va2661/data/active_matter/checkpoints/supervised/latest.pt

  Epoch 025 [   0/1443]  loss=0.0267  lr=2.80e-04
  Epoch 025 [  20/1443]  loss=0.0112  lr=2.80e-04
  Epoch 025 [  40/1443]  loss=0.0226  lr=2.80e-04
  Epoch 025 [  60/1443]  loss=0.0161  lr=2.80e-04
  Epoch 025 [  80/1443]  loss=0.0143  lr=2.80e-04
  Epoch 025 [ 100/1443]  loss=0.0345  lr=2.80e-04
  Epoch 025 [ 120/1443]  loss=0.0174  lr=2.80e-04
  Epoch 025 [ 140/1443]  loss=0.0199  lr=2.80e-04
  Epoch 025 [ 160/1443]  loss=0.0130  lr=2.80e-04
  Epoch 025 [ 180/1443]  loss=0.0686  lr=2.80e-04
  Epoch 025 [ 200/1443]  loss=0.0041  lr=2.80e-04
  Epoch 025 [ 220/1443]  loss=0.0188  lr=2.80e-04
  Epoch 025 [ 240/1443]  loss=0.0173  lr=2.80e-04
  Epoch 025 [ 260/1443]  loss=0.0130  lr=2.79e-04
  Epoch 025 [ 280/1443]  loss=0.0141  lr=2.79e-04
  Epoch 025 [ 300/1443]  loss=0.0133  lr=2.79e-04
  Epoch 025 [ 320/1443]  loss=0.0075  lr=2.79e-04
  Epoch 025 [ 340/1443]  loss=0.0029  lr=2.79e-04
  Epoch 025 [ 360/1443]  loss=0.0283  lr=2.79e-04
  Epoch 025 [ 380/1443]  loss=0.0172  lr=2.79e-04
  Epoch 025 [ 400/1443]  loss=0.0371  lr=2.79e-04
  Epoch 025 [ 420/1443]  loss=0.0399  lr=2.79e-04
  Epoch 025 [ 440/1443]  loss=0.0078  lr=2.79e-04
  Epoch 025 [ 460/1443]  loss=0.0138  lr=2.79e-04
  Epoch 025 [ 480/1443]  loss=0.0129  lr=2.79e-04
  Epoch 025 [ 500/1443]  loss=0.0454  lr=2.79e-04
  Epoch 025 [ 520/1443]  loss=0.0161  lr=2.79e-04
  Epoch 025 [ 540/1443]  loss=0.0176  lr=2.79e-04
  Epoch 025 [ 560/1443]  loss=0.0176  lr=2.79e-04
  Epoch 025 [ 580/1443]  loss=0.0334  lr=2.79e-04
  Epoch 025 [ 600/1443]  loss=0.0216  lr=2.79e-04
  Epoch 025 [ 620/1443]  loss=0.0155  lr=2.79e-04
  Epoch 025 [ 640/1443]  loss=0.0217  lr=2.79e-04
  Epoch 025 [ 660/1443]  loss=0.0272  lr=2.79e-04
  Epoch 025 [ 680/1443]  loss=0.0243  lr=2.79e-04
  Epoch 025 [ 700/1443]  loss=0.0291  lr=2.79e-04
  Epoch 025 [ 720/1443]  loss=0.1022  lr=2.79e-04
  Epoch 025 [ 740/1443]  loss=0.0308  lr=2.79e-04
  Epoch 025 [ 760/1443]  loss=0.0567  lr=2.79e-04
  Epoch 025 [ 780/1443]  loss=0.0422  lr=2.79e-04
  Epoch 025 [ 800/1443]  loss=0.0714  lr=2.79e-04
  Epoch 025 [ 820/1443]  loss=0.0282  lr=2.78e-04
  Epoch 025 [ 840/1443]  loss=0.0050  lr=2.78e-04
  Epoch 025 [ 860/1443]  loss=0.0117  lr=2.78e-04
  Epoch 025 [ 880/1443]  loss=0.0274  lr=2.78e-04
  Epoch 025 [ 900/1443]  loss=0.0308  lr=2.78e-04
  Epoch 025 [ 920/1443]  loss=0.0133  lr=2.78e-04
  Epoch 025 [ 940/1443]  loss=0.0400  lr=2.78e-04
  Epoch 025 [ 960/1443]  loss=0.0160  lr=2.78e-04
  Epoch 025 [ 980/1443]  loss=0.0107  lr=2.78e-04
  Epoch 025 [1000/1443]  loss=0.0121  lr=2.78e-04
  Epoch 025 [1020/1443]  loss=0.0595  lr=2.78e-04
  Epoch 025 [1040/1443]  loss=0.0572  lr=2.78e-04
  Epoch 025 [1060/1443]  loss=0.0151  lr=2.78e-04
  Epoch 025 [1080/1443]  loss=0.0112  lr=2.78e-04
  Epoch 025 [1100/1443]  loss=0.0197  lr=2.78e-04
  Epoch 025 [1120/1443]  loss=0.0838  lr=2.78e-04
  Epoch 025 [1140/1443]  loss=0.0150  lr=2.78e-04
  Epoch 025 [1160/1443]  loss=0.2723  lr=2.78e-04
  Epoch 025 [1180/1443]  loss=0.0249  lr=2.78e-04
  Epoch 025 [1200/1443]  loss=0.0421  lr=2.78e-04
  Epoch 025 [1220/1443]  loss=0.0338  lr=2.78e-04
  Epoch 025 [1240/1443]  loss=0.0230  lr=2.78e-04
  Epoch 025 [1260/1443]  loss=0.0293  lr=2.78e-04
  Epoch 025 [1280/1443]  loss=0.0086  lr=2.78e-04
  Epoch 025 [1300/1443]  loss=0.0125  lr=2.78e-04
  Epoch 025 [1320/1443]  loss=0.0389  lr=2.78e-04
  Epoch 025 [1340/1443]  loss=0.0049  lr=2.77e-04
  Epoch 025 [1360/1443]  loss=0.0477  lr=2.77e-04
  Epoch 025 [1380/1443]  loss=0.0296  lr=2.77e-04
  Epoch 025 [1400/1443]  loss=0.1061  lr=2.77e-04
  Epoch 025 [1420/1443]  loss=0.0307  lr=2.77e-04
  Epoch 025 [1440/1443]  loss=0.0140  lr=2.77e-04

Epoch 025 done | avg_loss=0.0271 | val_mse_norm=0.0433 (α=0.0583 ζ=0.0283) | time=293.8s
  Checkpoint saved → /scratch/va2661/data/active_matter/checkpoints/supervised/latest.pt

  Epoch 026 [   0/1443]  loss=0.0491  lr=2.77e-04
  Epoch 026 [  20/1443]  loss=0.0124  lr=2.77e-04
  Epoch 026 [  40/1443]  loss=0.0189  lr=2.77e-04
  Epoch 026 [  60/1443]  loss=0.0265  lr=2.77e-04
  Epoch 026 [  80/1443]  loss=0.0174  lr=2.77e-04
  Epoch 026 [ 100/1443]  loss=0.0728  lr=2.77e-04
  Epoch 026 [ 120/1443]  loss=0.0084  lr=2.77e-04
  Epoch 026 [ 140/1443]  loss=0.0205  lr=2.77e-04
  Epoch 026 [ 160/1443]  loss=0.0087  lr=2.77e-04
  Epoch 026 [ 180/1443]  loss=0.0505  lr=2.77e-04
  Epoch 026 [ 200/1443]  loss=0.0409  lr=2.77e-04
  Epoch 026 [ 220/1443]  loss=0.0142  lr=2.77e-04
  Epoch 026 [ 240/1443]  loss=0.0265  lr=2.77e-04
  Epoch 026 [ 260/1443]  loss=0.0074  lr=2.77e-04
  Epoch 026 [ 280/1443]  loss=0.0286  lr=2.77e-04
  Epoch 026 [ 300/1443]  loss=0.0371  lr=2.77e-04
  Epoch 026 [ 320/1443]  loss=0.0105  lr=2.77e-04
  Epoch 026 [ 340/1443]  loss=0.0424  lr=2.77e-04
  Epoch 026 [ 360/1443]  loss=0.0198  lr=2.77e-04
  Epoch 026 [ 380/1443]  loss=0.0213  lr=2.77e-04
  Epoch 026 [ 400/1443]  loss=0.0187  lr=2.77e-04
  Epoch 026 [ 420/1443]  loss=0.0140  lr=2.76e-04
  Epoch 026 [ 440/1443]  loss=0.0069  lr=2.76e-04
  Epoch 026 [ 460/1443]  loss=0.0087  lr=2.76e-04
  Epoch 026 [ 480/1443]  loss=0.0136  lr=2.76e-04
  Epoch 026 [ 500/1443]  loss=0.0267  lr=2.76e-04
  Epoch 026 [ 520/1443]  loss=0.0091  lr=2.76e-04
  Epoch 026 [ 540/1443]  loss=0.0096  lr=2.76e-04
  Epoch 026 [ 560/1443]  loss=0.0095  lr=2.76e-04
  Epoch 026 [ 580/1443]  loss=0.0314  lr=2.76e-04
  Epoch 026 [ 600/1443]  loss=0.0129  lr=2.76e-04
  Epoch 026 [ 620/1443]  loss=0.0103  lr=2.76e-04
  Epoch 026 [ 640/1443]  loss=0.0137  lr=2.76e-04
  Epoch 026 [ 660/1443]  loss=0.0241  lr=2.76e-04
  Epoch 026 [ 680/1443]  loss=0.0135  lr=2.76e-04
  Epoch 026 [ 700/1443]  loss=0.0215  lr=2.76e-04
  Epoch 026 [ 720/1443]  loss=0.0211  lr=2.76e-04
  Epoch 026 [ 740/1443]  loss=0.0219  lr=2.76e-04
  Epoch 026 [ 760/1443]  loss=0.0060  lr=2.76e-04
  Epoch 026 [ 780/1443]  loss=0.0314  lr=2.76e-04
  Epoch 026 [ 800/1443]  loss=0.0263  lr=2.76e-04
  Epoch 026 [ 820/1443]  loss=0.0144  lr=2.76e-04
  Epoch 026 [ 840/1443]  loss=0.0337  lr=2.76e-04
  Epoch 026 [ 860/1443]  loss=0.0190  lr=2.76e-04
  Epoch 026 [ 880/1443]  loss=0.0258  lr=2.76e-04
  Epoch 026 [ 900/1443]  loss=0.0245  lr=2.76e-04
  Epoch 026 [ 920/1443]  loss=0.0154  lr=2.75e-04
  Epoch 026 [ 940/1443]  loss=0.0367  lr=2.75e-04
  Epoch 026 [ 960/1443]  loss=0.0097  lr=2.75e-04
  Epoch 026 [ 980/1443]  loss=0.0079  lr=2.75e-04
  Epoch 026 [1000/1443]  loss=0.0395  lr=2.75e-04
  Epoch 026 [1020/1443]  loss=0.0076  lr=2.75e-04
  Epoch 026 [1040/1443]  loss=0.0128  lr=2.75e-04
  Epoch 026 [1060/1443]  loss=0.0392  lr=2.75e-04
  Epoch 026 [1080/1443]  loss=0.0078  lr=2.75e-04
  Epoch 026 [1100/1443]  loss=0.0044  lr=2.75e-04
  Epoch 026 [1120/1443]  loss=0.0577  lr=2.75e-04
  Epoch 026 [1140/1443]  loss=0.0450  lr=2.75e-04
  Epoch 026 [1160/1443]  loss=0.0234  lr=2.75e-04
  Epoch 026 [1180/1443]  loss=0.0210  lr=2.75e-04
  Epoch 026 [1200/1443]  loss=0.0195  lr=2.75e-04
  Epoch 026 [1220/1443]  loss=0.0164  lr=2.75e-04
  Epoch 026 [1240/1443]  loss=0.0124  lr=2.75e-04
  Epoch 026 [1260/1443]  loss=0.0086  lr=2.75e-04
  Epoch 026 [1280/1443]  loss=0.0307  lr=2.75e-04
  Epoch 026 [1300/1443]  loss=0.0224  lr=2.75e-04
  Epoch 026 [1320/1443]  loss=0.0218  lr=2.75e-04
  Epoch 026 [1340/1443]  loss=0.0081  lr=2.75e-04
  Epoch 026 [1360/1443]  loss=0.0251  lr=2.75e-04
  Epoch 026 [1380/1443]  loss=0.0134  lr=2.75e-04
  Epoch 026 [1400/1443]  loss=0.0265  lr=2.75e-04
  Epoch 026 [1420/1443]  loss=0.0414  lr=2.74e-04
  Epoch 026 [1440/1443]  loss=0.0318  lr=2.74e-04

Epoch 026 done | avg_loss=0.0253 | val_mse_norm=0.0325 (α=0.0338 ζ=0.0311) | time=292.8s
  Checkpoint saved → /scratch/va2661/data/active_matter/checkpoints/supervised/latest.pt

  Epoch 027 [   0/1443]  loss=0.0219  lr=2.74e-04
  Epoch 027 [  20/1443]  loss=0.0371  lr=2.74e-04
  Epoch 027 [  40/1443]  loss=0.0178  lr=2.74e-04
  Epoch 027 [  60/1443]  loss=0.0247  lr=2.74e-04
  Epoch 027 [  80/1443]  loss=0.0131  lr=2.74e-04
  Epoch 027 [ 100/1443]  loss=0.0170  lr=2.74e-04
  Epoch 027 [ 120/1443]  loss=0.1071  lr=2.74e-04
  Epoch 027 [ 140/1443]  loss=0.0962  lr=2.74e-04
  Epoch 027 [ 160/1443]  loss=0.0073  lr=2.74e-04
  Epoch 027 [ 180/1443]  loss=0.0103  lr=2.74e-04
  Epoch 027 [ 200/1443]  loss=0.0192  lr=2.74e-04
  Epoch 027 [ 220/1443]  loss=0.0179  lr=2.74e-04
  Epoch 027 [ 240/1443]  loss=0.0209  lr=2.74e-04
  Epoch 027 [ 260/1443]  loss=0.0319  lr=2.74e-04
  Epoch 027 [ 280/1443]  loss=0.0066  lr=2.74e-04
  Epoch 027 [ 300/1443]  loss=0.0116  lr=2.74e-04
  Epoch 027 [ 320/1443]  loss=0.0255  lr=2.74e-04
  Epoch 027 [ 340/1443]  loss=0.0151  lr=2.74e-04
  Epoch 027 [ 360/1443]  loss=0.0387  lr=2.74e-04
  Epoch 027 [ 380/1443]  loss=0.0145  lr=2.74e-04
  Epoch 027 [ 400/1443]  loss=0.0101  lr=2.74e-04
  Epoch 027 [ 420/1443]  loss=0.0404  lr=2.74e-04
  Epoch 027 [ 440/1443]  loss=0.0077  lr=2.74e-04
  Epoch 027 [ 460/1443]  loss=0.0281  lr=2.74e-04
  Epoch 027 [ 480/1443]  loss=0.0312  lr=2.73e-04
  Epoch 027 [ 500/1443]  loss=0.0135  lr=2.73e-04
  Epoch 027 [ 520/1443]  loss=0.0220  lr=2.73e-04
  Epoch 027 [ 540/1443]  loss=0.0124  lr=2.73e-04
  Epoch 027 [ 560/1443]  loss=0.0147  lr=2.73e-04
  Epoch 027 [ 580/1443]  loss=0.0190  lr=2.73e-04
  Epoch 027 [ 600/1443]  loss=0.0334  lr=2.73e-04
  Epoch 027 [ 620/1443]  loss=0.0335  lr=2.73e-04
  Epoch 027 [ 640/1443]  loss=0.0289  lr=2.73e-04
  Epoch 027 [ 660/1443]  loss=0.0549  lr=2.73e-04
  Epoch 027 [ 680/1443]  loss=0.0164  lr=2.73e-04
  Epoch 027 [ 700/1443]  loss=0.0213  lr=2.73e-04
  Epoch 027 [ 720/1443]  loss=0.0048  lr=2.73e-04
  Epoch 027 [ 740/1443]  loss=0.0239  lr=2.73e-04
  Epoch 027 [ 760/1443]  loss=0.0219  lr=2.73e-04
  Epoch 027 [ 780/1443]  loss=0.0198  lr=2.73e-04
  Epoch 027 [ 800/1443]  loss=0.0220  lr=2.73e-04
  Epoch 027 [ 820/1443]  loss=0.0270  lr=2.73e-04
  Epoch 027 [ 840/1443]  loss=0.0318  lr=2.73e-04
  Epoch 027 [ 860/1443]  loss=0.0838  lr=2.73e-04
  Epoch 027 [ 880/1443]  loss=0.0170  lr=2.73e-04
  Epoch 027 [ 900/1443]  loss=0.0326  lr=2.73e-04
  Epoch 027 [ 920/1443]  loss=0.0156  lr=2.73e-04
  Epoch 027 [ 940/1443]  loss=0.0108  lr=2.73e-04
  Epoch 027 [ 960/1443]  loss=0.0211  lr=2.72e-04
  Epoch 027 [ 980/1443]  loss=0.0466  lr=2.72e-04
  Epoch 027 [1000/1443]  loss=0.0142  lr=2.72e-04
  Epoch 027 [1020/1443]  loss=0.0321  lr=2.72e-04
  Epoch 027 [1040/1443]  loss=0.0329  lr=2.72e-04
  Epoch 027 [1060/1443]  loss=0.0141  lr=2.72e-04
  Epoch 027 [1080/1443]  loss=0.0335  lr=2.72e-04
  Epoch 027 [1100/1443]  loss=0.0199  lr=2.72e-04
  Epoch 027 [1120/1443]  loss=0.0094  lr=2.72e-04
  Epoch 027 [1140/1443]  loss=0.0109  lr=2.72e-04
  Epoch 027 [1160/1443]  loss=0.0297  lr=2.72e-04
  Epoch 027 [1180/1443]  loss=0.0555  lr=2.72e-04
  Epoch 027 [1200/1443]  loss=0.0188  lr=2.72e-04
  Epoch 027 [1220/1443]  loss=0.0250  lr=2.72e-04
  Epoch 027 [1240/1443]  loss=0.0126  lr=2.72e-04
  Epoch 027 [1260/1443]  loss=0.0199  lr=2.72e-04
  Epoch 027 [1280/1443]  loss=0.0165  lr=2.72e-04
  Epoch 027 [1300/1443]  loss=0.0390  lr=2.72e-04
  Epoch 027 [1320/1443]  loss=0.0052  lr=2.72e-04
  Epoch 027 [1340/1443]  loss=0.0171  lr=2.72e-04
  Epoch 027 [1360/1443]  loss=0.0126  lr=2.72e-04
  Epoch 027 [1380/1443]  loss=0.0067  lr=2.72e-04
  Epoch 027 [1400/1443]  loss=0.0074  lr=2.72e-04
  Epoch 027 [1420/1443]  loss=0.0441  lr=2.71e-04
  Epoch 027 [1440/1443]  loss=0.0343  lr=2.71e-04

Epoch 027 done | avg_loss=0.0232 | val_mse_norm=0.0420 (α=0.0566 ζ=0.0274) | time=292.6s
  Checkpoint saved → /scratch/va2661/data/active_matter/checkpoints/supervised/latest.pt

  Epoch 028 [   0/1443]  loss=0.0117  lr=2.71e-04
  Epoch 028 [  20/1443]  loss=0.0278  lr=2.71e-04
  Epoch 028 [  40/1443]  loss=0.0115  lr=2.71e-04
  Epoch 028 [  60/1443]  loss=0.0191  lr=2.71e-04
  Epoch 028 [  80/1443]  loss=0.0101  lr=2.71e-04
  Epoch 028 [ 100/1443]  loss=0.0374  lr=2.71e-04
  Epoch 028 [ 120/1443]  loss=0.0187  lr=2.71e-04
  Epoch 028 [ 140/1443]  loss=0.0095  lr=2.71e-04
  Epoch 028 [ 160/1443]  loss=0.0203  lr=2.71e-04
  Epoch 028 [ 180/1443]  loss=0.0547  lr=2.71e-04
  Epoch 028 [ 200/1443]  loss=0.0976  lr=2.71e-04
  Epoch 028 [ 220/1443]  loss=0.0510  lr=2.71e-04
  Epoch 028 [ 240/1443]  loss=0.0224  lr=2.71e-04
  Epoch 028 [ 260/1443]  loss=0.0078  lr=2.71e-04
  Epoch 028 [ 280/1443]  loss=0.0165  lr=2.71e-04
  Epoch 028 [ 300/1443]  loss=0.0206  lr=2.71e-04
  Epoch 028 [ 320/1443]  loss=0.0178  lr=2.71e-04
  Epoch 028 [ 340/1443]  loss=0.0087  lr=2.71e-04
  Epoch 028 [ 360/1443]  loss=0.0198  lr=2.71e-04
  Epoch 028 [ 380/1443]  loss=0.0232  lr=2.71e-04
  Epoch 028 [ 400/1443]  loss=0.0152  lr=2.71e-04
  Epoch 028 [ 420/1443]  loss=0.0104  lr=2.71e-04
  Epoch 028 [ 440/1443]  loss=0.0086  lr=2.71e-04
  Epoch 028 [ 460/1443]  loss=0.0196  lr=2.70e-04
  Epoch 028 [ 480/1443]  loss=0.0538  lr=2.70e-04
  Epoch 028 [ 500/1443]  loss=0.0312  lr=2.70e-04
  Epoch 028 [ 520/1443]  loss=0.0134  lr=2.70e-04
  Epoch 028 [ 540/1443]  loss=0.0134  lr=2.70e-04
  Epoch 028 [ 560/1443]  loss=0.0320  lr=2.70e-04
  Epoch 028 [ 580/1443]  loss=0.0373  lr=2.70e-04
  Epoch 028 [ 600/1443]  loss=0.0198  lr=2.70e-04
  Epoch 028 [ 620/1443]  loss=0.0104  lr=2.70e-04
  Epoch 028 [ 640/1443]  loss=0.0236  lr=2.70e-04
  Epoch 028 [ 660/1443]  loss=0.0216  lr=2.70e-04
  Epoch 028 [ 680/1443]  loss=0.0152  lr=2.70e-04
  Epoch 028 [ 700/1443]  loss=0.0135  lr=2.70e-04
  Epoch 028 [ 720/1443]  loss=0.0349  lr=2.70e-04
  Epoch 028 [ 740/1443]  loss=0.0099  lr=2.70e-04
  Epoch 028 [ 760/1443]  loss=0.0088  lr=2.70e-04
  Epoch 028 [ 780/1443]  loss=0.0144  lr=2.70e-04
  Epoch 028 [ 800/1443]  loss=0.0116  lr=2.70e-04
  Epoch 028 [ 820/1443]  loss=0.0238  lr=2.70e-04
  Epoch 028 [ 840/1443]  loss=0.0220  lr=2.70e-04
  Epoch 028 [ 860/1443]  loss=0.0205  lr=2.70e-04
  Epoch 028 [ 880/1443]  loss=0.0186  lr=2.70e-04
  Epoch 028 [ 900/1443]  loss=0.0072  lr=2.70e-04
  Epoch 028 [ 920/1443]  loss=0.0115  lr=2.69e-04
  Epoch 028 [ 940/1443]  loss=0.0391  lr=2.69e-04
  Epoch 028 [ 960/1443]  loss=0.0119  lr=2.69e-04
  Epoch 028 [ 980/1443]  loss=0.0181  lr=2.69e-04
  Epoch 028 [1000/1443]  loss=0.0104  lr=2.69e-04
  Epoch 028 [1020/1443]  loss=0.0177  lr=2.69e-04
  Epoch 028 [1040/1443]  loss=0.0057  lr=2.69e-04
  Epoch 028 [1060/1443]  loss=0.0265  lr=2.69e-04
  Epoch 028 [1080/1443]  loss=0.0557  lr=2.69e-04
  Epoch 028 [1100/1443]  loss=0.0101  lr=2.69e-04
  Epoch 028 [1120/1443]  loss=0.0252  lr=2.69e-04
  Epoch 028 [1140/1443]  loss=0.0290  lr=2.69e-04
  Epoch 028 [1160/1443]  loss=0.0197  lr=2.69e-04
  Epoch 028 [1180/1443]  loss=0.0462  lr=2.69e-04
  Epoch 028 [1200/1443]  loss=0.0420  lr=2.69e-04
  Epoch 028 [1220/1443]  loss=0.0140  lr=2.69e-04
  Epoch 028 [1240/1443]  loss=0.0578  lr=2.69e-04
  Epoch 028 [1260/1443]  loss=0.0396  lr=2.69e-04
  Epoch 028 [1280/1443]  loss=0.0095  lr=2.69e-04
  Epoch 028 [1300/1443]  loss=0.0125  lr=2.69e-04
  Epoch 028 [1320/1443]  loss=0.0208  lr=2.69e-04
  Epoch 028 [1340/1443]  loss=0.0113  lr=2.69e-04
  Epoch 028 [1360/1443]  loss=0.0179  lr=2.68e-04
  Epoch 028 [1380/1443]  loss=0.0653  lr=2.68e-04
  Epoch 028 [1400/1443]  loss=0.0343  lr=2.68e-04
  Epoch 028 [1420/1443]  loss=0.0160  lr=2.68e-04
  Epoch 028 [1440/1443]  loss=0.0195  lr=2.68e-04

Epoch 028 done | avg_loss=0.0214 | val_mse_norm=0.0444 (α=0.0613 ζ=0.0276) | time=293.4s
  Checkpoint saved → /scratch/va2661/data/active_matter/checkpoints/supervised/latest.pt

  Epoch 029 [   0/1443]  loss=0.0241  lr=2.68e-04
  Epoch 029 [  20/1443]  loss=0.0373  lr=2.68e-04
  Epoch 029 [  40/1443]  loss=0.0068  lr=2.68e-04
  Epoch 029 [  60/1443]  loss=0.0181  lr=2.68e-04
  Epoch 029 [  80/1443]  loss=0.0309  lr=2.68e-04
  Epoch 029 [ 100/1443]  loss=0.0122  lr=2.68e-04
  Epoch 029 [ 120/1443]  loss=0.0127  lr=2.68e-04
  Epoch 029 [ 140/1443]  loss=0.0201  lr=2.68e-04
  Epoch 029 [ 160/1443]  loss=0.0142  lr=2.68e-04
  Epoch 029 [ 180/1443]  loss=0.0183  lr=2.68e-04
  Epoch 029 [ 200/1443]  loss=0.0202  lr=2.68e-04
  Epoch 029 [ 220/1443]  loss=0.0104  lr=2.68e-04
  Epoch 029 [ 240/1443]  loss=0.0657  lr=2.68e-04
  Epoch 029 [ 260/1443]  loss=0.0129  lr=2.68e-04
  Epoch 029 [ 280/1443]  loss=0.0395  lr=2.68e-04
  Epoch 029 [ 300/1443]  loss=0.0142  lr=2.68e-04
  Epoch 029 [ 320/1443]  loss=0.0236  lr=2.68e-04
  Epoch 029 [ 340/1443]  loss=0.0486  lr=2.68e-04
  Epoch 029 [ 360/1443]  loss=0.0486  lr=2.68e-04
  Epoch 029 [ 380/1443]  loss=0.0115  lr=2.67e-04
  Epoch 029 [ 400/1443]  loss=0.0285  lr=2.67e-04
  Epoch 029 [ 420/1443]  loss=0.0296  lr=2.67e-04
  Epoch 029 [ 440/1443]  loss=0.0123  lr=2.67e-04
  Epoch 029 [ 460/1443]  loss=0.0089  lr=2.67e-04
  Epoch 029 [ 480/1443]  loss=0.0160  lr=2.67e-04
  Epoch 029 [ 500/1443]  loss=0.0322  lr=2.67e-04
  Epoch 029 [ 520/1443]  loss=0.0161  lr=2.67e-04
  Epoch 029 [ 540/1443]  loss=0.0075  lr=2.67e-04
  Epoch 029 [ 560/1443]  loss=0.0190  lr=2.67e-04
  Epoch 029 [ 580/1443]  loss=0.0164  lr=2.67e-04
  Epoch 029 [ 600/1443]  loss=0.0265  lr=2.67e-04
  Epoch 029 [ 620/1443]  loss=0.0382  lr=2.67e-04
  Epoch 029 [ 640/1443]  loss=0.0139  lr=2.67e-04
  Epoch 029 [ 660/1443]  loss=0.0141  lr=2.67e-04
  Epoch 029 [ 680/1443]  loss=0.0069  lr=2.67e-04
  Epoch 029 [ 700/1443]  loss=0.0159  lr=2.67e-04
  Epoch 029 [ 720/1443]  loss=0.0136  lr=2.67e-04
  Epoch 029 [ 740/1443]  loss=0.0129  lr=2.67e-04
  Epoch 029 [ 760/1443]  loss=0.0095  lr=2.67e-04
  Epoch 029 [ 780/1443]  loss=0.0213  lr=2.67e-04
  Epoch 029 [ 800/1443]  loss=0.0099  lr=2.67e-04
  Epoch 029 [ 820/1443]  loss=0.0756  lr=2.66e-04
  Epoch 029 [ 840/1443]  loss=0.0254  lr=2.66e-04
  Epoch 029 [ 860/1443]  loss=0.0100  lr=2.66e-04
  Epoch 029 [ 880/1443]  loss=0.0366  lr=2.66e-04
  Epoch 029 [ 900/1443]  loss=0.0126  lr=2.66e-04
  Epoch 029 [ 920/1443]  loss=0.0127  lr=2.66e-04
  Epoch 029 [ 940/1443]  loss=0.0158  lr=2.66e-04
  Epoch 029 [ 960/1443]  loss=0.0184  lr=2.66e-04
  Epoch 029 [ 980/1443]  loss=0.0298  lr=2.66e-04
  Epoch 029 [1000/1443]  loss=0.0137  lr=2.66e-04
  Epoch 029 [1020/1443]  loss=0.0119  lr=2.66e-04
  Epoch 029 [1040/1443]  loss=0.0146  lr=2.66e-04
  Epoch 029 [1060/1443]  loss=0.0049  lr=2.66e-04
  Epoch 029 [1080/1443]  loss=0.0208  lr=2.66e-04
  Epoch 029 [1100/1443]  loss=0.0224  lr=2.66e-04
  Epoch 029 [1120/1443]  loss=0.0305  lr=2.66e-04
  Epoch 029 [1140/1443]  loss=0.0156  lr=2.66e-04
  Epoch 029 [1160/1443]  loss=0.0355  lr=2.66e-04
  Epoch 029 [1180/1443]  loss=0.0048  lr=2.66e-04
  Epoch 029 [1200/1443]  loss=0.0117  lr=2.66e-04
  Epoch 029 [1220/1443]  loss=0.0118  lr=2.66e-04
  Epoch 029 [1240/1443]  loss=0.0087  lr=2.65e-04
  Epoch 029 [1260/1443]  loss=0.0165  lr=2.65e-04
  Epoch 029 [1280/1443]  loss=0.0124  lr=2.65e-04
  Epoch 029 [1300/1443]  loss=0.0224  lr=2.65e-04
  Epoch 029 [1320/1443]  loss=0.0158  lr=2.65e-04
  Epoch 029 [1340/1443]  loss=0.0070  lr=2.65e-04
  Epoch 029 [1360/1443]  loss=0.0130  lr=2.65e-04
  Epoch 029 [1380/1443]  loss=0.0126  lr=2.65e-04
  Epoch 029 [1400/1443]  loss=0.0169  lr=2.65e-04
  Epoch 029 [1420/1443]  loss=0.0093  lr=2.65e-04
  Epoch 029 [1440/1443]  loss=0.0070  lr=2.65e-04

Epoch 029 done | avg_loss=0.0195 | val_mse_norm=0.0473 (α=0.0530 ζ=0.0416) | time=293.5s
  Checkpoint saved → /scratch/va2661/data/active_matter/checkpoints/supervised/latest.pt

  Epoch 030 [   0/1443]  loss=0.0086  lr=2.65e-04
  Epoch 030 [  20/1443]  loss=0.0043  lr=2.65e-04
  Epoch 030 [  40/1443]  loss=0.0095  lr=2.65e-04
  Epoch 030 [  60/1443]  loss=0.0417  lr=2.65e-04
  Epoch 030 [  80/1443]  loss=0.0169  lr=2.65e-04
  Epoch 030 [ 100/1443]  loss=0.0360  lr=2.65e-04
  Epoch 030 [ 120/1443]  loss=0.0102  lr=2.65e-04
  Epoch 030 [ 140/1443]  loss=0.0119  lr=2.65e-04
  Epoch 030 [ 160/1443]  loss=0.0313  lr=2.65e-04
  Epoch 030 [ 180/1443]  loss=0.0094  lr=2.65e-04
  Epoch 030 [ 200/1443]  loss=0.0104  lr=2.65e-04
  Epoch 030 [ 220/1443]  loss=0.0251  lr=2.65e-04
  Epoch 030 [ 240/1443]  loss=0.0371  lr=2.64e-04
  Epoch 030 [ 260/1443]  loss=0.0061  lr=2.64e-04
  Epoch 030 [ 280/1443]  loss=0.0127  lr=2.64e-04
  Epoch 030 [ 300/1443]  loss=0.0107  lr=2.64e-04
  Epoch 030 [ 320/1443]  loss=0.0274  lr=2.64e-04
  Epoch 030 [ 340/1443]  loss=0.0125  lr=2.64e-04
  Epoch 030 [ 360/1443]  loss=0.0126  lr=2.64e-04
  Epoch 030 [ 380/1443]  loss=0.0095  lr=2.64e-04
  Epoch 030 [ 400/1443]  loss=0.0132  lr=2.64e-04
  Epoch 030 [ 420/1443]  loss=0.0367  lr=2.64e-04
  Epoch 030 [ 440/1443]  loss=0.0182  lr=2.64e-04
  Epoch 030 [ 460/1443]  loss=0.0181  lr=2.64e-04
  Epoch 030 [ 480/1443]  loss=0.0054  lr=2.64e-04
  Epoch 030 [ 500/1443]  loss=0.0077  lr=2.64e-04
  Epoch 030 [ 520/1443]  loss=0.0116  lr=2.64e-04
  Epoch 030 [ 540/1443]  loss=0.0352  lr=2.64e-04
  Epoch 030 [ 560/1443]  loss=0.0110  lr=2.64e-04
  Epoch 030 [ 580/1443]  loss=0.0143  lr=2.64e-04
  Epoch 030 [ 600/1443]  loss=0.0223  lr=2.64e-04
  Epoch 030 [ 620/1443]  loss=0.0323  lr=2.64e-04
  Epoch 030 [ 640/1443]  loss=0.0630  lr=2.64e-04
  Epoch 030 [ 660/1443]  loss=0.0199  lr=2.63e-04
  Epoch 030 [ 680/1443]  loss=0.0247  lr=2.63e-04
  Epoch 030 [ 700/1443]  loss=0.0257  lr=2.63e-04
  Epoch 030 [ 720/1443]  loss=0.0085  lr=2.63e-04
  Epoch 030 [ 740/1443]  loss=0.0089  lr=2.63e-04
  Epoch 030 [ 760/1443]  loss=0.0182  lr=2.63e-04
  Epoch 030 [ 780/1443]  loss=0.0152  lr=2.63e-04
  Epoch 030 [ 800/1443]  loss=0.0097  lr=2.63e-04
  Epoch 030 [ 820/1443]  loss=0.0068  lr=2.63e-04
  Epoch 030 [ 840/1443]  loss=0.0261  lr=2.63e-04
  Epoch 030 [ 860/1443]  loss=0.0047  lr=2.63e-04
  Epoch 030 [ 880/1443]  loss=0.0123  lr=2.63e-04
  Epoch 030 [ 900/1443]  loss=0.0120  lr=2.63e-04
  Epoch 030 [ 920/1443]  loss=0.0586  lr=2.63e-04
  Epoch 030 [ 940/1443]  loss=0.0366  lr=2.63e-04
  Epoch 030 [ 960/1443]  loss=0.0344  lr=2.63e-04
  Epoch 030 [ 980/1443]  loss=0.0057  lr=2.63e-04
  Epoch 030 [1000/1443]  loss=0.0060  lr=2.63e-04
  Epoch 030 [1020/1443]  loss=0.0109  lr=2.63e-04
  Epoch 030 [1040/1443]  loss=0.0227  lr=2.63e-04
  Epoch 030 [1060/1443]  loss=0.0351  lr=2.63e-04
  Epoch 030 [1080/1443]  loss=0.0094  lr=2.62e-04
  Epoch 030 [1100/1443]  loss=0.0045  lr=2.62e-04
  Epoch 030 [1120/1443]  loss=0.0062  lr=2.62e-04
  Epoch 030 [1140/1443]  loss=0.0084  lr=2.62e-04
  Epoch 030 [1160/1443]  loss=0.0263  lr=2.62e-04
  Epoch 030 [1180/1443]  loss=0.0078  lr=2.62e-04
  Epoch 030 [1200/1443]  loss=0.0064  lr=2.62e-04
  Epoch 030 [1220/1443]  loss=0.0116  lr=2.62e-04
  Epoch 030 [1240/1443]  loss=0.0108  lr=2.62e-04
  Epoch 030 [1260/1443]  loss=0.0213  lr=2.62e-04
  Epoch 030 [1280/1443]  loss=0.0205  lr=2.62e-04
  Epoch 030 [1300/1443]  loss=0.0264  lr=2.62e-04
  Epoch 030 [1320/1443]  loss=0.0080  lr=2.62e-04
  Epoch 030 [1340/1443]  loss=0.0115  lr=2.62e-04
  Epoch 030 [1360/1443]  loss=0.0040  lr=2.62e-04
  Epoch 030 [1380/1443]  loss=0.0070  lr=2.62e-04
  Epoch 030 [1400/1443]  loss=0.0061  lr=2.62e-04
  Epoch 030 [1420/1443]  loss=0.0119  lr=2.62e-04
  Epoch 030 [1440/1443]  loss=0.0400  lr=2.62e-04

Epoch 030 done | avg_loss=0.0186 | val_mse_norm=0.0292 (α=0.0479 ζ=0.0105) | time=293.3s
  Checkpoint saved → /scratch/va2661/data/active_matter/checkpoints/supervised/latest.pt
  Checkpoint saved → /scratch/va2661/data/active_matter/checkpoints/supervised/best.pt
  Checkpoint saved → /scratch/va2661/data/active_matter/checkpoints/supervised/epoch_0030.pt

  Epoch 031 [   0/1443]  loss=0.0052  lr=2.62e-04
  Epoch 031 [  20/1443]  loss=0.0101  lr=2.62e-04
  Epoch 031 [  40/1443]  loss=0.0361  lr=2.62e-04
  Epoch 031 [  60/1443]  loss=0.0172  lr=2.61e-04
  Epoch 031 [  80/1443]  loss=0.0262  lr=2.61e-04
  Epoch 031 [ 100/1443]  loss=0.0293  lr=2.61e-04
  Epoch 031 [ 120/1443]  loss=0.0232  lr=2.61e-04
  Epoch 031 [ 140/1443]  loss=0.0105  lr=2.61e-04
  Epoch 031 [ 160/1443]  loss=0.0081  lr=2.61e-04
  Epoch 031 [ 180/1443]  loss=0.0094  lr=2.61e-04
  Epoch 031 [ 200/1443]  loss=0.0156  lr=2.61e-04
  Epoch 031 [ 220/1443]  loss=0.0246  lr=2.61e-04
  Epoch 031 [ 240/1443]  loss=0.0100  lr=2.61e-04
  Epoch 031 [ 260/1443]  loss=0.0155  lr=2.61e-04
  Epoch 031 [ 280/1443]  loss=0.0312  lr=2.61e-04
  Epoch 031 [ 300/1443]  loss=0.0108  lr=2.61e-04
  Epoch 031 [ 320/1443]  loss=0.0241  lr=2.61e-04
  Epoch 031 [ 340/1443]  loss=0.0143  lr=2.61e-04
  Epoch 031 [ 360/1443]  loss=0.0313  lr=2.61e-04
  Epoch 031 [ 380/1443]  loss=0.0025  lr=2.61e-04
  Epoch 031 [ 400/1443]  loss=0.0264  lr=2.61e-04
  Epoch 031 [ 420/1443]  loss=0.0127  lr=2.61e-04
  Epoch 031 [ 440/1443]  loss=0.0179  lr=2.61e-04
  Epoch 031 [ 460/1443]  loss=0.0073  lr=2.60e-04
  Epoch 031 [ 480/1443]  loss=0.0038  lr=2.60e-04
  Epoch 031 [ 500/1443]  loss=0.0140  lr=2.60e-04
  Epoch 031 [ 520/1443]  loss=0.0068  lr=2.60e-04
  Epoch 031 [ 540/1443]  loss=0.0206  lr=2.60e-04
  Epoch 031 [ 560/1443]  loss=0.0139  lr=2.60e-04
  Epoch 031 [ 580/1443]  loss=0.0298  lr=2.60e-04
  Epoch 031 [ 600/1443]  loss=0.0560  lr=2.60e-04
  Epoch 031 [ 620/1443]  loss=0.0053  lr=2.60e-04
  Epoch 031 [ 640/1443]  loss=0.0266  lr=2.60e-04
  Epoch 031 [ 660/1443]  loss=0.0140  lr=2.60e-04
  Epoch 031 [ 680/1443]  loss=0.0202  lr=2.60e-04
  Epoch 031 [ 700/1443]  loss=0.0137  lr=2.60e-04
  Epoch 031 [ 720/1443]  loss=0.0177  lr=2.60e-04
  Epoch 031 [ 740/1443]  loss=0.0200  lr=2.60e-04
  Epoch 031 [ 760/1443]  loss=0.0101  lr=2.60e-04
  Epoch 031 [ 780/1443]  loss=0.0230  lr=2.60e-04
  Epoch 031 [ 800/1443]  loss=0.0153  lr=2.60e-04
  Epoch 031 [ 820/1443]  loss=0.0091  lr=2.60e-04
  Epoch 031 [ 840/1443]  loss=0.0080  lr=2.60e-04
  Epoch 031 [ 860/1443]  loss=0.0139  lr=2.59e-04
  Epoch 031 [ 880/1443]  loss=0.0361  lr=2.59e-04
  Epoch 031 [ 900/1443]  loss=0.0162  lr=2.59e-04
  Epoch 031 [ 920/1443]  loss=0.0127  lr=2.59e-04
  Epoch 031 [ 940/1443]  loss=0.0107  lr=2.59e-04
  Epoch 031 [ 960/1443]  loss=0.0143  lr=2.59e-04
  Epoch 031 [ 980/1443]  loss=0.0313  lr=2.59e-04
  Epoch 031 [1000/1443]  loss=0.0053  lr=2.59e-04
  Epoch 031 [1020/1443]  loss=0.0095  lr=2.59e-04
  Epoch 031 [1040/1443]  loss=0.0115  lr=2.59e-04
  Epoch 031 [1060/1443]  loss=0.0110  lr=2.59e-04
  Epoch 031 [1080/1443]  loss=0.0337  lr=2.59e-04
  Epoch 031 [1100/1443]  loss=0.0110  lr=2.59e-04
  Epoch 031 [1120/1443]  loss=0.0069  lr=2.59e-04
  Epoch 031 [1140/1443]  loss=0.0133  lr=2.59e-04
  Epoch 031 [1160/1443]  loss=0.0099  lr=2.59e-04
  Epoch 031 [1180/1443]  loss=0.0222  lr=2.59e-04
  Epoch 031 [1200/1443]  loss=0.0280  lr=2.59e-04
  Epoch 031 [1220/1443]  loss=0.0139  lr=2.59e-04
  Epoch 031 [1240/1443]  loss=0.0180  lr=2.59e-04
  Epoch 031 [1260/1443]  loss=0.0107  lr=2.58e-04
  Epoch 031 [1280/1443]  loss=0.0146  lr=2.58e-04
  Epoch 031 [1300/1443]  loss=0.0076  lr=2.58e-04
  Epoch 031 [1320/1443]  loss=0.0061  lr=2.58e-04
  Epoch 031 [1340/1443]  loss=0.0033  lr=2.58e-04
  Epoch 031 [1360/1443]  loss=0.0211  lr=2.58e-04
  Epoch 031 [1380/1443]  loss=0.0178  lr=2.58e-04
  Epoch 031 [1400/1443]  loss=0.0049  lr=2.58e-04
  Epoch 031 [1420/1443]  loss=0.0053  lr=2.58e-04
  Epoch 031 [1440/1443]  loss=0.0425  lr=2.58e-04

Epoch 031 done | avg_loss=0.0162 | val_mse_norm=0.0322 (α=0.0505 ζ=0.0140) | time=295.6s
  Checkpoint saved → /scratch/va2661/data/active_matter/checkpoints/supervised/latest.pt

  Epoch 032 [   0/1443]  loss=0.0031  lr=2.58e-04
  Epoch 032 [  20/1443]  loss=0.0129  lr=2.58e-04
  Epoch 032 [  40/1443]  loss=0.0138  lr=2.58e-04
  Epoch 032 [  60/1443]  loss=0.0077  lr=2.58e-04
  Epoch 032 [  80/1443]  loss=0.0133  lr=2.58e-04
  Epoch 032 [ 100/1443]  loss=0.0050  lr=2.58e-04
  Epoch 032 [ 120/1443]  loss=0.0052  lr=2.58e-04
  Epoch 032 [ 140/1443]  loss=0.0110  lr=2.58e-04
  Epoch 032 [ 160/1443]  loss=0.0590  lr=2.58e-04
  Epoch 032 [ 180/1443]  loss=0.0071  lr=2.58e-04
  Epoch 032 [ 200/1443]  loss=0.0061  lr=2.58e-04
  Epoch 032 [ 220/1443]  loss=0.0130  lr=2.57e-04
  Epoch 032 [ 240/1443]  loss=0.0265  lr=2.57e-04
  Epoch 032 [ 260/1443]  loss=0.0170  lr=2.57e-04
  Epoch 032 [ 280/1443]  loss=0.0639  lr=2.57e-04
  Epoch 032 [ 300/1443]  loss=0.0244  lr=2.57e-04
  Epoch 032 [ 320/1443]  loss=0.0084  lr=2.57e-04
  Epoch 032 [ 340/1443]  loss=0.0109  lr=2.57e-04
  Epoch 032 [ 360/1443]  loss=0.0092  lr=2.57e-04
  Epoch 032 [ 380/1443]  loss=0.0251  lr=2.57e-04
  Epoch 032 [ 400/1443]  loss=0.0060  lr=2.57e-04
  Epoch 032 [ 420/1443]  loss=0.0043  lr=2.57e-04
  Epoch 032 [ 440/1443]  loss=0.0049  lr=2.57e-04
  Epoch 032 [ 460/1443]  loss=0.0117  lr=2.57e-04
  Epoch 032 [ 480/1443]  loss=0.0046  lr=2.57e-04
  Epoch 032 [ 500/1443]  loss=0.0082  lr=2.57e-04
  Epoch 032 [ 520/1443]  loss=0.0432  lr=2.57e-04
  Epoch 032 [ 540/1443]  loss=0.0291  lr=2.57e-04
  Epoch 032 [ 560/1443]  loss=0.0054  lr=2.57e-04
  Epoch 032 [ 580/1443]  loss=0.0263  lr=2.57e-04
  Epoch 032 [ 600/1443]  loss=0.0137  lr=2.57e-04
  Epoch 032 [ 620/1443]  loss=0.0300  lr=2.56e-04
  Epoch 032 [ 640/1443]  loss=0.0090  lr=2.56e-04
  Epoch 032 [ 660/1443]  loss=0.0247  lr=2.56e-04
  Epoch 032 [ 680/1443]  loss=0.0100  lr=2.56e-04
  Epoch 032 [ 700/1443]  loss=0.0131  lr=2.56e-04
  Epoch 032 [ 720/1443]  loss=0.0077  lr=2.56e-04
  Epoch 032 [ 740/1443]  loss=0.0183  lr=2.56e-04
  Epoch 032 [ 760/1443]  loss=0.0187  lr=2.56e-04
  Epoch 032 [ 780/1443]  loss=0.0094  lr=2.56e-04
  Epoch 032 [ 800/1443]  loss=0.0084  lr=2.56e-04
  Epoch 032 [ 820/1443]  loss=0.0053  lr=2.56e-04
  Epoch 032 [ 840/1443]  loss=0.0103  lr=2.56e-04
  Epoch 032 [ 860/1443]  loss=0.0439  lr=2.56e-04
  Epoch 032 [ 880/1443]  loss=0.0061  lr=2.56e-04
  Epoch 032 [ 900/1443]  loss=0.0127  lr=2.56e-04
  Epoch 032 [ 920/1443]  loss=0.0158  lr=2.56e-04
  Epoch 032 [ 940/1443]  loss=0.0509  lr=2.56e-04
  Epoch 032 [ 960/1443]  loss=0.0217  lr=2.56e-04
  Epoch 032 [ 980/1443]  loss=0.0051  lr=2.56e-04
  Epoch 032 [1000/1443]  loss=0.0215  lr=2.55e-04
  Epoch 032 [1020/1443]  loss=0.0093  lr=2.55e-04
  Epoch 032 [1040/1443]  loss=0.0199  lr=2.55e-04
  Epoch 032 [1060/1443]  loss=0.0323  lr=2.55e-04
  Epoch 032 [1080/1443]  loss=0.0151  lr=2.55e-04
  Epoch 032 [1100/1443]  loss=0.0073  lr=2.55e-04
  Epoch 032 [1120/1443]  loss=0.0349  lr=2.55e-04
  Epoch 032 [1140/1443]  loss=0.0150  lr=2.55e-04
  Epoch 032 [1160/1443]  loss=0.0153  lr=2.55e-04
  Epoch 032 [1180/1443]  loss=0.0051  lr=2.55e-04
  Epoch 032 [1200/1443]  loss=0.0081  lr=2.55e-04
  Epoch 032 [1220/1443]  loss=0.0163  lr=2.55e-04
  Epoch 032 [1240/1443]  loss=0.0106  lr=2.55e-04
  Epoch 032 [1260/1443]  loss=0.0252  lr=2.55e-04
  Epoch 032 [1280/1443]  loss=0.0119  lr=2.55e-04
  Epoch 032 [1300/1443]  loss=0.0109  lr=2.55e-04
  Epoch 032 [1320/1443]  loss=0.0097  lr=2.55e-04
  Epoch 032 [1340/1443]  loss=0.0089  lr=2.55e-04
  Epoch 032 [1360/1443]  loss=0.0062  lr=2.55e-04
  Epoch 032 [1380/1443]  loss=0.0150  lr=2.55e-04
  Epoch 032 [1400/1443]  loss=0.0105  lr=2.54e-04
  Epoch 032 [1420/1443]  loss=0.0128  lr=2.54e-04
  Epoch 032 [1440/1443]  loss=0.0320  lr=2.54e-04

Epoch 032 done | avg_loss=0.0150 | val_mse_norm=0.0369 (α=0.0484 ζ=0.0254) | time=294.0s
  Checkpoint saved → /scratch/va2661/data/active_matter/checkpoints/supervised/latest.pt

  Epoch 033 [   0/1443]  loss=0.0239  lr=2.54e-04
  Epoch 033 [  20/1443]  loss=0.0151  lr=2.54e-04
  Epoch 033 [  40/1443]  loss=0.0092  lr=2.54e-04
  Epoch 033 [  60/1443]  loss=0.0102  lr=2.54e-04
  Epoch 033 [  80/1443]  loss=0.0107  lr=2.54e-04
  Epoch 033 [ 100/1443]  loss=0.0294  lr=2.54e-04
  Epoch 033 [ 120/1443]  loss=0.0071  lr=2.54e-04
  Epoch 033 [ 140/1443]  loss=0.0074  lr=2.54e-04
  Epoch 033 [ 160/1443]  loss=0.0049  lr=2.54e-04
  Epoch 033 [ 180/1443]  loss=0.0043  lr=2.54e-04
  Epoch 033 [ 200/1443]  loss=0.0077  lr=2.54e-04
  Epoch 033 [ 220/1443]  loss=0.0083  lr=2.54e-04
  Epoch 033 [ 240/1443]  loss=0.0133  lr=2.54e-04
  Epoch 033 [ 260/1443]  loss=0.0026  lr=2.54e-04
  Epoch 033 [ 280/1443]  loss=0.0105  lr=2.54e-04
  Epoch 033 [ 300/1443]  loss=0.0312  lr=2.54e-04
  Epoch 033 [ 320/1443]  loss=0.0095  lr=2.54e-04
  Epoch 033 [ 340/1443]  loss=0.0083  lr=2.53e-04
  Epoch 033 [ 360/1443]  loss=0.0319  lr=2.53e-04
  Epoch 033 [ 380/1443]  loss=0.0136  lr=2.53e-04
  Epoch 033 [ 400/1443]  loss=0.0049  lr=2.53e-04
  Epoch 033 [ 420/1443]  loss=0.0189  lr=2.53e-04
  Epoch 033 [ 440/1443]  loss=0.0136  lr=2.53e-04
  Epoch 033 [ 460/1443]  loss=0.0204  lr=2.53e-04
  Epoch 033 [ 480/1443]  loss=0.0107  lr=2.53e-04
  Epoch 033 [ 500/1443]  loss=0.0031  lr=2.53e-04
  Epoch 033 [ 520/1443]  loss=0.0126  lr=2.53e-04
  Epoch 033 [ 540/1443]  loss=0.0094  lr=2.53e-04
  Epoch 033 [ 560/1443]  loss=0.0169  lr=2.53e-04
  Epoch 033 [ 580/1443]  loss=0.0217  lr=2.53e-04
  Epoch 033 [ 600/1443]  loss=0.0145  lr=2.53e-04
  Epoch 033 [ 620/1443]  loss=0.0183  lr=2.53e-04
  Epoch 033 [ 640/1443]  loss=0.0103  lr=2.53e-04
  Epoch 033 [ 660/1443]  loss=0.0080  lr=2.53e-04
  Epoch 033 [ 680/1443]  loss=0.0098  lr=2.53e-04
  Epoch 033 [ 700/1443]  loss=0.0221  lr=2.53e-04
  Epoch 033 [ 720/1443]  loss=0.0057  lr=2.52e-04
  Epoch 033 [ 740/1443]  loss=0.0050  lr=2.52e-04
  Epoch 033 [ 760/1443]  loss=0.0087  lr=2.52e-04
  Epoch 033 [ 780/1443]  loss=0.0116  lr=2.52e-04
  Epoch 033 [ 800/1443]  loss=0.0173  lr=2.52e-04
  Epoch 033 [ 820/1443]  loss=0.0096  lr=2.52e-04
  Epoch 033 [ 840/1443]  loss=0.0111  lr=2.52e-04
  Epoch 033 [ 860/1443]  loss=0.0105  lr=2.52e-04
  Epoch 033 [ 880/1443]  loss=0.0051  lr=2.52e-04
  Epoch 033 [ 900/1443]  loss=0.0248  lr=2.52e-04
  Epoch 033 [ 920/1443]  loss=0.0196  lr=2.52e-04
  Epoch 033 [ 940/1443]  loss=0.0134  lr=2.52e-04
  Epoch 033 [ 960/1443]  loss=0.0091  lr=2.52e-04
  Epoch 033 [ 980/1443]  loss=0.0087  lr=2.52e-04
  Epoch 033 [1000/1443]  loss=0.0171  lr=2.52e-04
  Epoch 033 [1020/1443]  loss=0.0212  lr=2.52e-04
  Epoch 033 [1040/1443]  loss=0.0160  lr=2.52e-04
  Epoch 033 [1060/1443]  loss=0.0111  lr=2.52e-04
  Epoch 033 [1080/1443]  loss=0.0309  lr=2.52e-04
  Epoch 033 [1100/1443]  loss=0.0146  lr=2.51e-04
  Epoch 033 [1120/1443]  loss=0.0182  lr=2.51e-04
  Epoch 033 [1140/1443]  loss=0.0082  lr=2.51e-04
  Epoch 033 [1160/1443]  loss=0.0077  lr=2.51e-04
  Epoch 033 [1180/1443]  loss=0.0176  lr=2.51e-04
  Epoch 033 [1200/1443]  loss=0.0071  lr=2.51e-04
  Epoch 033 [1220/1443]  loss=0.0039  lr=2.51e-04
  Epoch 033 [1240/1443]  loss=0.0073  lr=2.51e-04
  Epoch 033 [1260/1443]  loss=0.0082  lr=2.51e-04
  Epoch 033 [1280/1443]  loss=0.0128  lr=2.51e-04
  Epoch 033 [1300/1443]  loss=0.0266  lr=2.51e-04
  Epoch 033 [1320/1443]  loss=0.0143  lr=2.51e-04
  Epoch 033 [1340/1443]  loss=0.0061  lr=2.51e-04
  Epoch 033 [1360/1443]  loss=0.0095  lr=2.51e-04
  Epoch 033 [1380/1443]  loss=0.0193  lr=2.51e-04
  Epoch 033 [1400/1443]  loss=0.0029  lr=2.51e-04
  Epoch 033 [1420/1443]  loss=0.0022  lr=2.51e-04
  Epoch 033 [1440/1443]  loss=0.0116  lr=2.51e-04

Epoch 033 done | avg_loss=0.0141 | val_mse_norm=0.0394 (α=0.0444 ζ=0.0343) | time=293.5s
  Checkpoint saved → /scratch/va2661/data/active_matter/checkpoints/supervised/latest.pt

  Epoch 034 [   0/1443]  loss=0.0112  lr=2.51e-04
  Epoch 034 [  20/1443]  loss=0.0240  lr=2.50e-04
  Epoch 034 [  40/1443]  loss=0.0216  lr=2.50e-04
  Epoch 034 [  60/1443]  loss=0.0131  lr=2.50e-04
  Epoch 034 [  80/1443]  loss=0.0219  lr=2.50e-04
  Epoch 034 [ 100/1443]  loss=0.0053  lr=2.50e-04
  Epoch 034 [ 120/1443]  loss=0.0156  lr=2.50e-04
  Epoch 034 [ 140/1443]  loss=0.0114  lr=2.50e-04
  Epoch 034 [ 160/1443]  loss=0.0036  lr=2.50e-04
  Epoch 034 [ 180/1443]  loss=0.0076  lr=2.50e-04
  Epoch 034 [ 200/1443]  loss=0.0098  lr=2.50e-04
  Epoch 034 [ 220/1443]  loss=0.0124  lr=2.50e-04
  Epoch 034 [ 240/1443]  loss=0.0101  lr=2.50e-04
  Epoch 034 [ 260/1443]  loss=0.0073  lr=2.50e-04
  Epoch 034 [ 280/1443]  loss=0.0087  lr=2.50e-04
  Epoch 034 [ 300/1443]  loss=0.0435  lr=2.50e-04
  Epoch 034 [ 320/1443]  loss=0.0064  lr=2.50e-04
  Epoch 034 [ 340/1443]  loss=0.0115  lr=2.50e-04
  Epoch 034 [ 360/1443]  loss=0.0099  lr=2.50e-04
  Epoch 034 [ 380/1443]  loss=0.0235  lr=2.50e-04
  Epoch 034 [ 400/1443]  loss=0.0196  lr=2.49e-04
  Epoch 034 [ 420/1443]  loss=0.0071  lr=2.49e-04
  Epoch 034 [ 440/1443]  loss=0.0108  lr=2.49e-04
  Epoch 034 [ 460/1443]  loss=0.0065  lr=2.49e-04
  Epoch 034 [ 480/1443]  loss=0.0092  lr=2.49e-04
  Epoch 034 [ 500/1443]  loss=0.0184  lr=2.49e-04
  Epoch 034 [ 520/1443]  loss=0.0110  lr=2.49e-04
  Epoch 034 [ 540/1443]  loss=0.0310  lr=2.49e-04
  Epoch 034 [ 560/1443]  loss=0.0049  lr=2.49e-04
  Epoch 034 [ 580/1443]  loss=0.0045  lr=2.49e-04
  Epoch 034 [ 600/1443]  loss=0.0114  lr=2.49e-04
  Epoch 034 [ 620/1443]  loss=0.0118  lr=2.49e-04
  Epoch 034 [ 640/1443]  loss=0.0086  lr=2.49e-04
  Epoch 034 [ 660/1443]  loss=0.0118  lr=2.49e-04
  Epoch 034 [ 680/1443]  loss=0.0147  lr=2.49e-04
  Epoch 034 [ 700/1443]  loss=0.0086  lr=2.49e-04
  Epoch 034 [ 720/1443]  loss=0.0032  lr=2.49e-04
  Epoch 034 [ 740/1443]  loss=0.0043  lr=2.49e-04
  Epoch 034 [ 760/1443]  loss=0.0268  lr=2.48e-04
  Epoch 034 [ 780/1443]  loss=0.0077  lr=2.48e-04
  Epoch 034 [ 800/1443]  loss=0.0127  lr=2.48e-04
  Epoch 034 [ 820/1443]  loss=0.0061  lr=2.48e-04
  Epoch 034 [ 840/1443]  loss=0.0061  lr=2.48e-04
  Epoch 034 [ 860/1443]  loss=0.0050  lr=2.48e-04
  Epoch 034 [ 880/1443]  loss=0.0519  lr=2.48e-04
  Epoch 034 [ 900/1443]  loss=0.0160  lr=2.48e-04
  Epoch 034 [ 920/1443]  loss=0.0143  lr=2.48e-04
  Epoch 034 [ 940/1443]  loss=0.0076  lr=2.48e-04
  Epoch 034 [ 960/1443]  loss=0.0044  lr=2.48e-04
  Epoch 034 [ 980/1443]  loss=0.0071  lr=2.48e-04
  Epoch 034 [1000/1443]  loss=0.0065  lr=2.48e-04
  Epoch 034 [1020/1443]  loss=0.0079  lr=2.48e-04
  Epoch 034 [1040/1443]  loss=0.0064  lr=2.48e-04
  Epoch 034 [1060/1443]  loss=0.0439  lr=2.48e-04
  Epoch 034 [1080/1443]  loss=0.0344  lr=2.48e-04
  Epoch 034 [1100/1443]  loss=0.0103  lr=2.48e-04
  Epoch 034 [1120/1443]  loss=0.0079  lr=2.47e-04
  Epoch 034 [1140/1443]  loss=0.0107  lr=2.47e-04
  Epoch 034 [1160/1443]  loss=0.0025  lr=2.47e-04
  Epoch 034 [1180/1443]  loss=0.0071  lr=2.47e-04
  Epoch 034 [1200/1443]  loss=0.0044  lr=2.47e-04
  Epoch 034 [1220/1443]  loss=0.0390  lr=2.47e-04
  Epoch 034 [1240/1443]  loss=0.0106  lr=2.47e-04
  Epoch 034 [1260/1443]  loss=0.0274  lr=2.47e-04
  Epoch 034 [1280/1443]  loss=0.0128  lr=2.47e-04
  Epoch 034 [1300/1443]  loss=0.0211  lr=2.47e-04
  Epoch 034 [1320/1443]  loss=0.0050  lr=2.47e-04
  Epoch 034 [1340/1443]  loss=0.0512  lr=2.47e-04
  Epoch 034 [1360/1443]  loss=0.0101  lr=2.47e-04
  Epoch 034 [1380/1443]  loss=0.0676  lr=2.47e-04
  Epoch 034 [1400/1443]  loss=0.0035  lr=2.47e-04
  Epoch 034 [1420/1443]  loss=0.0137  lr=2.47e-04
  Epoch 034 [1440/1443]  loss=0.0073  lr=2.47e-04

Epoch 034 done | avg_loss=0.0127 | val_mse_norm=0.0255 (α=0.0422 ζ=0.0088) | time=293.6s
  Checkpoint saved → /scratch/va2661/data/active_matter/checkpoints/supervised/latest.pt
  Checkpoint saved → /scratch/va2661/data/active_matter/checkpoints/supervised/best.pt

  Epoch 035 [   0/1443]  loss=0.0074  lr=2.47e-04
  Epoch 035 [  20/1443]  loss=0.0107  lr=2.47e-04
  Epoch 035 [  40/1443]  loss=0.0096  lr=2.46e-04
  Epoch 035 [  60/1443]  loss=0.0132  lr=2.46e-04
  Epoch 035 [  80/1443]  loss=0.0105  lr=2.46e-04
  Epoch 035 [ 100/1443]  loss=0.0054  lr=2.46e-04
  Epoch 035 [ 120/1443]  loss=0.0135  lr=2.46e-04
  Epoch 035 [ 140/1443]  loss=0.0093  lr=2.46e-04
  Epoch 035 [ 160/1443]  loss=0.0030  lr=2.46e-04
  Epoch 035 [ 180/1443]  loss=0.0155  lr=2.46e-04
  Epoch 035 [ 200/1443]  loss=0.0044  lr=2.46e-04
  Epoch 035 [ 220/1443]  loss=0.0052  lr=2.46e-04
  Epoch 035 [ 240/1443]  loss=0.0111  lr=2.46e-04
  Epoch 035 [ 260/1443]  loss=0.0108  lr=2.46e-04
  Epoch 035 [ 280/1443]  loss=0.0034  lr=2.46e-04
  Epoch 035 [ 300/1443]  loss=0.0178  lr=2.46e-04
  Epoch 035 [ 320/1443]  loss=0.0080  lr=2.46e-04
  Epoch 035 [ 340/1443]  loss=0.0027  lr=2.46e-04
  Epoch 035 [ 360/1443]  loss=0.0023  lr=2.46e-04
  Epoch 035 [ 380/1443]  loss=0.0137  lr=2.46e-04
  Epoch 035 [ 400/1443]  loss=0.0313  lr=2.45e-04
  Epoch 035 [ 420/1443]  loss=0.0168  lr=2.45e-04
  Epoch 035 [ 440/1443]  loss=0.0063  lr=2.45e-04
  Epoch 035 [ 460/1443]  loss=0.0176  lr=2.45e-04
  Epoch 035 [ 480/1443]  loss=0.0171  lr=2.45e-04
  Epoch 035 [ 500/1443]  loss=0.0037  lr=2.45e-04
  Epoch 035 [ 520/1443]  loss=0.0049  lr=2.45e-04
  Epoch 035 [ 540/1443]  loss=0.0223  lr=2.45e-04
  Epoch 035 [ 560/1443]  loss=0.0081  lr=2.45e-04
  Epoch 035 [ 580/1443]  loss=0.0096  lr=2.45e-04
  Epoch 035 [ 600/1443]  loss=0.0043  lr=2.45e-04
  Epoch 035 [ 620/1443]  loss=0.0040  lr=2.45e-04
  Epoch 035 [ 640/1443]  loss=0.0152  lr=2.45e-04
  Epoch 035 [ 660/1443]  loss=0.0079  lr=2.45e-04
  Epoch 035 [ 680/1443]  loss=0.0032  lr=2.45e-04
  Epoch 035 [ 700/1443]  loss=0.0144  lr=2.45e-04
  Epoch 035 [ 720/1443]  loss=0.0048  lr=2.45e-04
  Epoch 035 [ 740/1443]  loss=0.0092  lr=2.45e-04
  Epoch 035 [ 760/1443]  loss=0.0029  lr=2.44e-04
  Epoch 035 [ 780/1443]  loss=0.0138  lr=2.44e-04
  Epoch 035 [ 800/1443]  loss=0.0183  lr=2.44e-04
  Epoch 035 [ 820/1443]  loss=0.0256  lr=2.44e-04
  Epoch 035 [ 840/1443]  loss=0.0087  lr=2.44e-04
  Epoch 035 [ 860/1443]  loss=0.0055  lr=2.44e-04
  Epoch 035 [ 880/1443]  loss=0.0189  lr=2.44e-04
  Epoch 035 [ 900/1443]  loss=0.0066  lr=2.44e-04
  Epoch 035 [ 920/1443]  loss=0.0318  lr=2.44e-04
  Epoch 035 [ 940/1443]  loss=0.0106  lr=2.44e-04
  Epoch 035 [ 960/1443]  loss=0.0087  lr=2.44e-04
  Epoch 035 [ 980/1443]  loss=0.0150  lr=2.44e-04
  Epoch 035 [1000/1443]  loss=0.0071  lr=2.44e-04
  Epoch 035 [1020/1443]  loss=0.0228  lr=2.44e-04
  Epoch 035 [1040/1443]  loss=0.0092  lr=2.44e-04
  Epoch 035 [1060/1443]  loss=0.0254  lr=2.44e-04
  Epoch 035 [1080/1443]  loss=0.0136  lr=2.44e-04
  Epoch 035 [1100/1443]  loss=0.0451  lr=2.44e-04
  Epoch 035 [1120/1443]  loss=0.0083  lr=2.43e-04
  Epoch 035 [1140/1443]  loss=0.0253  lr=2.43e-04
  Epoch 035 [1160/1443]  loss=0.0083  lr=2.43e-04
  Epoch 035 [1180/1443]  loss=0.0045  lr=2.43e-04
  Epoch 035 [1200/1443]  loss=0.0047  lr=2.43e-04
  Epoch 035 [1220/1443]  loss=0.0050  lr=2.43e-04
  Epoch 035 [1240/1443]  loss=0.0127  lr=2.43e-04
  Epoch 035 [1260/1443]  loss=0.0131  lr=2.43e-04
  Epoch 035 [1280/1443]  loss=0.0087  lr=2.43e-04
  Epoch 035 [1300/1443]  loss=0.0038  lr=2.43e-04
  Epoch 035 [1320/1443]  loss=0.0173  lr=2.43e-04
  Epoch 035 [1340/1443]  loss=0.0018  lr=2.43e-04
  Epoch 035 [1360/1443]  loss=0.0221  lr=2.43e-04
  Epoch 035 [1380/1443]  loss=0.0164  lr=2.43e-04
  Epoch 035 [1400/1443]  loss=0.0098  lr=2.43e-04
  Epoch 035 [1420/1443]  loss=0.0071  lr=2.43e-04
  Epoch 035 [1440/1443]  loss=0.0050  lr=2.43e-04

Epoch 035 done | avg_loss=0.0123 | val_mse_norm=0.0627 (α=0.0659 ζ=0.0595) | time=293.9s
  Checkpoint saved → /scratch/va2661/data/active_matter/checkpoints/supervised/latest.pt

  Epoch 036 [   0/1443]  loss=0.0073  lr=2.43e-04
  Epoch 036 [  20/1443]  loss=0.0187  lr=2.42e-04
  Epoch 036 [  40/1443]  loss=0.0090  lr=2.42e-04
  Epoch 036 [  60/1443]  loss=0.0212  lr=2.42e-04
  Epoch 036 [  80/1443]  loss=0.0106  lr=2.42e-04
  Epoch 036 [ 100/1443]  loss=0.0111  lr=2.42e-04
  Epoch 036 [ 120/1443]  loss=0.0041  lr=2.42e-04
  Epoch 036 [ 140/1443]  loss=0.0037  lr=2.42e-04
  Epoch 036 [ 160/1443]  loss=0.0041  lr=2.42e-04
  Epoch 036 [ 180/1443]  loss=0.0038  lr=2.42e-04
  Epoch 036 [ 200/1443]  loss=0.0036  lr=2.42e-04
  Epoch 036 [ 220/1443]  loss=0.0073  lr=2.42e-04
  Epoch 036 [ 240/1443]  loss=0.0104  lr=2.42e-04
  Epoch 036 [ 260/1443]  loss=0.0055  lr=2.42e-04
  Epoch 036 [ 280/1443]  loss=0.0095  lr=2.42e-04
  Epoch 036 [ 300/1443]  loss=0.0173  lr=2.42e-04
  Epoch 036 [ 320/1443]  loss=0.0186  lr=2.42e-04
  Epoch 036 [ 340/1443]  loss=0.0038  lr=2.42e-04
  Epoch 036 [ 360/1443]  loss=0.0148  lr=2.42e-04
  Epoch 036 [ 380/1443]  loss=0.0059  lr=2.41e-04
  Epoch 036 [ 400/1443]  loss=0.0132  lr=2.41e-04
  Epoch 036 [ 420/1443]  loss=0.0069  lr=2.41e-04
  Epoch 036 [ 440/1443]  loss=0.0178  lr=2.41e-04
  Epoch 036 [ 460/1443]  loss=0.0036  lr=2.41e-04
  Epoch 036 [ 480/1443]  loss=0.0027  lr=2.41e-04
  Epoch 036 [ 500/1443]  loss=0.0410  lr=2.41e-04
  Epoch 036 [ 520/1443]  loss=0.0142  lr=2.41e-04
  Epoch 036 [ 540/1443]  loss=0.0245  lr=2.41e-04
  Epoch 036 [ 560/1443]  loss=0.0077  lr=2.41e-04
  Epoch 036 [ 580/1443]  loss=0.0385  lr=2.41e-04
  Epoch 036 [ 600/1443]  loss=0.0039  lr=2.41e-04
  Epoch 036 [ 620/1443]  loss=0.0154  lr=2.41e-04
  Epoch 036 [ 640/1443]  loss=0.0051  lr=2.41e-04
  Epoch 036 [ 660/1443]  loss=0.0123  lr=2.41e-04
  Epoch 036 [ 680/1443]  loss=0.0021  lr=2.41e-04
  Epoch 036 [ 700/1443]  loss=0.0185  lr=2.41e-04
  Epoch 036 [ 720/1443]  loss=0.0462  lr=2.40e-04
  Epoch 036 [ 740/1443]  loss=0.0100  lr=2.40e-04
  Epoch 036 [ 760/1443]  loss=0.0115  lr=2.40e-04
  Epoch 036 [ 780/1443]  loss=0.0058  lr=2.40e-04
  Epoch 036 [ 800/1443]  loss=0.0126  lr=2.40e-04
  Epoch 036 [ 820/1443]  loss=0.0054  lr=2.40e-04
  Epoch 036 [ 840/1443]  loss=0.0115  lr=2.40e-04
  Epoch 036 [ 860/1443]  loss=0.0033  lr=2.40e-04
  Epoch 036 [ 880/1443]  loss=0.0092  lr=2.40e-04
  Epoch 036 [ 900/1443]  loss=0.0134  lr=2.40e-04
  Epoch 036 [ 920/1443]  loss=0.0060  lr=2.40e-04
  Epoch 036 [ 940/1443]  loss=0.0110  lr=2.40e-04
  Epoch 036 [ 960/1443]  loss=0.0130  lr=2.40e-04
  Epoch 036 [ 980/1443]  loss=0.0064  lr=2.40e-04
  Epoch 036 [1000/1443]  loss=0.0030  lr=2.40e-04
  Epoch 036 [1020/1443]  loss=0.0323  lr=2.40e-04
  Epoch 036 [1040/1443]  loss=0.0166  lr=2.40e-04
  Epoch 036 [1060/1443]  loss=0.0138  lr=2.39e-04
  Epoch 036 [1080/1443]  loss=0.0234  lr=2.39e-04
  Epoch 036 [1100/1443]  loss=0.0158  lr=2.39e-04
  Epoch 036 [1120/1443]  loss=0.0140  lr=2.39e-04
  Epoch 036 [1140/1443]  loss=0.0088  lr=2.39e-04
  Epoch 036 [1160/1443]  loss=0.0048  lr=2.39e-04
  Epoch 036 [1180/1443]  loss=0.0143  lr=2.39e-04
  Epoch 036 [1200/1443]  loss=0.0288  lr=2.39e-04
  Epoch 036 [1220/1443]  loss=0.0144  lr=2.39e-04
  Epoch 036 [1240/1443]  loss=0.0124  lr=2.39e-04
  Epoch 036 [1260/1443]  loss=0.0049  lr=2.39e-04
  Epoch 036 [1280/1443]  loss=0.0114  lr=2.39e-04
  Epoch 036 [1300/1443]  loss=0.0068  lr=2.39e-04
  Epoch 036 [1320/1443]  loss=0.0112  lr=2.39e-04
  Epoch 036 [1340/1443]  loss=0.0050  lr=2.39e-04
  Epoch 036 [1360/1443]  loss=0.0449  lr=2.39e-04
  Epoch 036 [1380/1443]  loss=0.0539  lr=2.39e-04
  Epoch 036 [1400/1443]  loss=0.0071  lr=2.38e-04
  Epoch 036 [1420/1443]  loss=0.0168  lr=2.38e-04
  Epoch 036 [1440/1443]  loss=0.0093  lr=2.38e-04

Epoch 036 done | avg_loss=0.0112 | val_mse_norm=0.0305 (α=0.0354 ζ=0.0256) | time=293.3s
  Checkpoint saved → /scratch/va2661/data/active_matter/checkpoints/supervised/latest.pt

  Epoch 037 [   0/1443]  loss=0.0160  lr=2.38e-04
  Epoch 037 [  20/1443]  loss=0.0075  lr=2.38e-04
  Epoch 037 [  40/1443]  loss=0.0072  lr=2.38e-04
  Epoch 037 [  60/1443]  loss=0.0092  lr=2.38e-04
  Epoch 037 [  80/1443]  loss=0.0065  lr=2.38e-04
  Epoch 037 [ 100/1443]  loss=0.0120  lr=2.38e-04
  Epoch 037 [ 120/1443]  loss=0.0027  lr=2.38e-04
  Epoch 037 [ 140/1443]  loss=0.0114  lr=2.38e-04
  Epoch 037 [ 160/1443]  loss=0.0118  lr=2.38e-04
  Epoch 037 [ 180/1443]  loss=0.0162  lr=2.38e-04
  Epoch 037 [ 200/1443]  loss=0.0042  lr=2.38e-04
  Epoch 037 [ 220/1443]  loss=0.0072  lr=2.38e-04
  Epoch 037 [ 240/1443]  loss=0.0048  lr=2.38e-04
  Epoch 037 [ 260/1443]  loss=0.0084  lr=2.38e-04
  Epoch 037 [ 280/1443]  loss=0.0131  lr=2.38e-04
  Epoch 037 [ 300/1443]  loss=0.0092  lr=2.37e-04
  Epoch 037 [ 320/1443]  loss=0.0066  lr=2.37e-04
  Epoch 037 [ 340/1443]  loss=0.0047  lr=2.37e-04
  Epoch 037 [ 360/1443]  loss=0.0034  lr=2.37e-04
  Epoch 037 [ 380/1443]  loss=0.0055  lr=2.37e-04
  Epoch 037 [ 400/1443]  loss=0.0099  lr=2.37e-04
  Epoch 037 [ 420/1443]  loss=0.0093  lr=2.37e-04
  Epoch 037 [ 440/1443]  loss=0.0064  lr=2.37e-04
  Epoch 037 [ 460/1443]  loss=0.0072  lr=2.37e-04
  Epoch 037 [ 480/1443]  loss=0.0049  lr=2.37e-04
  Epoch 037 [ 500/1443]  loss=0.0063  lr=2.37e-04
  Epoch 037 [ 520/1443]  loss=0.0060  lr=2.37e-04
  Epoch 037 [ 540/1443]  loss=0.0114  lr=2.37e-04
  Epoch 037 [ 560/1443]  loss=0.0049  lr=2.37e-04
  Epoch 037 [ 580/1443]  loss=0.0022  lr=2.37e-04
  Epoch 037 [ 600/1443]  loss=0.0051  lr=2.37e-04
  Epoch 037 [ 620/1443]  loss=0.0179  lr=2.37e-04
  Epoch 037 [ 640/1443]  loss=0.0111  lr=2.36e-04
  Epoch 037 [ 660/1443]  loss=0.0026  lr=2.36e-04
  Epoch 037 [ 680/1443]  loss=0.0071  lr=2.36e-04
  Epoch 037 [ 700/1443]  loss=0.0083  lr=2.36e-04
  Epoch 037 [ 720/1443]  loss=0.0090  lr=2.36e-04
  Epoch 037 [ 740/1443]  loss=0.0073  lr=2.36e-04
  Epoch 037 [ 760/1443]  loss=0.0059  lr=2.36e-04
  Epoch 037 [ 780/1443]  loss=0.0036  lr=2.36e-04
  Epoch 037 [ 800/1443]  loss=0.0090  lr=2.36e-04
  Epoch 037 [ 820/1443]  loss=0.0075  lr=2.36e-04
  Epoch 037 [ 840/1443]  loss=0.0078  lr=2.36e-04
  Epoch 037 [ 860/1443]  loss=0.0058  lr=2.36e-04
  Epoch 037 [ 880/1443]  loss=0.0158  lr=2.36e-04
  Epoch 037 [ 900/1443]  loss=0.0049  lr=2.36e-04
  Epoch 037 [ 920/1443]  loss=0.0055  lr=2.36e-04
  Epoch 037 [ 940/1443]  loss=0.0079  lr=2.36e-04
  Epoch 037 [ 960/1443]  loss=0.0057  lr=2.36e-04
  Epoch 037 [ 980/1443]  loss=0.0115  lr=2.35e-04
  Epoch 037 [1000/1443]  loss=0.0021  lr=2.35e-04
  Epoch 037 [1020/1443]  loss=0.0337  lr=2.35e-04
  Epoch 037 [1040/1443]  loss=0.0127  lr=2.35e-04
  Epoch 037 [1060/1443]  loss=0.0084  lr=2.35e-04
  Epoch 037 [1080/1443]  loss=0.0024  lr=2.35e-04
  Epoch 037 [1100/1443]  loss=0.0069  lr=2.35e-04
  Epoch 037 [1120/1443]  loss=0.0033  lr=2.35e-04
  Epoch 037 [1140/1443]  loss=0.0169  lr=2.35e-04
  Epoch 037 [1160/1443]  loss=0.0090  lr=2.35e-04
  Epoch 037 [1180/1443]  loss=0.0040  lr=2.35e-04
  Epoch 037 [1200/1443]  loss=0.0059  lr=2.35e-04
  Epoch 037 [1220/1443]  loss=0.0100  lr=2.35e-04
  Epoch 037 [1240/1443]  loss=0.0082  lr=2.35e-04
  Epoch 037 [1260/1443]  loss=0.0066  lr=2.35e-04
  Epoch 037 [1280/1443]  loss=0.0072  lr=2.35e-04
  Epoch 037 [1300/1443]  loss=0.0055  lr=2.35e-04
  Epoch 037 [1320/1443]  loss=0.0516  lr=2.34e-04
  Epoch 037 [1340/1443]  loss=0.0227  lr=2.34e-04
  Epoch 037 [1360/1443]  loss=0.0042  lr=2.34e-04
  Epoch 037 [1380/1443]  loss=0.0132  lr=2.34e-04
  Epoch 037 [1400/1443]  loss=0.0112  lr=2.34e-04
  Epoch 037 [1420/1443]  loss=0.0107  lr=2.34e-04
  Epoch 037 [1440/1443]  loss=0.0083  lr=2.34e-04

Epoch 037 done | avg_loss=0.0107 | val_mse_norm=0.0321 (α=0.0166 ζ=0.0477) | time=293.3s
  Checkpoint saved → /scratch/va2661/data/active_matter/checkpoints/supervised/latest.pt

  Epoch 038 [   0/1443]  loss=0.0025  lr=2.34e-04
  Epoch 038 [  20/1443]  loss=0.0140  lr=2.34e-04
  Epoch 038 [  40/1443]  loss=0.0068  lr=2.34e-04
  Epoch 038 [  60/1443]  loss=0.0221  lr=2.34e-04
  Epoch 038 [  80/1443]  loss=0.0087  lr=2.34e-04
  Epoch 038 [ 100/1443]  loss=0.0064  lr=2.34e-04
  Epoch 038 [ 120/1443]  loss=0.0133  lr=2.34e-04
  Epoch 038 [ 140/1443]  loss=0.0065  lr=2.34e-04
  Epoch 038 [ 160/1443]  loss=0.0208  lr=2.34e-04
  Epoch 038 [ 180/1443]  loss=0.0109  lr=2.34e-04
  Epoch 038 [ 200/1443]  loss=0.0021  lr=2.33e-04
  Epoch 038 [ 220/1443]  loss=0.0088  lr=2.33e-04
  Epoch 038 [ 240/1443]  loss=0.0212  lr=2.33e-04
  Epoch 038 [ 260/1443]  loss=0.0080  lr=2.33e-04
  Epoch 038 [ 280/1443]  loss=0.0191  lr=2.33e-04
  Epoch 038 [ 300/1443]  loss=0.0051  lr=2.33e-04
  Epoch 038 [ 320/1443]  loss=0.0067  lr=2.33e-04
  Epoch 038 [ 340/1443]  loss=0.0035  lr=2.33e-04
  Epoch 038 [ 360/1443]  loss=0.0106  lr=2.33e-04
  Epoch 038 [ 380/1443]  loss=0.0066  lr=2.33e-04
  Epoch 038 [ 400/1443]  loss=0.0018  lr=2.33e-04
  Epoch 038 [ 420/1443]  loss=0.0133  lr=2.33e-04
  Epoch 038 [ 440/1443]  loss=0.0039  lr=2.33e-04
  Epoch 038 [ 460/1443]  loss=0.0028  lr=2.33e-04
  Epoch 038 [ 480/1443]  loss=0.0083  lr=2.33e-04
  Epoch 038 [ 500/1443]  loss=0.0061  lr=2.33e-04
  Epoch 038 [ 520/1443]  loss=0.0038  lr=2.33e-04
  Epoch 038 [ 540/1443]  loss=0.0073  lr=2.32e-04
  Epoch 038 [ 560/1443]  loss=0.0089  lr=2.32e-04
  Epoch 038 [ 580/1443]  loss=0.0049  lr=2.32e-04
  Epoch 038 [ 600/1443]  loss=0.0094  lr=2.32e-04
  Epoch 038 [ 620/1443]  loss=0.0064  lr=2.32e-04
  Epoch 038 [ 640/1443]  loss=0.0022  lr=2.32e-04
  Epoch 038 [ 660/1443]  loss=0.0135  lr=2.32e-04
  Epoch 038 [ 680/1443]  loss=0.0038  lr=2.32e-04
  Epoch 038 [ 700/1443]  loss=0.0043  lr=2.32e-04
  Epoch 038 [ 720/1443]  loss=0.0043  lr=2.32e-04
  Epoch 038 [ 740/1443]  loss=0.0073  lr=2.32e-04
  Epoch 038 [ 760/1443]  loss=0.0091  lr=2.32e-04
  Epoch 038 [ 780/1443]  loss=0.0558  lr=2.32e-04
  Epoch 038 [ 800/1443]  loss=0.0136  lr=2.32e-04
  Epoch 038 [ 820/1443]  loss=0.0064  lr=2.32e-04
  Epoch 038 [ 840/1443]  loss=0.0023  lr=2.32e-04
  Epoch 038 [ 860/1443]  loss=0.0028  lr=2.32e-04
  Epoch 038 [ 880/1443]  loss=0.0166  lr=2.31e-04
  Epoch 038 [ 900/1443]  loss=0.0267  lr=2.31e-04
  Epoch 038 [ 920/1443]  loss=0.0063  lr=2.31e-04
  Epoch 038 [ 940/1443]  loss=0.0017  lr=2.31e-04
  Epoch 038 [ 960/1443]  loss=0.0102  lr=2.31e-04
  Epoch 038 [ 980/1443]  loss=0.0124  lr=2.31e-04
  Epoch 038 [1000/1443]  loss=0.0133  lr=2.31e-04
  Epoch 038 [1020/1443]  loss=0.0034  lr=2.31e-04
  Epoch 038 [1040/1443]  loss=0.0020  lr=2.31e-04
  Epoch 038 [1060/1443]  loss=0.0045  lr=2.31e-04
  Epoch 038 [1080/1443]  loss=0.0105  lr=2.31e-04
  Epoch 038 [1100/1443]  loss=0.0058  lr=2.31e-04
  Epoch 038 [1120/1443]  loss=0.0174  lr=2.31e-04
  Epoch 038 [1140/1443]  loss=0.0109  lr=2.31e-04
  Epoch 038 [1160/1443]  loss=0.0094  lr=2.31e-04
  Epoch 038 [1180/1443]  loss=0.0076  lr=2.31e-04
  Epoch 038 [1200/1443]  loss=0.0125  lr=2.30e-04
  Epoch 038 [1220/1443]  loss=0.0138  lr=2.30e-04
  Epoch 038 [1240/1443]  loss=0.0141  lr=2.30e-04
  Epoch 038 [1260/1443]  loss=0.0080  lr=2.30e-04
  Epoch 038 [1280/1443]  loss=0.0036  lr=2.30e-04
  Epoch 038 [1300/1443]  loss=0.0050  lr=2.30e-04
  Epoch 038 [1320/1443]  loss=0.0038  lr=2.30e-04
  Epoch 038 [1340/1443]  loss=0.0040  lr=2.30e-04
  Epoch 038 [1360/1443]  loss=0.0084  lr=2.30e-04
  Epoch 038 [1380/1443]  loss=0.0081  lr=2.30e-04
  Epoch 038 [1400/1443]  loss=0.0278  lr=2.30e-04
  Epoch 038 [1420/1443]  loss=0.0088  lr=2.30e-04
  Epoch 038 [1440/1443]  loss=0.0604  lr=2.30e-04

Epoch 038 done | avg_loss=0.0096 | val_mse_norm=0.0238 (α=0.0340 ζ=0.0136) | time=293.2s
  Checkpoint saved → /scratch/va2661/data/active_matter/checkpoints/supervised/latest.pt
  Checkpoint saved → /scratch/va2661/data/active_matter/checkpoints/supervised/best.pt

  Epoch 039 [   0/1443]  loss=0.0118  lr=2.30e-04
  Epoch 039 [  20/1443]  loss=0.0129  lr=2.30e-04
  Epoch 039 [  40/1443]  loss=0.0069  lr=2.30e-04
  Epoch 039 [  60/1443]  loss=0.0102  lr=2.30e-04
  Epoch 039 [  80/1443]  loss=0.0308  lr=2.29e-04
  Epoch 039 [ 100/1443]  loss=0.0039  lr=2.29e-04
  Epoch 039 [ 120/1443]  loss=0.0054  lr=2.29e-04
  Epoch 039 [ 140/1443]  loss=0.0105  lr=2.29e-04
  Epoch 039 [ 160/1443]  loss=0.0038  lr=2.29e-04
  Epoch 039 [ 180/1443]  loss=0.0047  lr=2.29e-04
  Epoch 039 [ 200/1443]  loss=0.0052  lr=2.29e-04
  Epoch 039 [ 220/1443]  loss=0.0068  lr=2.29e-04
  Epoch 039 [ 240/1443]  loss=0.0113  lr=2.29e-04
  Epoch 039 [ 260/1443]  loss=0.0033  lr=2.29e-04
  Epoch 039 [ 280/1443]  loss=0.0053  lr=2.29e-04
  Epoch 039 [ 300/1443]  loss=0.0110  lr=2.29e-04
  Epoch 039 [ 320/1443]  loss=0.0028  lr=2.29e-04
  Epoch 039 [ 340/1443]  loss=0.0024  lr=2.29e-04
  Epoch 039 [ 360/1443]  loss=0.0051  lr=2.29e-04
  Epoch 039 [ 380/1443]  loss=0.0112  lr=2.29e-04
  Epoch 039 [ 400/1443]  loss=0.0160  lr=2.28e-04
  Epoch 039 [ 420/1443]  loss=0.0313  lr=2.28e-04
  Epoch 039 [ 440/1443]  loss=0.0227  lr=2.28e-04
  Epoch 039 [ 460/1443]  loss=0.0031  lr=2.28e-04
  Epoch 039 [ 480/1443]  loss=0.0050  lr=2.28e-04
  Epoch 039 [ 500/1443]  loss=0.0141  lr=2.28e-04
  Epoch 039 [ 520/1443]  loss=0.0056  lr=2.28e-04
  Epoch 039 [ 540/1443]  loss=0.0058  lr=2.28e-04
  Epoch 039 [ 560/1443]  loss=0.0098  lr=2.28e-04
  Epoch 039 [ 580/1443]  loss=0.0063  lr=2.28e-04
  Epoch 039 [ 600/1443]  loss=0.0064  lr=2.28e-04
  Epoch 039 [ 620/1443]  loss=0.0103  lr=2.28e-04
  Epoch 039 [ 640/1443]  loss=0.0073  lr=2.28e-04
  Epoch 039 [ 660/1443]  loss=0.0038  lr=2.28e-04
  Epoch 039 [ 680/1443]  loss=0.0138  lr=2.28e-04
  Epoch 039 [ 700/1443]  loss=0.0031  lr=2.28e-04
  Epoch 039 [ 720/1443]  loss=0.0086  lr=2.28e-04
  Epoch 039 [ 740/1443]  loss=0.0308  lr=2.27e-04
  Epoch 039 [ 760/1443]  loss=0.0137  lr=2.27e-04
  Epoch 039 [ 780/1443]  loss=0.0098  lr=2.27e-04
  Epoch 039 [ 800/1443]  loss=0.0159  lr=2.27e-04
  Epoch 039 [ 820/1443]  loss=0.0808  lr=2.27e-04
  Epoch 039 [ 840/1443]  loss=0.0053  lr=2.27e-04
  Epoch 039 [ 860/1443]  loss=0.0062  lr=2.27e-04
  Epoch 039 [ 880/1443]  loss=0.0038  lr=2.27e-04
  Epoch 039 [ 900/1443]  loss=0.0072  lr=2.27e-04
  Epoch 039 [ 920/1443]  loss=0.0090  lr=2.27e-04
  Epoch 039 [ 940/1443]  loss=0.0042  lr=2.27e-04
  Epoch 039 [ 960/1443]  loss=0.0082  lr=2.27e-04
  Epoch 039 [ 980/1443]  loss=0.0034  lr=2.27e-04
  Epoch 039 [1000/1443]  loss=0.0073  lr=2.27e-04
  Epoch 039 [1020/1443]  loss=0.0282  lr=2.27e-04
  Epoch 039 [1040/1443]  loss=0.0033  lr=2.27e-04
  Epoch 039 [1060/1443]  loss=0.0121  lr=2.26e-04
  Epoch 039 [1080/1443]  loss=0.0074  lr=2.26e-04
  Epoch 039 [1100/1443]  loss=0.0030  lr=2.26e-04
  Epoch 039 [1120/1443]  loss=0.0034  lr=2.26e-04
  Epoch 039 [1140/1443]  loss=0.0034  lr=2.26e-04
  Epoch 039 [1160/1443]  loss=0.0065  lr=2.26e-04
  Epoch 039 [1180/1443]  loss=0.0147  lr=2.26e-04
  Epoch 039 [1200/1443]  loss=0.0211  lr=2.26e-04
  Epoch 039 [1220/1443]  loss=0.0117  lr=2.26e-04
  Epoch 039 [1240/1443]  loss=0.0131  lr=2.26e-04
  Epoch 039 [1260/1443]  loss=0.0105  lr=2.26e-04
  Epoch 039 [1280/1443]  loss=0.0165  lr=2.26e-04
  Epoch 039 [1300/1443]  loss=0.0328  lr=2.26e-04
  Epoch 039 [1320/1443]  loss=0.0099  lr=2.26e-04
  Epoch 039 [1340/1443]  loss=0.0064  lr=2.26e-04
  Epoch 039 [1360/1443]  loss=0.0085  lr=2.26e-04
  Epoch 039 [1380/1443]  loss=0.0125  lr=2.25e-04
  Epoch 039 [1400/1443]  loss=0.0058  lr=2.25e-04
  Epoch 039 [1420/1443]  loss=0.0042  lr=2.25e-04
  Epoch 039 [1440/1443]  loss=0.0089  lr=2.25e-04

Epoch 039 done | avg_loss=0.0093 | val_mse_norm=0.0353 (α=0.0452 ζ=0.0253) | time=293.5s
  Checkpoint saved → /scratch/va2661/data/active_matter/checkpoints/supervised/latest.pt

  Epoch 040 [   0/1443]  loss=0.0135  lr=2.25e-04
  Epoch 040 [  20/1443]  loss=0.0025  lr=2.25e-04
  Epoch 040 [  40/1443]  loss=0.0078  lr=2.25e-04
  Epoch 040 [  60/1443]  loss=0.0085  lr=2.25e-04
  Epoch 040 [  80/1443]  loss=0.0219  lr=2.25e-04
  Epoch 040 [ 100/1443]  loss=0.0062  lr=2.25e-04
  Epoch 040 [ 120/1443]  loss=0.0077  lr=2.25e-04
  Epoch 040 [ 140/1443]  loss=0.0023  lr=2.25e-04
  Epoch 040 [ 160/1443]  loss=0.0159  lr=2.25e-04
  Epoch 040 [ 180/1443]  loss=0.0019  lr=2.25e-04
  Epoch 040 [ 200/1443]  loss=0.0010  lr=2.25e-04
  Epoch 040 [ 220/1443]  loss=0.0090  lr=2.25e-04
  Epoch 040 [ 240/1443]  loss=0.0047  lr=2.24e-04
  Epoch 040 [ 260/1443]  loss=0.0058  lr=2.24e-04
  Epoch 040 [ 280/1443]  loss=0.0086  lr=2.24e-04
  Epoch 040 [ 300/1443]  loss=0.0056  lr=2.24e-04
  Epoch 040 [ 320/1443]  loss=0.0174  lr=2.24e-04
  Epoch 040 [ 340/1443]  loss=0.0018  lr=2.24e-04
  Epoch 040 [ 360/1443]  loss=0.0162  lr=2.24e-04
  Epoch 040 [ 380/1443]  loss=0.0095  lr=2.24e-04
  Epoch 040 [ 400/1443]  loss=0.0108  lr=2.24e-04
  Epoch 040 [ 420/1443]  loss=0.0071  lr=2.24e-04
  Epoch 040 [ 440/1443]  loss=0.0024  lr=2.24e-04
  Epoch 040 [ 460/1443]  loss=0.0038  lr=2.24e-04
  Epoch 040 [ 480/1443]  loss=0.0074  lr=2.24e-04
  Epoch 040 [ 500/1443]  loss=0.0033  lr=2.24e-04
  Epoch 040 [ 520/1443]  loss=0.0162  lr=2.24e-04
  Epoch 040 [ 540/1443]  loss=0.0042  lr=2.24e-04
  Epoch 040 [ 560/1443]  loss=0.0408  lr=2.23e-04
  Epoch 040 [ 580/1443]  loss=0.0058  lr=2.23e-04
  Epoch 040 [ 600/1443]  loss=0.0015  lr=2.23e-04
  Epoch 040 [ 620/1443]  loss=0.0049  lr=2.23e-04
  Epoch 040 [ 640/1443]  loss=0.0056  lr=2.23e-04
  Epoch 040 [ 660/1443]  loss=0.0064  lr=2.23e-04
  Epoch 040 [ 680/1443]  loss=0.0084  lr=2.23e-04
  Epoch 040 [ 700/1443]  loss=0.0066  lr=2.23e-04
  Epoch 040 [ 720/1443]  loss=0.0046  lr=2.23e-04
  Epoch 040 [ 740/1443]  loss=0.0075  lr=2.23e-04
  Epoch 040 [ 760/1443]  loss=0.0047  lr=2.23e-04
  Epoch 040 [ 780/1443]  loss=0.0061  lr=2.23e-04
  Epoch 040 [ 800/1443]  loss=0.0029  lr=2.23e-04
  Epoch 040 [ 820/1443]  loss=0.0074  lr=2.23e-04
  Epoch 040 [ 840/1443]  loss=0.0019  lr=2.23e-04
  Epoch 040 [ 860/1443]  loss=0.0044  lr=2.23e-04
  Epoch 040 [ 880/1443]  loss=0.0104  lr=2.22e-04
  Epoch 040 [ 900/1443]  loss=0.0050  lr=2.22e-04
  Epoch 040 [ 920/1443]  loss=0.0042  lr=2.22e-04
  Epoch 040 [ 940/1443]  loss=0.0056  lr=2.22e-04
  Epoch 040 [ 960/1443]  loss=0.0047  lr=2.22e-04
  Epoch 040 [ 980/1443]  loss=0.0106  lr=2.22e-04
  Epoch 040 [1000/1443]  loss=0.0085  lr=2.22e-04
  Epoch 040 [1020/1443]  loss=0.0624  lr=2.22e-04
  Epoch 040 [1040/1443]  loss=0.0260  lr=2.22e-04
  Epoch 040 [1060/1443]  loss=0.0270  lr=2.22e-04
  Epoch 040 [1080/1443]  loss=0.0036  lr=2.22e-04
  Epoch 040 [1100/1443]  loss=0.0038  lr=2.22e-04
  Epoch 040 [1120/1443]  loss=0.0122  lr=2.22e-04
  Epoch 040 [1140/1443]  loss=0.0019  lr=2.22e-04
  Epoch 040 [1160/1443]  loss=0.0088  lr=2.22e-04
  Epoch 040 [1180/1443]  loss=0.0036  lr=2.22e-04
  Epoch 040 [1200/1443]  loss=0.0030  lr=2.21e-04
  Epoch 040 [1220/1443]  loss=0.0087  lr=2.21e-04
  Epoch 040 [1240/1443]  loss=0.0298  lr=2.21e-04
  Epoch 040 [1260/1443]  loss=0.0201  lr=2.21e-04
  Epoch 040 [1280/1443]  loss=0.0084  lr=2.21e-04
  Epoch 040 [1300/1443]  loss=0.0082  lr=2.21e-04
  Epoch 040 [1320/1443]  loss=0.0270  lr=2.21e-04
  Epoch 040 [1340/1443]  loss=0.0063  lr=2.21e-04
  Epoch 040 [1360/1443]  loss=0.0015  lr=2.21e-04
  Epoch 040 [1380/1443]  loss=0.0067  lr=2.21e-04
  Epoch 040 [1400/1443]  loss=0.0053  lr=2.21e-04
  Epoch 040 [1420/1443]  loss=0.0067  lr=2.21e-04
  Epoch 040 [1440/1443]  loss=0.0151  lr=2.21e-04

Epoch 040 done | avg_loss=0.0084 | val_mse_norm=0.0348 (α=0.0283 ζ=0.0412) | time=294.5s
  Checkpoint saved → /scratch/va2661/data/active_matter/checkpoints/supervised/latest.pt
  Checkpoint saved → /scratch/va2661/data/active_matter/checkpoints/supervised/epoch_0040.pt

  Epoch 041 [   0/1443]  loss=0.0094  lr=2.21e-04
  Epoch 041 [  20/1443]  loss=0.0047  lr=2.21e-04
  Epoch 041 [  40/1443]  loss=0.0036  lr=2.21e-04
  Epoch 041 [  60/1443]  loss=0.0016  lr=2.20e-04
  Epoch 041 [  80/1443]  loss=0.0034  lr=2.20e-04
  Epoch 041 [ 100/1443]  loss=0.0031  lr=2.20e-04
  Epoch 041 [ 120/1443]  loss=0.0040  lr=2.20e-04
  Epoch 041 [ 140/1443]  loss=0.0071  lr=2.20e-04
  Epoch 041 [ 160/1443]  loss=0.0058  lr=2.20e-04
  Epoch 041 [ 180/1443]  loss=0.0008  lr=2.20e-04
  Epoch 041 [ 200/1443]  loss=0.0112  lr=2.20e-04
  Epoch 041 [ 220/1443]  loss=0.0101  lr=2.20e-04
  Epoch 041 [ 240/1443]  loss=0.0103  lr=2.20e-04
  Epoch 041 [ 260/1443]  loss=0.0056  lr=2.20e-04
  Epoch 041 [ 280/1443]  loss=0.0054  lr=2.20e-04
  Epoch 041 [ 300/1443]  loss=0.0062  lr=2.20e-04
  Epoch 041 [ 320/1443]  loss=0.0077  lr=2.20e-04
  Epoch 041 [ 340/1443]  loss=0.0035  lr=2.20e-04
  Epoch 041 [ 360/1443]  loss=0.0014  lr=2.20e-04
  Epoch 041 [ 380/1443]  loss=0.0098  lr=2.19e-04
  Epoch 041 [ 400/1443]  loss=0.0038  lr=2.19e-04
  Epoch 041 [ 420/1443]  loss=0.0177  lr=2.19e-04
  Epoch 041 [ 440/1443]  loss=0.0091  lr=2.19e-04
  Epoch 041 [ 460/1443]  loss=0.0061  lr=2.19e-04
  Epoch 041 [ 480/1443]  loss=0.0050  lr=2.19e-04
  Epoch 041 [ 500/1443]  loss=0.0051  lr=2.19e-04
  Epoch 041 [ 520/1443]  loss=0.0177  lr=2.19e-04
  Epoch 041 [ 540/1443]  loss=0.0126  lr=2.19e-04
  Epoch 041 [ 560/1443]  loss=0.0051  lr=2.19e-04
  Epoch 041 [ 580/1443]  loss=0.0092  lr=2.19e-04
  Epoch 041 [ 600/1443]  loss=0.0059  lr=2.19e-04
  Epoch 041 [ 620/1443]  loss=0.0118  lr=2.19e-04
  Epoch 041 [ 640/1443]  loss=0.0071  lr=2.19e-04
  Epoch 041 [ 660/1443]  loss=0.0081  lr=2.19e-04
  Epoch 041 [ 680/1443]  loss=0.0108  lr=2.19e-04
  Epoch 041 [ 700/1443]  loss=0.0092  lr=2.18e-04
  Epoch 041 [ 720/1443]  loss=0.0113  lr=2.18e-04
  Epoch 041 [ 740/1443]  loss=0.0410  lr=2.18e-04
  Epoch 041 [ 760/1443]  loss=0.0073  lr=2.18e-04
  Epoch 041 [ 780/1443]  loss=0.0045  lr=2.18e-04
  Epoch 041 [ 800/1443]  loss=0.0055  lr=2.18e-04
  Epoch 041 [ 820/1443]  loss=0.0048  lr=2.18e-04
  Epoch 041 [ 840/1443]  loss=0.0109  lr=2.18e-04
  Epoch 041 [ 860/1443]  loss=0.0044  lr=2.18e-04
  Epoch 041 [ 880/1443]  loss=0.0055  lr=2.18e-04
  Epoch 041 [ 900/1443]  loss=0.0097  lr=2.18e-04
  Epoch 041 [ 920/1443]  loss=0.0055  lr=2.18e-04
  Epoch 041 [ 940/1443]  loss=0.0116  lr=2.18e-04
  Epoch 041 [ 960/1443]  loss=0.0115  lr=2.18e-04
  Epoch 041 [ 980/1443]  loss=0.0116  lr=2.18e-04
  Epoch 041 [1000/1443]  loss=0.0040  lr=2.17e-04
  Epoch 041 [1020/1443]  loss=0.0069  lr=2.17e-04
  Epoch 041 [1040/1443]  loss=0.0026  lr=2.17e-04
  Epoch 041 [1060/1443]  loss=0.0020  lr=2.17e-04
  Epoch 041 [1080/1443]  loss=0.0063  lr=2.17e-04
  Epoch 041 [1100/1443]  loss=0.0101  lr=2.17e-04
  Epoch 041 [1120/1443]  loss=0.0110  lr=2.17e-04
  Epoch 041 [1140/1443]  loss=0.0133  lr=2.17e-04
  Epoch 041 [1160/1443]  loss=0.0024  lr=2.17e-04
  Epoch 041 [1180/1443]  loss=0.0030  lr=2.17e-04
  Epoch 041 [1200/1443]  loss=0.0059  lr=2.17e-04
  Epoch 041 [1220/1443]  loss=0.0035  lr=2.17e-04
  Epoch 041 [1240/1443]  loss=0.0088  lr=2.17e-04
  Epoch 041 [1260/1443]  loss=0.0051  lr=2.17e-04
  Epoch 041 [1280/1443]  loss=0.0103  lr=2.17e-04
  Epoch 041 [1300/1443]  loss=0.0070  lr=2.17e-04
  Epoch 041 [1320/1443]  loss=0.0060  lr=2.16e-04
  Epoch 041 [1340/1443]  loss=0.0067  lr=2.16e-04
  Epoch 041 [1360/1443]  loss=0.0018  lr=2.16e-04
  Epoch 041 [1380/1443]  loss=0.0099  lr=2.16e-04
  Epoch 041 [1400/1443]  loss=0.0049  lr=2.16e-04
  Epoch 041 [1420/1443]  loss=0.0039  lr=2.16e-04
  Epoch 041 [1440/1443]  loss=0.0104  lr=2.16e-04

Epoch 041 done | avg_loss=0.0078 | val_mse_norm=0.0374 (α=0.0418 ζ=0.0331) | time=293.8s
  Checkpoint saved → /scratch/va2661/data/active_matter/checkpoints/supervised/latest.pt

  Epoch 042 [   0/1443]  loss=0.0031  lr=2.16e-04
  Epoch 042 [  20/1443]  loss=0.0118  lr=2.16e-04
  Epoch 042 [  40/1443]  loss=0.0087  lr=2.16e-04
  Epoch 042 [  60/1443]  loss=0.0021  lr=2.16e-04
  Epoch 042 [  80/1443]  loss=0.0032  lr=2.16e-04
  Epoch 042 [ 100/1443]  loss=0.0035  lr=2.16e-04
  Epoch 042 [ 120/1443]  loss=0.0093  lr=2.16e-04
  Epoch 042 [ 140/1443]  loss=0.0134  lr=2.16e-04
  Epoch 042 [ 160/1443]  loss=0.0047  lr=2.16e-04
  Epoch 042 [ 180/1443]  loss=0.0086  lr=2.15e-04
  Epoch 042 [ 200/1443]  loss=0.0070  lr=2.15e-04
  Epoch 042 [ 220/1443]  loss=0.0157  lr=2.15e-04
  Epoch 042 [ 240/1443]  loss=0.0049  lr=2.15e-04
  Epoch 042 [ 260/1443]  loss=0.0032  lr=2.15e-04
  Epoch 042 [ 280/1443]  loss=0.0069  lr=2.15e-04
  Epoch 042 [ 300/1443]  loss=0.0046  lr=2.15e-04
  Epoch 042 [ 320/1443]  loss=0.0308  lr=2.15e-04
  Epoch 042 [ 340/1443]  loss=0.0061  lr=2.15e-04
  Epoch 042 [ 360/1443]  loss=0.0048  lr=2.15e-04
  Epoch 042 [ 380/1443]  loss=0.0065  lr=2.15e-04
  Epoch 042 [ 400/1443]  loss=0.0011  lr=2.15e-04
  Epoch 042 [ 420/1443]  loss=0.0098  lr=2.15e-04
  Epoch 042 [ 440/1443]  loss=0.0072  lr=2.15e-04
  Epoch 042 [ 460/1443]  loss=0.0046  lr=2.15e-04
  Epoch 042 [ 480/1443]  loss=0.0187  lr=2.14e-04
  Epoch 042 [ 500/1443]  loss=0.0032  lr=2.14e-04
  Epoch 042 [ 520/1443]  loss=0.0070  lr=2.14e-04
  Epoch 042 [ 540/1443]  loss=0.0072  lr=2.14e-04
  Epoch 042 [ 560/1443]  loss=0.0088  lr=2.14e-04
  Epoch 042 [ 580/1443]  loss=0.0030  lr=2.14e-04
  Epoch 042 [ 600/1443]  loss=0.0123  lr=2.14e-04
  Epoch 042 [ 620/1443]  loss=0.0026  lr=2.14e-04
  Epoch 042 [ 640/1443]  loss=0.0039  lr=2.14e-04
  Epoch 042 [ 660/1443]  loss=0.0030  lr=2.14e-04
  Epoch 042 [ 680/1443]  loss=0.0009  lr=2.14e-04
  Epoch 042 [ 700/1443]  loss=0.0041  lr=2.14e-04
  Epoch 042 [ 720/1443]  loss=0.0117  lr=2.14e-04
  Epoch 042 [ 740/1443]  loss=0.0042  lr=2.14e-04
  Epoch 042 [ 760/1443]  loss=0.0048  lr=2.14e-04
  Epoch 042 [ 780/1443]  loss=0.0122  lr=2.13e-04
  Epoch 042 [ 800/1443]  loss=0.0038  lr=2.13e-04
  Epoch 042 [ 820/1443]  loss=0.0065  lr=2.13e-04
  Epoch 042 [ 840/1443]  loss=0.0060  lr=2.13e-04
  Epoch 042 [ 860/1443]  loss=0.0081  lr=2.13e-04
  Epoch 042 [ 880/1443]  loss=0.0042  lr=2.13e-04
  Epoch 042 [ 900/1443]  loss=0.0054  lr=2.13e-04
  Epoch 042 [ 920/1443]  loss=0.0076  lr=2.13e-04
  Epoch 042 [ 940/1443]  loss=0.0036  lr=2.13e-04
  Epoch 042 [ 960/1443]  loss=0.0037  lr=2.13e-04
  Epoch 042 [ 980/1443]  loss=0.0084  lr=2.13e-04
  Epoch 042 [1000/1443]  loss=0.0081  lr=2.13e-04
  Epoch 042 [1020/1443]  loss=0.0268  lr=2.13e-04
  Epoch 042 [1040/1443]  loss=0.0083  lr=2.13e-04
  Epoch 042 [1060/1443]  loss=0.0096  lr=2.13e-04
  Epoch 042 [1080/1443]  loss=0.0207  lr=2.13e-04
  Epoch 042 [1100/1443]  loss=0.0069  lr=2.12e-04
  Epoch 042 [1120/1443]  loss=0.0044  lr=2.12e-04
  Epoch 042 [1140/1443]  loss=0.0129  lr=2.12e-04
  Epoch 042 [1160/1443]  loss=0.0018  lr=2.12e-04
  Epoch 042 [1180/1443]  loss=0.0043  lr=2.12e-04
  Epoch 042 [1200/1443]  loss=0.0088  lr=2.12e-04
  Epoch 042 [1220/1443]  loss=0.0043  lr=2.12e-04
  Epoch 042 [1240/1443]  loss=0.0120  lr=2.12e-04
  Epoch 042 [1260/1443]  loss=0.0069  lr=2.12e-04
  Epoch 042 [1280/1443]  loss=0.0012  lr=2.12e-04
  Epoch 042 [1300/1443]  loss=0.0086  lr=2.12e-04
  Epoch 042 [1320/1443]  loss=0.0277  lr=2.12e-04
  Epoch 042 [1340/1443]  loss=0.0059  lr=2.12e-04
  Epoch 042 [1360/1443]  loss=0.0067  lr=2.12e-04
  Epoch 042 [1380/1443]  loss=0.0040  lr=2.12e-04
  Epoch 042 [1400/1443]  loss=0.0046  lr=2.11e-04
  Epoch 042 [1420/1443]  loss=0.0066  lr=2.11e-04
  Epoch 042 [1440/1443]  loss=0.0081  lr=2.11e-04

Epoch 042 done | avg_loss=0.0076 | val_mse_norm=0.0341 (α=0.0419 ζ=0.0262) | time=293.9s
  Checkpoint saved → /scratch/va2661/data/active_matter/checkpoints/supervised/latest.pt

  Epoch 043 [   0/1443]  loss=0.0152  lr=2.11e-04
  Epoch 043 [  20/1443]  loss=0.0036  lr=2.11e-04
  Epoch 043 [  40/1443]  loss=0.0023  lr=2.11e-04
  Epoch 043 [  60/1443]  loss=0.0050  lr=2.11e-04
  Epoch 043 [  80/1443]  loss=0.0048  lr=2.11e-04
  Epoch 043 [ 100/1443]  loss=0.0184  lr=2.11e-04
  Epoch 043 [ 120/1443]  loss=0.0064  lr=2.11e-04
  Epoch 043 [ 140/1443]  loss=0.0061  lr=2.11e-04
  Epoch 043 [ 160/1443]  loss=0.0024  lr=2.11e-04
  Epoch 043 [ 180/1443]  loss=0.0155  lr=2.11e-04
  Epoch 043 [ 200/1443]  loss=0.0036  lr=2.11e-04
  Epoch 043 [ 220/1443]  loss=0.0227  lr=2.11e-04
  Epoch 043 [ 240/1443]  loss=0.0087  lr=2.11e-04
  Epoch 043 [ 260/1443]  loss=0.0043  lr=2.10e-04
  Epoch 043 [ 280/1443]  loss=0.0122  lr=2.10e-04
  Epoch 043 [ 300/1443]  loss=0.0064  lr=2.10e-04
  Epoch 043 [ 320/1443]  loss=0.0019  lr=2.10e-04
  Epoch 043 [ 340/1443]  loss=0.0051  lr=2.10e-04
  Epoch 043 [ 360/1443]  loss=0.0039  lr=2.10e-04
  Epoch 043 [ 380/1443]  loss=0.0095  lr=2.10e-04
  Epoch 043 [ 400/1443]  loss=0.0053  lr=2.10e-04
  Epoch 043 [ 420/1443]  loss=0.0084  lr=2.10e-04
  Epoch 043 [ 440/1443]  loss=0.0053  lr=2.10e-04
  Epoch 043 [ 460/1443]  loss=0.0071  lr=2.10e-04
  Epoch 043 [ 480/1443]  loss=0.0060  lr=2.10e-04
  Epoch 043 [ 500/1443]  loss=0.0046  lr=2.10e-04
  Epoch 043 [ 520/1443]  loss=0.0103  lr=2.10e-04
  Epoch 043 [ 540/1443]  loss=0.0077  lr=2.10e-04
  Epoch 043 [ 560/1443]  loss=0.0123  lr=2.09e-04
  Epoch 043 [ 580/1443]  loss=0.0055  lr=2.09e-04
  Epoch 043 [ 600/1443]  loss=0.0139  lr=2.09e-04
  Epoch 043 [ 620/1443]  loss=0.0030  lr=2.09e-04
  Epoch 043 [ 640/1443]  loss=0.0021  lr=2.09e-04
  Epoch 043 [ 660/1443]  loss=0.0040  lr=2.09e-04
  Epoch 043 [ 680/1443]  loss=0.0028  lr=2.09e-04
  Epoch 043 [ 700/1443]  loss=0.0037  lr=2.09e-04
  Epoch 043 [ 720/1443]  loss=0.0045  lr=2.09e-04
  Epoch 043 [ 740/1443]  loss=0.0098  lr=2.09e-04
  Epoch 043 [ 760/1443]  loss=0.0204  lr=2.09e-04
  Epoch 043 [ 780/1443]  loss=0.0025  lr=2.09e-04
  Epoch 043 [ 800/1443]  loss=0.0028  lr=2.09e-04
  Epoch 043 [ 820/1443]  loss=0.0363  lr=2.09e-04
  Epoch 043 [ 840/1443]  loss=0.0211  lr=2.09e-04
  Epoch 043 [ 860/1443]  loss=0.0048  lr=2.08e-04
  Epoch 043 [ 880/1443]  loss=0.0028  lr=2.08e-04
  Epoch 043 [ 900/1443]  loss=0.0049  lr=2.08e-04
  Epoch 043 [ 920/1443]  loss=0.0087  lr=2.08e-04
  Epoch 043 [ 940/1443]  loss=0.0032  lr=2.08e-04
  Epoch 043 [ 960/1443]  loss=0.0014  lr=2.08e-04
  Epoch 043 [ 980/1443]  loss=0.0015  lr=2.08e-04
  Epoch 043 [1000/1443]  loss=0.0025  lr=2.08e-04
  Epoch 043 [1020/1443]  loss=0.0072  lr=2.08e-04
  Epoch 043 [1040/1443]  loss=0.0044  lr=2.08e-04
  Epoch 043 [1060/1443]  loss=0.0038  lr=2.08e-04
  Epoch 043 [1080/1443]  loss=0.0056  lr=2.08e-04
  Epoch 043 [1100/1443]  loss=0.0024  lr=2.08e-04
  Epoch 043 [1120/1443]  loss=0.0028  lr=2.08e-04
  Epoch 043 [1140/1443]  loss=0.0039  lr=2.08e-04
  Epoch 043 [1160/1443]  loss=0.0053  lr=2.07e-04
  Epoch 043 [1180/1443]  loss=0.0029  lr=2.07e-04
  Epoch 043 [1200/1443]  loss=0.0093  lr=2.07e-04
  Epoch 043 [1220/1443]  loss=0.0108  lr=2.07e-04
  Epoch 043 [1240/1443]  loss=0.0050  lr=2.07e-04
  Epoch 043 [1260/1443]  loss=0.0046  lr=2.07e-04
  Epoch 043 [1280/1443]  loss=0.0055  lr=2.07e-04
  Epoch 043 [1300/1443]  loss=0.0034  lr=2.07e-04
  Epoch 043 [1320/1443]  loss=0.0101  lr=2.07e-04
  Epoch 043 [1340/1443]  loss=0.0076  lr=2.07e-04
  Epoch 043 [1360/1443]  loss=0.0053  lr=2.07e-04
  Epoch 043 [1380/1443]  loss=0.0013  lr=2.07e-04
  Epoch 043 [1400/1443]  loss=0.0026  lr=2.07e-04
  Epoch 043 [1420/1443]  loss=0.0051  lr=2.07e-04
  Epoch 043 [1440/1443]  loss=0.0023  lr=2.07e-04

Epoch 043 done | avg_loss=0.0069 | val_mse_norm=0.0378 (α=0.0351 ζ=0.0406) | time=293.9s
  Checkpoint saved → /scratch/va2661/data/active_matter/checkpoints/supervised/latest.pt

  Epoch 044 [   0/1443]  loss=0.0034  lr=2.07e-04
  Epoch 044 [  20/1443]  loss=0.0008  lr=2.06e-04
  Epoch 044 [  40/1443]  loss=0.0055  lr=2.06e-04
  Epoch 044 [  60/1443]  loss=0.0030  lr=2.06e-04
  Epoch 044 [  80/1443]  loss=0.0036  lr=2.06e-04
  Epoch 044 [ 100/1443]  loss=0.0011  lr=2.06e-04
  Epoch 044 [ 120/1443]  loss=0.0023  lr=2.06e-04
  Epoch 044 [ 140/1443]  loss=0.0056  lr=2.06e-04
  Epoch 044 [ 160/1443]  loss=0.0018  lr=2.06e-04
  Epoch 044 [ 180/1443]  loss=0.0017  lr=2.06e-04
  Epoch 044 [ 200/1443]  loss=0.0039  lr=2.06e-04
  Epoch 044 [ 220/1443]  loss=0.0071  lr=2.06e-04
  Epoch 044 [ 240/1443]  loss=0.0028  lr=2.06e-04
  Epoch 044 [ 260/1443]  loss=0.0034  lr=2.06e-04
  Epoch 044 [ 280/1443]  loss=0.0045  lr=2.06e-04
  Epoch 044 [ 300/1443]  loss=0.0056  lr=2.05e-04
  Epoch 044 [ 320/1443]  loss=0.0368  lr=2.05e-04
  Epoch 044 [ 340/1443]  loss=0.0099  lr=2.05e-04
  Epoch 044 [ 360/1443]  loss=0.0112  lr=2.05e-04
  Epoch 044 [ 380/1443]  loss=0.0078  lr=2.05e-04
  Epoch 044 [ 400/1443]  loss=0.0035  lr=2.05e-04
  Epoch 044 [ 420/1443]  loss=0.0313  lr=2.05e-04
  Epoch 044 [ 440/1443]  loss=0.0070  lr=2.05e-04
  Epoch 044 [ 460/1443]  loss=0.0035  lr=2.05e-04
  Epoch 044 [ 480/1443]  loss=0.0015  lr=2.05e-04
  Epoch 044 [ 500/1443]  loss=0.0065  lr=2.05e-04
  Epoch 044 [ 520/1443]  loss=0.0060  lr=2.05e-04
  Epoch 044 [ 540/1443]  loss=0.0051  lr=2.05e-04
  Epoch 044 [ 560/1443]  loss=0.0756  lr=2.05e-04
  Epoch 044 [ 580/1443]  loss=0.0059  lr=2.05e-04
  Epoch 044 [ 600/1443]  loss=0.0034  lr=2.04e-04
  Epoch 044 [ 620/1443]  loss=0.0077  lr=2.04e-04
  Epoch 044 [ 640/1443]  loss=0.0049  lr=2.04e-04
  Epoch 044 [ 660/1443]  loss=0.0065  lr=2.04e-04
  Epoch 044 [ 680/1443]  loss=0.0062  lr=2.04e-04
  Epoch 044 [ 700/1443]  loss=0.0037  lr=2.04e-04
  Epoch 044 [ 720/1443]  loss=0.0120  lr=2.04e-04
  Epoch 044 [ 740/1443]  loss=0.0021  lr=2.04e-04
  Epoch 044 [ 760/1443]  loss=0.0063  lr=2.04e-04
  Epoch 044 [ 780/1443]  loss=0.0058  lr=2.04e-04
  Epoch 044 [ 800/1443]  loss=0.0038  lr=2.04e-04
  Epoch 044 [ 820/1443]  loss=0.0048  lr=2.04e-04
  Epoch 044 [ 840/1443]  loss=0.0106  lr=2.04e-04
  Epoch 044 [ 860/1443]  loss=0.0044  lr=2.04e-04
  Epoch 044 [ 880/1443]  loss=0.0167  lr=2.04e-04
  Epoch 044 [ 900/1443]  loss=0.0016  lr=2.03e-04
  Epoch 044 [ 920/1443]  loss=0.0047  lr=2.03e-04
  Epoch 044 [ 940/1443]  loss=0.0064  lr=2.03e-04
  Epoch 044 [ 960/1443]  loss=0.0055  lr=2.03e-04
  Epoch 044 [ 980/1443]  loss=0.0113  lr=2.03e-04
  Epoch 044 [1000/1443]  loss=0.0069  lr=2.03e-04
  Epoch 044 [1020/1443]  loss=0.0097  lr=2.03e-04
  Epoch 044 [1040/1443]  loss=0.0126  lr=2.03e-04
  Epoch 044 [1060/1443]  loss=0.0033  lr=2.03e-04
  Epoch 044 [1080/1443]  loss=0.0040  lr=2.03e-04
  Epoch 044 [1100/1443]  loss=0.0022  lr=2.03e-04
  Epoch 044 [1120/1443]  loss=0.0088  lr=2.03e-04
  Epoch 044 [1140/1443]  loss=0.0015  lr=2.03e-04
  Epoch 044 [1160/1443]  loss=0.0028  lr=2.03e-04
  Epoch 044 [1180/1443]  loss=0.0093  lr=2.03e-04
  Epoch 044 [1200/1443]  loss=0.0125  lr=2.02e-04
  Epoch 044 [1220/1443]  loss=0.0082  lr=2.02e-04
  Epoch 044 [1240/1443]  loss=0.0036  lr=2.02e-04
  Epoch 044 [1260/1443]  loss=0.0010  lr=2.02e-04
  Epoch 044 [1280/1443]  loss=0.0029  lr=2.02e-04
  Epoch 044 [1300/1443]  loss=0.0207  lr=2.02e-04
  Epoch 044 [1320/1443]  loss=0.0061  lr=2.02e-04
  Epoch 044 [1340/1443]  loss=0.0027  lr=2.02e-04
  Epoch 044 [1360/1443]  loss=0.0008  lr=2.02e-04
  Epoch 044 [1380/1443]  loss=0.0017  lr=2.02e-04
  Epoch 044 [1400/1443]  loss=0.0075  lr=2.02e-04
  Epoch 044 [1420/1443]  loss=0.0084  lr=2.02e-04
  Epoch 044 [1440/1443]  loss=0.0053  lr=2.02e-04

Epoch 044 done | avg_loss=0.0063 | val_mse_norm=0.0456 (α=0.0253 ζ=0.0659) | time=293.9s
  Checkpoint saved → /scratch/va2661/data/active_matter/checkpoints/supervised/latest.pt

  Epoch 045 [   0/1443]  loss=0.0033  lr=2.02e-04
  Epoch 045 [  20/1443]  loss=0.0228  lr=2.02e-04
  Epoch 045 [  40/1443]  loss=0.0292  lr=2.01e-04
  Epoch 045 [  60/1443]  loss=0.0058  lr=2.01e-04
  Epoch 045 [  80/1443]  loss=0.0031  lr=2.01e-04
  Epoch 045 [ 100/1443]  loss=0.0009  lr=2.01e-04
  Epoch 045 [ 120/1443]  loss=0.0021  lr=2.01e-04
  Epoch 045 [ 140/1443]  loss=0.0081  lr=2.01e-04
  Epoch 045 [ 160/1443]  loss=0.0032  lr=2.01e-04
  Epoch 045 [ 180/1443]  loss=0.0100  lr=2.01e-04
  Epoch 045 [ 200/1443]  loss=0.0115  lr=2.01e-04
  Epoch 045 [ 220/1443]  loss=0.0042  lr=2.01e-04
  Epoch 045 [ 240/1443]  loss=0.0107  lr=2.01e-04
  Epoch 045 [ 260/1443]  loss=0.0042  lr=2.01e-04
  Epoch 045 [ 280/1443]  loss=0.0069  lr=2.01e-04
  Epoch 045 [ 300/1443]  loss=0.0056  lr=2.01e-04
  Epoch 045 [ 320/1443]  loss=0.0022  lr=2.01e-04
  Epoch 045 [ 340/1443]  loss=0.0133  lr=2.00e-04
  Epoch 045 [ 360/1443]  loss=0.0119  lr=2.00e-04
  Epoch 045 [ 380/1443]  loss=0.0035  lr=2.00e-04
  Epoch 045 [ 400/1443]  loss=0.0028  lr=2.00e-04
  Epoch 045 [ 420/1443]  loss=0.0053  lr=2.00e-04
  Epoch 045 [ 440/1443]  loss=0.0188  lr=2.00e-04
  Epoch 045 [ 460/1443]  loss=0.0512  lr=2.00e-04
  Epoch 045 [ 480/1443]  loss=0.0077  lr=2.00e-04
  Epoch 045 [ 500/1443]  loss=0.0051  lr=2.00e-04
  Epoch 045 [ 520/1443]  loss=0.0019  lr=2.00e-04
  Epoch 045 [ 540/1443]  loss=0.0018  lr=2.00e-04
  Epoch 045 [ 560/1443]  loss=0.0054  lr=2.00e-04
  Epoch 045 [ 580/1443]  loss=0.0039  lr=2.00e-04
  Epoch 045 [ 600/1443]  loss=0.0045  lr=2.00e-04
  Epoch 045 [ 620/1443]  loss=0.0043  lr=2.00e-04
  Epoch 045 [ 640/1443]  loss=0.0044  lr=1.99e-04
  Epoch 045 [ 660/1443]  loss=0.0065  lr=1.99e-04
  Epoch 045 [ 680/1443]  loss=0.0037  lr=1.99e-04
  Epoch 045 [ 700/1443]  loss=0.0060  lr=1.99e-04
  Epoch 045 [ 720/1443]  loss=0.0110  lr=1.99e-04
  Epoch 045 [ 740/1443]  loss=0.0040  lr=1.99e-04
  Epoch 045 [ 760/1443]  loss=0.0572  lr=1.99e-04
  Epoch 045 [ 780/1443]  loss=0.0100  lr=1.99e-04
  Epoch 045 [ 800/1443]  loss=0.0036  lr=1.99e-04
  Epoch 045 [ 820/1443]  loss=0.0090  lr=1.99e-04
  Epoch 045 [ 840/1443]  loss=0.0035  lr=1.99e-04
  Epoch 045 [ 860/1443]  loss=0.0044  lr=1.99e-04
  Epoch 045 [ 880/1443]  loss=0.0078  lr=1.99e-04
  Epoch 045 [ 900/1443]  loss=0.0056  lr=1.99e-04
  Epoch 045 [ 920/1443]  loss=0.0130  lr=1.98e-04
  Epoch 045 [ 940/1443]  loss=0.0137  lr=1.98e-04
  Epoch 045 [ 960/1443]  loss=0.0051  lr=1.98e-04
  Epoch 045 [ 980/1443]  loss=0.0042  lr=1.98e-04
  Epoch 045 [1000/1443]  loss=0.0022  lr=1.98e-04
  Epoch 045 [1020/1443]  loss=0.0015  lr=1.98e-04
  Epoch 045 [1040/1443]  loss=0.0036  lr=1.98e-04
  Epoch 045 [1060/1443]  loss=0.0091  lr=1.98e-04
  Epoch 045 [1080/1443]  loss=0.0008  lr=1.98e-04
  Epoch 045 [1100/1443]  loss=0.0033  lr=1.98e-04
  Epoch 045 [1120/1443]  loss=0.0066  lr=1.98e-04
  Epoch 045 [1140/1443]  loss=0.0051  lr=1.98e-04
  Epoch 045 [1160/1443]  loss=0.0016  lr=1.98e-04
  Epoch 045 [1180/1443]  loss=0.0170  lr=1.98e-04
  Epoch 045 [1200/1443]  loss=0.0028  lr=1.98e-04
  Epoch 045 [1220/1443]  loss=0.0020  lr=1.97e-04
  Epoch 045 [1240/1443]  loss=0.0091  lr=1.97e-04
  Epoch 045 [1260/1443]  loss=0.0025  lr=1.97e-04
  Epoch 045 [1280/1443]  loss=0.0021  lr=1.97e-04
  Epoch 045 [1300/1443]  loss=0.0039  lr=1.97e-04
  Epoch 045 [1320/1443]  loss=0.0034  lr=1.97e-04
  Epoch 045 [1340/1443]  loss=0.0097  lr=1.97e-04
  Epoch 045 [1360/1443]  loss=0.0060  lr=1.97e-04
  Epoch 045 [1380/1443]  loss=0.0090  lr=1.97e-04
  Epoch 045 [1400/1443]  loss=0.0093  lr=1.97e-04
  Epoch 045 [1420/1443]  loss=0.0038  lr=1.97e-04
  Epoch 045 [1440/1443]  loss=0.0033  lr=1.97e-04

Epoch 045 done | avg_loss=0.0063 | val_mse_norm=0.0422 (α=0.0586 ζ=0.0258) | time=294.3s
  Checkpoint saved → /scratch/va2661/data/active_matter/checkpoints/supervised/latest.pt

  Epoch 046 [   0/1443]  loss=0.0018  lr=1.97e-04
  Epoch 046 [  20/1443]  loss=0.0030  lr=1.97e-04
  Epoch 046 [  40/1443]  loss=0.0020  lr=1.97e-04
  Epoch 046 [  60/1443]  loss=0.0019  lr=1.96e-04
  Epoch 046 [  80/1443]  loss=0.0034  lr=1.96e-04
  Epoch 046 [ 100/1443]  loss=0.0028  lr=1.96e-04
  Epoch 046 [ 120/1443]  loss=0.0036  lr=1.96e-04
  Epoch 046 [ 140/1443]  loss=0.0041  lr=1.96e-04
  Epoch 046 [ 160/1443]  loss=0.0033  lr=1.96e-04
  Epoch 046 [ 180/1443]  loss=0.0042  lr=1.96e-04
  Epoch 046 [ 200/1443]  loss=0.0036  lr=1.96e-04
  Epoch 046 [ 220/1443]  loss=0.0037  lr=1.96e-04
  Epoch 046 [ 240/1443]  loss=0.0085  lr=1.96e-04
  Epoch 046 [ 260/1443]  loss=0.0026  lr=1.96e-04
  Epoch 046 [ 280/1443]  loss=0.0037  lr=1.96e-04
  Epoch 046 [ 300/1443]  loss=0.0082  lr=1.96e-04
  Epoch 046 [ 320/1443]  loss=0.0068  lr=1.96e-04
  Epoch 046 [ 340/1443]  loss=0.0022  lr=1.96e-04
  Epoch 046 [ 360/1443]  loss=0.0030  lr=1.95e-04
  Epoch 046 [ 380/1443]  loss=0.0792  lr=1.95e-04
  Epoch 046 [ 400/1443]  loss=0.0022  lr=1.95e-04
  Epoch 046 [ 420/1443]  loss=0.0039  lr=1.95e-04
  Epoch 046 [ 440/1443]  loss=0.0053  lr=1.95e-04
  Epoch 046 [ 460/1443]  loss=0.0021  lr=1.95e-04
  Epoch 046 [ 480/1443]  loss=0.0043  lr=1.95e-04
  Epoch 046 [ 500/1443]  loss=0.0015  lr=1.95e-04
  Epoch 046 [ 520/1443]  loss=0.0033  lr=1.95e-04
  Epoch 046 [ 540/1443]  loss=0.0048  lr=1.95e-04
  Epoch 046 [ 560/1443]  loss=0.0061  lr=1.95e-04
  Epoch 046 [ 580/1443]  loss=0.0028  lr=1.95e-04
  Epoch 046 [ 600/1443]  loss=0.0122  lr=1.95e-04
  Epoch 046 [ 620/1443]  loss=0.0075  lr=1.95e-04
  Epoch 046 [ 640/1443]  loss=0.0026  lr=1.94e-04
  Epoch 046 [ 660/1443]  loss=0.0059  lr=1.94e-04
  Epoch 046 [ 680/1443]  loss=0.0014  lr=1.94e-04
  Epoch 046 [ 700/1443]  loss=0.0049  lr=1.94e-04
  Epoch 046 [ 720/1443]  loss=0.0049  lr=1.94e-04
  Epoch 046 [ 740/1443]  loss=0.0066  lr=1.94e-04
  Epoch 046 [ 760/1443]  loss=0.0025  lr=1.94e-04
  Epoch 046 [ 780/1443]  loss=0.0079  lr=1.94e-04
  Epoch 046 [ 800/1443]  loss=0.0034  lr=1.94e-04
  Epoch 046 [ 820/1443]  loss=0.0011  lr=1.94e-04
  Epoch 046 [ 840/1443]  loss=0.0022  lr=1.94e-04
  Epoch 046 [ 860/1443]  loss=0.0020  lr=1.94e-04
  Epoch 046 [ 880/1443]  loss=0.0039  lr=1.94e-04
  Epoch 046 [ 900/1443]  loss=0.0020  lr=1.94e-04
  Epoch 046 [ 920/1443]  loss=0.0088  lr=1.94e-04
  Epoch 046 [ 940/1443]  loss=0.0024  lr=1.93e-04
  Epoch 046 [ 960/1443]  loss=0.0065  lr=1.93e-04
  Epoch 046 [ 980/1443]  loss=0.0017  lr=1.93e-04
  Epoch 046 [1000/1443]  loss=0.0053  lr=1.93e-04
  Epoch 046 [1020/1443]  loss=0.0014  lr=1.93e-04
  Epoch 046 [1040/1443]  loss=0.0082  lr=1.93e-04
  Epoch 046 [1060/1443]  loss=0.0068  lr=1.93e-04
  Epoch 046 [1080/1443]  loss=0.0025  lr=1.93e-04
  Epoch 046 [1100/1443]  loss=0.0103  lr=1.93e-04
  Epoch 046 [1120/1443]  loss=0.0062  lr=1.93e-04
  Epoch 046 [1140/1443]  loss=0.0019  lr=1.93e-04
  Epoch 046 [1160/1443]  loss=0.0060  lr=1.93e-04
  Epoch 046 [1180/1443]  loss=0.0080  lr=1.93e-04
  Epoch 046 [1200/1443]  loss=0.0036  lr=1.93e-04
  Epoch 046 [1220/1443]  loss=0.0022  lr=1.92e-04
  Epoch 046 [1240/1443]  loss=0.0063  lr=1.92e-04
  Epoch 046 [1260/1443]  loss=0.0057  lr=1.92e-04
  Epoch 046 [1280/1443]  loss=0.0098  lr=1.92e-04
  Epoch 046 [1300/1443]  loss=0.0037  lr=1.92e-04
  Epoch 046 [1320/1443]  loss=0.0047  lr=1.92e-04
  Epoch 046 [1340/1443]  loss=0.0026  lr=1.92e-04
  Epoch 046 [1360/1443]  loss=0.0021  lr=1.92e-04
  Epoch 046 [1380/1443]  loss=0.0041  lr=1.92e-04
  Epoch 046 [1400/1443]  loss=0.0056  lr=1.92e-04
  Epoch 046 [1420/1443]  loss=0.0096  lr=1.92e-04
  Epoch 046 [1440/1443]  loss=0.0022  lr=1.92e-04

Epoch 046 done | avg_loss=0.0065 | val_mse_norm=0.0320 (α=0.0257 ζ=0.0383) | time=293.4s
  Checkpoint saved → /scratch/va2661/data/active_matter/checkpoints/supervised/latest.pt

  Epoch 047 [   0/1443]  loss=0.0061  lr=1.92e-04
  Epoch 047 [  20/1443]  loss=0.0077  lr=1.92e-04
  Epoch 047 [  40/1443]  loss=0.0051  lr=1.92e-04
  Epoch 047 [  60/1443]  loss=0.0065  lr=1.91e-04
  Epoch 047 [  80/1443]  loss=0.0097  lr=1.91e-04
  Epoch 047 [ 100/1443]  loss=0.0032  lr=1.91e-04
  Epoch 047 [ 120/1443]  loss=0.0100  lr=1.91e-04
  Epoch 047 [ 140/1443]  loss=0.0032  lr=1.91e-04
  Epoch 047 [ 160/1443]  loss=0.0045  lr=1.91e-04
  Epoch 047 [ 180/1443]  loss=0.0038  lr=1.91e-04
  Epoch 047 [ 200/1443]  loss=0.0043  lr=1.91e-04
  Epoch 047 [ 220/1443]  loss=0.0058  lr=1.91e-04
  Epoch 047 [ 240/1443]  loss=0.0010  lr=1.91e-04
  Epoch 047 [ 260/1443]  loss=0.0039  lr=1.91e-04
  Epoch 047 [ 280/1443]  loss=0.0062  lr=1.91e-04
  Epoch 047 [ 300/1443]  loss=0.0024  lr=1.91e-04
  Epoch 047 [ 320/1443]  loss=0.0023  lr=1.91e-04
  Epoch 047 [ 340/1443]  loss=0.0049  lr=1.91e-04
  Epoch 047 [ 360/1443]  loss=0.0086  lr=1.90e-04
  Epoch 047 [ 380/1443]  loss=0.0034  lr=1.90e-04
  Epoch 047 [ 400/1443]  loss=0.0022  lr=1.90e-04
  Epoch 047 [ 420/1443]  loss=0.0026  lr=1.90e-04
  Epoch 047 [ 440/1443]  loss=0.0026  lr=1.90e-04
  Epoch 047 [ 460/1443]  loss=0.0016  lr=1.90e-04
  Epoch 047 [ 480/1443]  loss=0.0027  lr=1.90e-04
  Epoch 047 [ 500/1443]  loss=0.0190  lr=1.90e-04
  Epoch 047 [ 520/1443]  loss=0.0225  lr=1.90e-04
  Epoch 047 [ 540/1443]  loss=0.0074  lr=1.90e-04
  Epoch 047 [ 560/1443]  loss=0.0048  lr=1.90e-04
  Epoch 047 [ 580/1443]  loss=0.0034  lr=1.90e-04
  Epoch 047 [ 600/1443]  loss=0.0058  lr=1.90e-04
  Epoch 047 [ 620/1443]  loss=0.0054  lr=1.90e-04
  Epoch 047 [ 640/1443]  loss=0.0061  lr=1.89e-04
  Epoch 047 [ 660/1443]  loss=0.0026  lr=1.89e-04
  Epoch 047 [ 680/1443]  loss=0.0026  lr=1.89e-04
  Epoch 047 [ 700/1443]  loss=0.0008  lr=1.89e-04
  Epoch 047 [ 720/1443]  loss=0.0056  lr=1.89e-04
  Epoch 047 [ 740/1443]  loss=0.0031  lr=1.89e-04
  Epoch 047 [ 760/1443]  loss=0.0045  lr=1.89e-04
  Epoch 047 [ 780/1443]  loss=0.0047  lr=1.89e-04
  Epoch 047 [ 800/1443]  loss=0.0192  lr=1.89e-04
  Epoch 047 [ 820/1443]  loss=0.0021  lr=1.89e-04
  Epoch 047 [ 840/1443]  loss=0.0010  lr=1.89e-04
  Epoch 047 [ 860/1443]  loss=0.0022  lr=1.89e-04
  Epoch 047 [ 880/1443]  loss=0.0017  lr=1.89e-04
  Epoch 047 [ 900/1443]  loss=0.0040  lr=1.89e-04
  Epoch 047 [ 920/1443]  loss=0.0082  lr=1.88e-04
  Epoch 047 [ 940/1443]  loss=0.0044  lr=1.88e-04
  Epoch 047 [ 960/1443]  loss=0.0106  lr=1.88e-04
  Epoch 047 [ 980/1443]  loss=0.0044  lr=1.88e-04
  Epoch 047 [1000/1443]  loss=0.0032  lr=1.88e-04
  Epoch 047 [1020/1443]  loss=0.0029  lr=1.88e-04
  Epoch 047 [1040/1443]  loss=0.0076  lr=1.88e-04
  Epoch 047 [1060/1443]  loss=0.0060  lr=1.88e-04
  Epoch 047 [1080/1443]  loss=0.0031  lr=1.88e-04
  Epoch 047 [1100/1443]  loss=0.0043  lr=1.88e-04
  Epoch 047 [1120/1443]  loss=0.0017  lr=1.88e-04
  Epoch 047 [1140/1443]  loss=0.0043  lr=1.88e-04
  Epoch 047 [1160/1443]  loss=0.0182  lr=1.88e-04
  Epoch 047 [1180/1443]  loss=0.0103  lr=1.88e-04
  Epoch 047 [1200/1443]  loss=0.0082  lr=1.88e-04
  Epoch 047 [1220/1443]  loss=0.0044  lr=1.87e-04
  Epoch 047 [1240/1443]  loss=0.0013  lr=1.87e-04
  Epoch 047 [1260/1443]  loss=0.0046  lr=1.87e-04
  Epoch 047 [1280/1443]  loss=0.0031  lr=1.87e-04
  Epoch 047 [1300/1443]  loss=0.0035  lr=1.87e-04
  Epoch 047 [1320/1443]  loss=0.0027  lr=1.87e-04
  Epoch 047 [1340/1443]  loss=0.0176  lr=1.87e-04
  Epoch 047 [1360/1443]  loss=0.0055  lr=1.87e-04
  Epoch 047 [1380/1443]  loss=0.0013  lr=1.87e-04
  Epoch 047 [1400/1443]  loss=0.0031  lr=1.87e-04
  Epoch 047 [1420/1443]  loss=0.0044  lr=1.87e-04
  Epoch 047 [1440/1443]  loss=0.0010  lr=1.87e-04

Epoch 047 done | avg_loss=0.0051 | val_mse_norm=0.0415 (α=0.0371 ζ=0.0459) | time=294.3s
  Checkpoint saved → /scratch/va2661/data/active_matter/checkpoints/supervised/latest.pt

  Epoch 048 [   0/1443]  loss=0.0094  lr=1.87e-04
  Epoch 048 [  20/1443]  loss=0.0194  lr=1.87e-04
  Epoch 048 [  40/1443]  loss=0.0015  lr=1.87e-04
  Epoch 048 [  60/1443]  loss=0.0070  lr=1.86e-04
  Epoch 048 [  80/1443]  loss=0.0011  lr=1.86e-04
  Epoch 048 [ 100/1443]  loss=0.0053  lr=1.86e-04
  Epoch 048 [ 120/1443]  loss=0.0038  lr=1.86e-04
  Epoch 048 [ 140/1443]  loss=0.0014  lr=1.86e-04
  Epoch 048 [ 160/1443]  loss=0.0042  lr=1.86e-04
  Epoch 048 [ 180/1443]  loss=0.0077  lr=1.86e-04
  Epoch 048 [ 200/1443]  loss=0.0009  lr=1.86e-04
  Epoch 048 [ 220/1443]  loss=0.0023  lr=1.86e-04
  Epoch 048 [ 240/1443]  loss=0.0132  lr=1.86e-04
  Epoch 048 [ 260/1443]  loss=0.0046  lr=1.86e-04
  Epoch 048 [ 280/1443]  loss=0.0102  lr=1.86e-04
  Epoch 048 [ 300/1443]  loss=0.0020  lr=1.86e-04
  Epoch 048 [ 320/1443]  loss=0.0034  lr=1.86e-04
  Epoch 048 [ 340/1443]  loss=0.0061  lr=1.85e-04
  Epoch 048 [ 360/1443]  loss=0.0035  lr=1.85e-04
  Epoch 048 [ 380/1443]  loss=0.0077  lr=1.85e-04
  Epoch 048 [ 400/1443]  loss=0.0016  lr=1.85e-04
  Epoch 048 [ 420/1443]  loss=0.0021  lr=1.85e-04
  Epoch 048 [ 440/1443]  loss=0.0050  lr=1.85e-04
  Epoch 048 [ 460/1443]  loss=0.0012  lr=1.85e-04
  Epoch 048 [ 480/1443]  loss=0.0078  lr=1.85e-04
  Epoch 048 [ 500/1443]  loss=0.0018  lr=1.85e-04
  Epoch 048 [ 520/1443]  loss=0.0109  lr=1.85e-04
  Epoch 048 [ 540/1443]  loss=0.0024  lr=1.85e-04
  Epoch 048 [ 560/1443]  loss=0.0055  lr=1.85e-04
  Epoch 048 [ 580/1443]  loss=0.0060  lr=1.85e-04
  Epoch 048 [ 600/1443]  loss=0.0055  lr=1.85e-04
  Epoch 048 [ 620/1443]  loss=0.0012  lr=1.84e-04
  Epoch 048 [ 640/1443]  loss=0.0045  lr=1.84e-04
  Epoch 048 [ 660/1443]  loss=0.0043  lr=1.84e-04
  Epoch 048 [ 680/1443]  loss=0.0057  lr=1.84e-04
  Epoch 048 [ 700/1443]  loss=0.0037  lr=1.84e-04
  Epoch 048 [ 720/1443]  loss=0.0288  lr=1.84e-04
  Epoch 048 [ 740/1443]  loss=0.0071  lr=1.84e-04
  Epoch 048 [ 760/1443]  loss=0.0047  lr=1.84e-04
  Epoch 048 [ 780/1443]  loss=0.0028  lr=1.84e-04
  Epoch 048 [ 800/1443]  loss=0.0013  lr=1.84e-04
  Epoch 048 [ 820/1443]  loss=0.0029  lr=1.84e-04
  Epoch 048 [ 840/1443]  loss=0.0032  lr=1.84e-04
  Epoch 048 [ 860/1443]  loss=0.0013  lr=1.84e-04
  Epoch 048 [ 880/1443]  loss=0.0007  lr=1.84e-04
  Epoch 048 [ 900/1443]  loss=0.0016  lr=1.84e-04
  Epoch 048 [ 920/1443]  loss=0.0077  lr=1.83e-04
  Epoch 048 [ 940/1443]  loss=0.0052  lr=1.83e-04
  Epoch 048 [ 960/1443]  loss=0.0028  lr=1.83e-04
  Epoch 048 [ 980/1443]  loss=0.0026  lr=1.83e-04
  Epoch 048 [1000/1443]  loss=0.0026  lr=1.83e-04
  Epoch 048 [1020/1443]  loss=0.0068  lr=1.83e-04
  Epoch 048 [1040/1443]  loss=0.0019  lr=1.83e-04
  Epoch 048 [1060/1443]  loss=0.0149  lr=1.83e-04
  Epoch 048 [1080/1443]  loss=0.0047  lr=1.83e-04
  Epoch 048 [1100/1443]  loss=0.0041  lr=1.83e-04
  Epoch 048 [1120/1443]  loss=0.0017  lr=1.83e-04
  Epoch 048 [1140/1443]  loss=0.0023  lr=1.83e-04
  Epoch 048 [1160/1443]  loss=0.0031  lr=1.83e-04
  Epoch 048 [1180/1443]  loss=0.0011  lr=1.83e-04
  Epoch 048 [1200/1443]  loss=0.0023  lr=1.82e-04
  Epoch 048 [1220/1443]  loss=0.0037  lr=1.82e-04
  Epoch 048 [1240/1443]  loss=0.0046  lr=1.82e-04
  Epoch 048 [1260/1443]  loss=0.0052  lr=1.82e-04
  Epoch 048 [1280/1443]  loss=0.0042  lr=1.82e-04
  Epoch 048 [1300/1443]  loss=0.0062  lr=1.82e-04
  Epoch 048 [1320/1443]  loss=0.0010  lr=1.82e-04
  Epoch 048 [1340/1443]  loss=0.0011  lr=1.82e-04
  Epoch 048 [1360/1443]  loss=0.0015  lr=1.82e-04
  Epoch 048 [1380/1443]  loss=0.0267  lr=1.82e-04
  Epoch 048 [1400/1443]  loss=0.0016  lr=1.82e-04
  Epoch 048 [1420/1443]  loss=0.0050  lr=1.82e-04
  Epoch 048 [1440/1443]  loss=0.0022  lr=1.82e-04

Epoch 048 done | avg_loss=0.0047 | val_mse_norm=0.0309 (α=0.0285 ζ=0.0333) | time=293.3s
  Checkpoint saved → /scratch/va2661/data/active_matter/checkpoints/supervised/latest.pt

  Epoch 049 [   0/1443]  loss=0.0060  lr=1.82e-04
  Epoch 049 [  20/1443]  loss=0.0037  lr=1.82e-04
  Epoch 049 [  40/1443]  loss=0.0032  lr=1.81e-04
  Epoch 049 [  60/1443]  loss=0.0022  lr=1.81e-04
  Epoch 049 [  80/1443]  loss=0.0033  lr=1.81e-04
  Epoch 049 [ 100/1443]  loss=0.0005  lr=1.81e-04
  Epoch 049 [ 120/1443]  loss=0.0068  lr=1.81e-04
  Epoch 049 [ 140/1443]  loss=0.0031  lr=1.81e-04
  Epoch 049 [ 160/1443]  loss=0.0034  lr=1.81e-04
  Epoch 049 [ 180/1443]  loss=0.0102  lr=1.81e-04
  Epoch 049 [ 200/1443]  loss=0.0026  lr=1.81e-04
  Epoch 049 [ 220/1443]  loss=0.0066  lr=1.81e-04
  Epoch 049 [ 240/1443]  loss=0.0022  lr=1.81e-04
  Epoch 049 [ 260/1443]  loss=0.0036  lr=1.81e-04
  Epoch 049 [ 280/1443]  loss=0.0037  lr=1.81e-04
  Epoch 049 [ 300/1443]  loss=0.0007  lr=1.81e-04
  Epoch 049 [ 320/1443]  loss=0.0009  lr=1.80e-04
  Epoch 049 [ 340/1443]  loss=0.0037  lr=1.80e-04
  Epoch 049 [ 360/1443]  loss=0.0028  lr=1.80e-04
  Epoch 049 [ 380/1443]  loss=0.0019  lr=1.80e-04
  Epoch 049 [ 400/1443]  loss=0.0027  lr=1.80e-04
  Epoch 049 [ 420/1443]  loss=0.0102  lr=1.80e-04
  Epoch 049 [ 440/1443]  loss=0.0074  lr=1.80e-04
  Epoch 049 [ 460/1443]  loss=0.0099  lr=1.80e-04
  Epoch 049 [ 480/1443]  loss=0.0016  lr=1.80e-04
  Epoch 049 [ 500/1443]  loss=0.0022  lr=1.80e-04
  Epoch 049 [ 520/1443]  loss=0.0038  lr=1.80e-04
  Epoch 049 [ 540/1443]  loss=0.0063  lr=1.80e-04
  Epoch 049 [ 560/1443]  loss=0.0020  lr=1.80e-04
  Epoch 049 [ 580/1443]  loss=0.0024  lr=1.80e-04
  Epoch 049 [ 600/1443]  loss=0.0023  lr=1.79e-04
  Epoch 049 [ 620/1443]  loss=0.0094  lr=1.79e-04
  Epoch 049 [ 640/1443]  loss=0.0058  lr=1.79e-04
  Epoch 049 [ 660/1443]  loss=0.0036  lr=1.79e-04
  Epoch 049 [ 680/1443]  loss=0.0006  lr=1.79e-04
  Epoch 049 [ 700/1443]  loss=0.0034  lr=1.79e-04
  Epoch 049 [ 720/1443]  loss=0.0075  lr=1.79e-04
  Epoch 049 [ 740/1443]  loss=0.0095  lr=1.79e-04
  Epoch 049 [ 760/1443]  loss=0.0033  lr=1.79e-04
  Epoch 049 [ 780/1443]  loss=0.0017  lr=1.79e-04
  Epoch 049 [ 800/1443]  loss=0.0011  lr=1.79e-04
  Epoch 049 [ 820/1443]  loss=0.0037  lr=1.79e-04
  Epoch 049 [ 840/1443]  loss=0.0018  lr=1.79e-04
  Epoch 049 [ 860/1443]  loss=0.0031  lr=1.79e-04
  Epoch 049 [ 880/1443]  loss=0.0062  lr=1.78e-04
  Epoch 049 [ 900/1443]  loss=0.0052  lr=1.78e-04
  Epoch 049 [ 920/1443]  loss=0.0035  lr=1.78e-04
  Epoch 049 [ 940/1443]  loss=0.0019  lr=1.78e-04
  Epoch 049 [ 960/1443]  loss=0.0026  lr=1.78e-04
  Epoch 049 [ 980/1443]  loss=0.0106  lr=1.78e-04
  Epoch 049 [1000/1443]  loss=0.0017  lr=1.78e-04
  Epoch 049 [1020/1443]  loss=0.0015  lr=1.78e-04
  Epoch 049 [1040/1443]  loss=0.0036  lr=1.78e-04
  Epoch 049 [1060/1443]  loss=0.0083  lr=1.78e-04
  Epoch 049 [1080/1443]  loss=0.0097  lr=1.78e-04
  Epoch 049 [1100/1443]  loss=0.0024  lr=1.78e-04
  Epoch 049 [1120/1443]  loss=0.0031  lr=1.78e-04
  Epoch 049 [1140/1443]  loss=0.0010  lr=1.78e-04
  Epoch 049 [1160/1443]  loss=0.0016  lr=1.77e-04
  Epoch 049 [1180/1443]  loss=0.0020  lr=1.77e-04
  Epoch 049 [1200/1443]  loss=0.0019  lr=1.77e-04
  Epoch 049 [1220/1443]  loss=0.0059  lr=1.77e-04
  Epoch 049 [1240/1443]  loss=0.0038  lr=1.77e-04
  Epoch 049 [1260/1443]  loss=0.0013  lr=1.77e-04
  Epoch 049 [1280/1443]  loss=0.0035  lr=1.77e-04
  Epoch 049 [1300/1443]  loss=0.0015  lr=1.77e-04
  Epoch 049 [1320/1443]  loss=0.0024  lr=1.77e-04
  Epoch 049 [1340/1443]  loss=0.0037  lr=1.77e-04
  Epoch 049 [1360/1443]  loss=0.0046  lr=1.77e-04
  Epoch 049 [1380/1443]  loss=0.0022  lr=1.77e-04
  Epoch 049 [1400/1443]  loss=0.0029  lr=1.77e-04
  Epoch 049 [1420/1443]  loss=0.0021  lr=1.77e-04
  Epoch 049 [1440/1443]  loss=0.0031  lr=1.76e-04

Epoch 049 done | avg_loss=0.0045 | val_mse_norm=0.0302 (α=0.0269 ζ=0.0336) | time=294.2s
  Checkpoint saved → /scratch/va2661/data/active_matter/checkpoints/supervised/latest.pt

  Epoch 050 [   0/1443]  loss=0.0026  lr=1.76e-04
  Epoch 050 [  20/1443]  loss=0.0041  lr=1.76e-04
  Epoch 050 [  40/1443]  loss=0.0057  lr=1.76e-04
  Epoch 050 [  60/1443]  loss=0.0008  lr=1.76e-04
  Epoch 050 [  80/1443]  loss=0.0051  lr=1.76e-04
  Epoch 050 [ 100/1443]  loss=0.0010  lr=1.76e-04
  Epoch 050 [ 120/1443]  loss=0.0013  lr=1.76e-04
  Epoch 050 [ 140/1443]  loss=0.0020  lr=1.76e-04
  Epoch 050 [ 160/1443]  loss=0.0021  lr=1.76e-04
  Epoch 050 [ 180/1443]  loss=0.0039  lr=1.76e-04
  Epoch 050 [ 200/1443]  loss=0.0053  lr=1.76e-04
  Epoch 050 [ 220/1443]  loss=0.0027  lr=1.76e-04
  Epoch 050 [ 240/1443]  loss=0.0028  lr=1.76e-04
  Epoch 050 [ 260/1443]  loss=0.0014  lr=1.76e-04
  Epoch 050 [ 280/1443]  loss=0.0040  lr=1.75e-04
  Epoch 050 [ 300/1443]  loss=0.0029  lr=1.75e-04
  Epoch 050 [ 320/1443]  loss=0.0016  lr=1.75e-04
  Epoch 050 [ 340/1443]  loss=0.0016  lr=1.75e-04
  Epoch 050 [ 360/1443]  loss=0.0060  lr=1.75e-04
  Epoch 050 [ 380/1443]  loss=0.0034  lr=1.75e-04
  Epoch 050 [ 400/1443]  loss=0.0012  lr=1.75e-04
  Epoch 050 [ 420/1443]  loss=0.0018  lr=1.75e-04
  Epoch 050 [ 440/1443]  loss=0.0024  lr=1.75e-04
  Epoch 050 [ 460/1443]  loss=0.0010  lr=1.75e-04
  Epoch 050 [ 480/1443]  loss=0.0020  lr=1.75e-04
  Epoch 050 [ 500/1443]  loss=0.0187  lr=1.75e-04
  Epoch 050 [ 520/1443]  loss=0.0010  lr=1.75e-04
  Epoch 050 [ 540/1443]  loss=0.0028  lr=1.75e-04
  Epoch 050 [ 560/1443]  loss=0.0058  lr=1.74e-04
  Epoch 050 [ 580/1443]  loss=0.0040  lr=1.74e-04
  Epoch 050 [ 600/1443]  loss=0.0012  lr=1.74e-04
  Epoch 050 [ 620/1443]  loss=0.0034  lr=1.74e-04
  Epoch 050 [ 640/1443]  loss=0.0014  lr=1.74e-04
  Epoch 050 [ 660/1443]  loss=0.0039  lr=1.74e-04
  Epoch 050 [ 680/1443]  loss=0.0009  lr=1.74e-04
  Epoch 050 [ 700/1443]  loss=0.0028  lr=1.74e-04
  Epoch 050 [ 720/1443]  loss=0.0037  lr=1.74e-04
  Epoch 050 [ 740/1443]  loss=0.0022  lr=1.74e-04
  Epoch 050 [ 760/1443]  loss=0.0035  lr=1.74e-04
  Epoch 050 [ 780/1443]  loss=0.0019  lr=1.74e-04
  Epoch 050 [ 800/1443]  loss=0.0032  lr=1.74e-04
  Epoch 050 [ 820/1443]  loss=0.0046  lr=1.74e-04
  Epoch 050 [ 840/1443]  loss=0.0024  lr=1.73e-04
  Epoch 050 [ 860/1443]  loss=0.0019  lr=1.73e-04
  Epoch 050 [ 880/1443]  loss=0.0086  lr=1.73e-04
  Epoch 050 [ 900/1443]  loss=0.0037  lr=1.73e-04
  Epoch 050 [ 920/1443]  loss=0.0040  lr=1.73e-04
  Epoch 050 [ 940/1443]  loss=0.0018  lr=1.73e-04
  Epoch 050 [ 960/1443]  loss=0.0055  lr=1.73e-04
  Epoch 050 [ 980/1443]  loss=0.0034  lr=1.73e-04
  Epoch 050 [1000/1443]  loss=0.0021  lr=1.73e-04
  Epoch 050 [1020/1443]  loss=0.0044  lr=1.73e-04
  Epoch 050 [1040/1443]  loss=0.0042  lr=1.73e-04
  Epoch 050 [1060/1443]  loss=0.0027  lr=1.73e-04
  Epoch 050 [1080/1443]  loss=0.0024  lr=1.73e-04
  Epoch 050 [1100/1443]  loss=0.0024  lr=1.73e-04
  Epoch 050 [1120/1443]  loss=0.0081  lr=1.72e-04
  Epoch 050 [1140/1443]  loss=0.0034  lr=1.72e-04
  Epoch 050 [1160/1443]  loss=0.0021  lr=1.72e-04
  Epoch 050 [1180/1443]  loss=0.0056  lr=1.72e-04
  Epoch 050 [1200/1443]  loss=0.0030  lr=1.72e-04
  Epoch 050 [1220/1443]  loss=0.0051  lr=1.72e-04
  Epoch 050 [1240/1443]  loss=0.0057  lr=1.72e-04
  Epoch 050 [1260/1443]  loss=0.0038  lr=1.72e-04
  Epoch 050 [1280/1443]  loss=0.0014  lr=1.72e-04
  Epoch 050 [1300/1443]  loss=0.0022  lr=1.72e-04
  Epoch 050 [1320/1443]  loss=0.0044  lr=1.72e-04
  Epoch 050 [1340/1443]  loss=0.0067  lr=1.72e-04
  Epoch 050 [1360/1443]  loss=0.0053  lr=1.72e-04
  Epoch 050 [1380/1443]  loss=0.0011  lr=1.72e-04
  Epoch 050 [1400/1443]  loss=0.0011  lr=1.71e-04
  Epoch 050 [1420/1443]  loss=0.0068  lr=1.71e-04
  Epoch 050 [1440/1443]  loss=0.0015  lr=1.71e-04

Epoch 050 done | avg_loss=0.0040 | val_mse_norm=0.0286 (α=0.0242 ζ=0.0330) | time=294.5s
  Checkpoint saved → /scratch/va2661/data/active_matter/checkpoints/supervised/latest.pt
  Checkpoint saved → /scratch/va2661/data/active_matter/checkpoints/supervised/epoch_0050.pt

  Epoch 051 [   0/1443]  loss=0.0011  lr=1.71e-04
  Epoch 051 [  20/1443]  loss=0.0024  lr=1.71e-04
  Epoch 051 [  40/1443]  loss=0.0037  lr=1.71e-04
  Epoch 051 [  60/1443]  loss=0.0069  lr=1.71e-04
  Epoch 051 [  80/1443]  loss=0.0018  lr=1.71e-04
  Epoch 051 [ 100/1443]  loss=0.0035  lr=1.71e-04
  Epoch 051 [ 120/1443]  loss=0.0055  lr=1.71e-04
  Epoch 051 [ 140/1443]  loss=0.0023  lr=1.71e-04
  Epoch 051 [ 160/1443]  loss=0.0013  lr=1.71e-04
  Epoch 051 [ 180/1443]  loss=0.0052  lr=1.71e-04
  Epoch 051 [ 200/1443]  loss=0.0034  lr=1.71e-04
  Epoch 051 [ 220/1443]  loss=0.0037  lr=1.71e-04
  Epoch 051 [ 240/1443]  loss=0.0072  lr=1.70e-04
  Epoch 051 [ 260/1443]  loss=0.0011  lr=1.70e-04
  Epoch 051 [ 280/1443]  loss=0.0036  lr=1.70e-04
  Epoch 051 [ 300/1443]  loss=0.0045  lr=1.70e-04
  Epoch 051 [ 320/1443]  loss=0.0014  lr=1.70e-04
  Epoch 051 [ 340/1443]  loss=0.0033  lr=1.70e-04
  Epoch 051 [ 360/1443]  loss=0.0014  lr=1.70e-04
  Epoch 051 [ 380/1443]  loss=0.0022  lr=1.70e-04
  Epoch 051 [ 400/1443]  loss=0.0026  lr=1.70e-04
  Epoch 051 [ 420/1443]  loss=0.0019  lr=1.70e-04
  Epoch 051 [ 440/1443]  loss=0.0030  lr=1.70e-04
  Epoch 051 [ 460/1443]  loss=0.0084  lr=1.70e-04
  Epoch 051 [ 480/1443]  loss=0.0024  lr=1.70e-04
  Epoch 051 [ 500/1443]  loss=0.0053  lr=1.70e-04
  Epoch 051 [ 520/1443]  loss=0.0062  lr=1.69e-04
  Epoch 051 [ 540/1443]  loss=0.0249  lr=1.69e-04
  Epoch 051 [ 560/1443]  loss=0.0008  lr=1.69e-04
  Epoch 051 [ 580/1443]  loss=0.0024  lr=1.69e-04
  Epoch 051 [ 600/1443]  loss=0.0067  lr=1.69e-04
  Epoch 051 [ 620/1443]  loss=0.0020  lr=1.69e-04
  Epoch 051 [ 640/1443]  loss=0.0035  lr=1.69e-04
  Epoch 051 [ 660/1443]  loss=0.0018  lr=1.69e-04
  Epoch 051 [ 680/1443]  loss=0.0013  lr=1.69e-04
  Epoch 051 [ 700/1443]  loss=0.0042  lr=1.69e-04
  Epoch 051 [ 720/1443]  loss=0.0011  lr=1.69e-04
  Epoch 051 [ 740/1443]  loss=0.0080  lr=1.69e-04
  Epoch 051 [ 760/1443]  loss=0.0047  lr=1.69e-04
  Epoch 051 [ 780/1443]  loss=0.0013  lr=1.69e-04
  Epoch 051 [ 800/1443]  loss=0.0012  lr=1.68e-04
  Epoch 051 [ 820/1443]  loss=0.0020  lr=1.68e-04
  Epoch 051 [ 840/1443]  loss=0.0086  lr=1.68e-04
  Epoch 051 [ 860/1443]  loss=0.0016  lr=1.68e-04
  Epoch 051 [ 880/1443]  loss=0.0039  lr=1.68e-04
  Epoch 051 [ 900/1443]  loss=0.0061  lr=1.68e-04
  Epoch 051 [ 920/1443]  loss=0.0029  lr=1.68e-04
  Epoch 051 [ 940/1443]  loss=0.0134  lr=1.68e-04
  Epoch 051 [ 960/1443]  loss=0.0040  lr=1.68e-04
  Epoch 051 [ 980/1443]  loss=0.0058  lr=1.68e-04
  Epoch 051 [1000/1443]  loss=0.0040  lr=1.68e-04
  Epoch 051 [1020/1443]  loss=0.0105  lr=1.68e-04
  Epoch 051 [1040/1443]  loss=0.0033  lr=1.68e-04
  Epoch 051 [1060/1443]  loss=0.0028  lr=1.68e-04
  Epoch 051 [1080/1443]  loss=0.0079  lr=1.67e-04
  Epoch 051 [1100/1443]  loss=0.0023  lr=1.67e-04
  Epoch 051 [1120/1443]  loss=0.0114  lr=1.67e-04
  Epoch 051 [1140/1443]  loss=0.0031  lr=1.67e-04
  Epoch 051 [1160/1443]  loss=0.0043  lr=1.67e-04
  Epoch 051 [1180/1443]  loss=0.0046  lr=1.67e-04
  Epoch 051 [1200/1443]  loss=0.0042  lr=1.67e-04
  Epoch 051 [1220/1443]  loss=0.0020  lr=1.67e-04
  Epoch 051 [1240/1443]  loss=0.0008  lr=1.67e-04
  Epoch 051 [1260/1443]  loss=0.0020  lr=1.67e-04
  Epoch 051 [1280/1443]  loss=0.0026  lr=1.67e-04
  Epoch 051 [1300/1443]  loss=0.0036  lr=1.67e-04
  Epoch 051 [1320/1443]  loss=0.0011  lr=1.67e-04
  Epoch 051 [1340/1443]  loss=0.0033  lr=1.66e-04
  Epoch 051 [1360/1443]  loss=0.0109  lr=1.66e-04
  Epoch 051 [1380/1443]  loss=0.0043  lr=1.66e-04
  Epoch 051 [1400/1443]  loss=0.0020  lr=1.66e-04
  Epoch 051 [1420/1443]  loss=0.0061  lr=1.66e-04
  Epoch 051 [1440/1443]  loss=0.0187  lr=1.66e-04

Epoch 051 done | avg_loss=0.0040 | val_mse_norm=0.0411 (α=0.0321 ζ=0.0501) | time=293.3s
  Checkpoint saved → /scratch/va2661/data/active_matter/checkpoints/supervised/latest.pt

  Epoch 052 [   0/1443]  loss=0.0014  lr=1.66e-04
  Epoch 052 [  20/1443]  loss=0.0035  lr=1.66e-04
  Epoch 052 [  40/1443]  loss=0.0015  lr=1.66e-04
  Epoch 052 [  60/1443]  loss=0.0010  lr=1.66e-04
  Epoch 052 [  80/1443]  loss=0.0082  lr=1.66e-04
  Epoch 052 [ 100/1443]  loss=0.0063  lr=1.66e-04
  Epoch 052 [ 120/1443]  loss=0.0012  lr=1.66e-04
  Epoch 052 [ 140/1443]  loss=0.0037  lr=1.66e-04
  Epoch 052 [ 160/1443]  loss=0.0039  lr=1.66e-04
  Epoch 052 [ 180/1443]  loss=0.0194  lr=1.65e-04
  Epoch 052 [ 200/1443]  loss=0.0009  lr=1.65e-04
  Epoch 052 [ 220/1443]  loss=0.0007  lr=1.65e-04
  Epoch 052 [ 240/1443]  loss=0.0038  lr=1.65e-04
  Epoch 052 [ 260/1443]  loss=0.0016  lr=1.65e-04
  Epoch 052 [ 280/1443]  loss=0.0016  lr=1.65e-04
  Epoch 052 [ 300/1443]  loss=0.0044  lr=1.65e-04
  Epoch 052 [ 320/1443]  loss=0.0016  lr=1.65e-04
  Epoch 052 [ 340/1443]  loss=0.0051  lr=1.65e-04
  Epoch 052 [ 360/1443]  loss=0.0040  lr=1.65e-04
  Epoch 052 [ 380/1443]  loss=0.0070  lr=1.65e-04
  Epoch 052 [ 400/1443]  loss=0.0024  lr=1.65e-04
  Epoch 052 [ 420/1443]  loss=0.0025  lr=1.65e-04
  Epoch 052 [ 440/1443]  loss=0.0034  lr=1.65e-04
  Epoch 052 [ 460/1443]  loss=0.0019  lr=1.64e-04
  Epoch 052 [ 480/1443]  loss=0.0023  lr=1.64e-04
  Epoch 052 [ 500/1443]  loss=0.0046  lr=1.64e-04
  Epoch 052 [ 520/1443]  loss=0.0017  lr=1.64e-04
  Epoch 052 [ 540/1443]  loss=0.0009  lr=1.64e-04
  Epoch 052 [ 560/1443]  loss=0.0064  lr=1.64e-04
  Epoch 052 [ 580/1443]  loss=0.0025  lr=1.64e-04
  Epoch 052 [ 600/1443]  loss=0.0005  lr=1.64e-04
  Epoch 052 [ 620/1443]  loss=0.0031  lr=1.64e-04
  Epoch 052 [ 640/1443]  loss=0.0021  lr=1.64e-04
  Epoch 052 [ 660/1443]  loss=0.0038  lr=1.64e-04
  Epoch 052 [ 680/1443]  loss=0.0057  lr=1.64e-04
  Epoch 052 [ 700/1443]  loss=0.0023  lr=1.64e-04
  Epoch 052 [ 720/1443]  loss=0.0022  lr=1.64e-04
  Epoch 052 [ 740/1443]  loss=0.0032  lr=1.63e-04
  Epoch 052 [ 760/1443]  loss=0.0018  lr=1.63e-04
  Epoch 052 [ 780/1443]  loss=0.0037  lr=1.63e-04
  Epoch 052 [ 800/1443]  loss=0.0010  lr=1.63e-04
  Epoch 052 [ 820/1443]  loss=0.0053  lr=1.63e-04
  Epoch 052 [ 840/1443]  loss=0.0032  lr=1.63e-04
  Epoch 052 [ 860/1443]  loss=0.0011  lr=1.63e-04
  Epoch 052 [ 880/1443]  loss=0.0034  lr=1.63e-04
  Epoch 052 [ 900/1443]  loss=0.0038  lr=1.63e-04
  Epoch 052 [ 920/1443]  loss=0.0067  lr=1.63e-04
  Epoch 052 [ 940/1443]  loss=0.0111  lr=1.63e-04
  Epoch 052 [ 960/1443]  loss=0.0010  lr=1.63e-04
  Epoch 052 [ 980/1443]  loss=0.0029  lr=1.63e-04
  Epoch 052 [1000/1443]  loss=0.0032  lr=1.63e-04
  Epoch 052 [1020/1443]  loss=0.0015  lr=1.62e-04
  Epoch 052 [1040/1443]  loss=0.0022  lr=1.62e-04
  Epoch 052 [1060/1443]  loss=0.0017  lr=1.62e-04
  Epoch 052 [1080/1443]  loss=0.0014  lr=1.62e-04
  Epoch 052 [1100/1443]  loss=0.0012  lr=1.62e-04
  Epoch 052 [1120/1443]  loss=0.0018  lr=1.62e-04
  Epoch 052 [1140/1443]  loss=0.0040  lr=1.62e-04
  Epoch 052 [1160/1443]  loss=0.0081  lr=1.62e-04
  Epoch 052 [1180/1443]  loss=0.0053  lr=1.62e-04
  Epoch 052 [1200/1443]  loss=0.0037  lr=1.62e-04
  Epoch 052 [1220/1443]  loss=0.0059  lr=1.62e-04
  Epoch 052 [1240/1443]  loss=0.0072  lr=1.62e-04
  Epoch 052 [1260/1443]  loss=0.0021  lr=1.62e-04
  Epoch 052 [1280/1443]  loss=0.0037  lr=1.62e-04
  Epoch 052 [1300/1443]  loss=0.0025  lr=1.61e-04
  Epoch 052 [1320/1443]  loss=0.0029  lr=1.61e-04
  Epoch 052 [1340/1443]  loss=0.0017  lr=1.61e-04
  Epoch 052 [1360/1443]  loss=0.0012  lr=1.61e-04
  Epoch 052 [1380/1443]  loss=0.0009  lr=1.61e-04
  Epoch 052 [1400/1443]  loss=0.0022  lr=1.61e-04
  Epoch 052 [1420/1443]  loss=0.0022  lr=1.61e-04
  Epoch 052 [1440/1443]  loss=0.0021  lr=1.61e-04

Epoch 052 done | avg_loss=0.0037 | val_mse_norm=0.0307 (α=0.0287 ζ=0.0326) | time=294.1s
  Checkpoint saved → /scratch/va2661/data/active_matter/checkpoints/supervised/latest.pt

  Epoch 053 [   0/1443]  loss=0.0036  lr=1.61e-04
  Epoch 053 [  20/1443]  loss=0.0083  lr=1.61e-04
  Epoch 053 [  40/1443]  loss=0.0038  lr=1.61e-04
  Epoch 053 [  60/1443]  loss=0.0018  lr=1.61e-04
  Epoch 053 [  80/1443]  loss=0.0015  lr=1.61e-04
  Epoch 053 [ 100/1443]  loss=0.0042  lr=1.61e-04
  Epoch 053 [ 120/1443]  loss=0.0069  lr=1.60e-04
  Epoch 053 [ 140/1443]  loss=0.0021  lr=1.60e-04
  Epoch 053 [ 160/1443]  loss=0.0015  lr=1.60e-04
  Epoch 053 [ 180/1443]  loss=0.0038  lr=1.60e-04
  Epoch 053 [ 200/1443]  loss=0.0023  lr=1.60e-04
  Epoch 053 [ 220/1443]  loss=0.0045  lr=1.60e-04
  Epoch 053 [ 240/1443]  loss=0.0036  lr=1.60e-04
  Epoch 053 [ 260/1443]  loss=0.0008  lr=1.60e-04
  Epoch 053 [ 280/1443]  loss=0.0065  lr=1.60e-04
  Epoch 053 [ 300/1443]  loss=0.0017  lr=1.60e-04
  Epoch 053 [ 320/1443]  loss=0.0104  lr=1.60e-04
  Epoch 053 [ 340/1443]  loss=0.0032  lr=1.60e-04
  Epoch 053 [ 360/1443]  loss=0.0021  lr=1.60e-04
  Epoch 053 [ 380/1443]  loss=0.0023  lr=1.60e-04
  Epoch 053 [ 400/1443]  loss=0.0042  lr=1.59e-04
  Epoch 053 [ 420/1443]  loss=0.0022  lr=1.59e-04
  Epoch 053 [ 440/1443]  loss=0.0031  lr=1.59e-04
  Epoch 053 [ 460/1443]  loss=0.0055  lr=1.59e-04
  Epoch 053 [ 480/1443]  loss=0.0031  lr=1.59e-04
  Epoch 053 [ 500/1443]  loss=0.0060  lr=1.59e-04
  Epoch 053 [ 520/1443]  loss=0.0008  lr=1.59e-04
  Epoch 053 [ 540/1443]  loss=0.0025  lr=1.59e-04
  Epoch 053 [ 560/1443]  loss=0.0028  lr=1.59e-04
  Epoch 053 [ 580/1443]  loss=0.0072  lr=1.59e-04
  Epoch 053 [ 600/1443]  loss=0.0062  lr=1.59e-04
  Epoch 053 [ 620/1443]  loss=0.0033  lr=1.59e-04
  Epoch 053 [ 640/1443]  loss=0.0013  lr=1.59e-04
  Epoch 053 [ 660/1443]  loss=0.0011  lr=1.59e-04
  Epoch 053 [ 680/1443]  loss=0.0031  lr=1.58e-04
  Epoch 053 [ 700/1443]  loss=0.0018  lr=1.58e-04
  Epoch 053 [ 720/1443]  loss=0.0011  lr=1.58e-04
  Epoch 053 [ 740/1443]  loss=0.0009  lr=1.58e-04
  Epoch 053 [ 760/1443]  loss=0.0275  lr=1.58e-04
  Epoch 053 [ 780/1443]  loss=0.0026  lr=1.58e-04
  Epoch 053 [ 800/1443]  loss=0.0108  lr=1.58e-04
  Epoch 053 [ 820/1443]  loss=0.0046  lr=1.58e-04
  Epoch 053 [ 840/1443]  loss=0.0048  lr=1.58e-04
  Epoch 053 [ 860/1443]  loss=0.0009  lr=1.58e-04
  Epoch 053 [ 880/1443]  loss=0.0032  lr=1.58e-04
  Epoch 053 [ 900/1443]  loss=0.0010  lr=1.58e-04
  Epoch 053 [ 920/1443]  loss=0.0078  lr=1.58e-04
  Epoch 053 [ 940/1443]  loss=0.0034  lr=1.58e-04
  Epoch 053 [ 960/1443]  loss=0.0006  lr=1.57e-04
  Epoch 053 [ 980/1443]  loss=0.0018  lr=1.57e-04
  Epoch 053 [1000/1443]  loss=0.0027  lr=1.57e-04
  Epoch 053 [1020/1443]  loss=0.0022  lr=1.57e-04
  Epoch 053 [1040/1443]  loss=0.0018  lr=1.57e-04
  Epoch 053 [1060/1443]  loss=0.0030  lr=1.57e-04
  Epoch 053 [1080/1443]  loss=0.0042  lr=1.57e-04
  Epoch 053 [1100/1443]  loss=0.0019  lr=1.57e-04
  Epoch 053 [1120/1443]  loss=0.0068  lr=1.57e-04
  Epoch 053 [1140/1443]  loss=0.0024  lr=1.57e-04
  Epoch 053 [1160/1443]  loss=0.0135  lr=1.57e-04
  Epoch 053 [1180/1443]  loss=0.0005  lr=1.57e-04
  Epoch 053 [1200/1443]  loss=0.0299  lr=1.57e-04
  Epoch 053 [1220/1443]  loss=0.0021  lr=1.57e-04
  Epoch 053 [1240/1443]  loss=0.0047  lr=1.56e-04
  Epoch 053 [1260/1443]  loss=0.0022  lr=1.56e-04
  Epoch 053 [1280/1443]  loss=0.0011  lr=1.56e-04
  Epoch 053 [1300/1443]  loss=0.0050  lr=1.56e-04
  Epoch 053 [1320/1443]  loss=0.0032  lr=1.56e-04
  Epoch 053 [1340/1443]  loss=0.0014  lr=1.56e-04
  Epoch 053 [1360/1443]  loss=0.0036  lr=1.56e-04
  Epoch 053 [1380/1443]  loss=0.0028  lr=1.56e-04
  Epoch 053 [1400/1443]  loss=0.0020  lr=1.56e-04
  Epoch 053 [1420/1443]  loss=0.0006  lr=1.56e-04
  Epoch 053 [1440/1443]  loss=0.0028  lr=1.56e-04

Epoch 053 done | avg_loss=0.0035 | val_mse_norm=0.0316 (α=0.0300 ζ=0.0331) | time=294.1s
  Checkpoint saved → /scratch/va2661/data/active_matter/checkpoints/supervised/latest.pt

  Epoch 054 [   0/1443]  loss=0.0034  lr=1.56e-04
  Epoch 054 [  20/1443]  loss=0.0010  lr=1.56e-04
  Epoch 054 [  40/1443]  loss=0.0044  lr=1.56e-04
  Epoch 054 [  60/1443]  loss=0.0019  lr=1.56e-04
  Epoch 054 [  80/1443]  loss=0.0008  lr=1.55e-04
  Epoch 054 [ 100/1443]  loss=0.0034  lr=1.55e-04
  Epoch 054 [ 120/1443]  loss=0.0165  lr=1.55e-04
  Epoch 054 [ 140/1443]  loss=0.0053  lr=1.55e-04
  Epoch 054 [ 160/1443]  loss=0.0031  lr=1.55e-04
  Epoch 054 [ 180/1443]  loss=0.0017  lr=1.55e-04
  Epoch 054 [ 200/1443]  loss=0.0035  lr=1.55e-04
  Epoch 054 [ 220/1443]  loss=0.0054  lr=1.55e-04
  Epoch 054 [ 240/1443]  loss=0.0021  lr=1.55e-04
  Epoch 054 [ 260/1443]  loss=0.0020  lr=1.55e-04
  Epoch 054 [ 280/1443]  loss=0.0025  lr=1.55e-04
  Epoch 054 [ 300/1443]  loss=0.0032  lr=1.55e-04
  Epoch 054 [ 320/1443]  loss=0.0043  lr=1.55e-04
  Epoch 054 [ 340/1443]  loss=0.0006  lr=1.54e-04
  Epoch 054 [ 360/1443]  loss=0.0025  lr=1.54e-04
  Epoch 054 [ 380/1443]  loss=0.0026  lr=1.54e-04
  Epoch 054 [ 400/1443]  loss=0.0008  lr=1.54e-04
  Epoch 054 [ 420/1443]  loss=0.0013  lr=1.54e-04
  Epoch 054 [ 440/1443]  loss=0.0045  lr=1.54e-04
  Epoch 054 [ 460/1443]  loss=0.0020  lr=1.54e-04
  Epoch 054 [ 480/1443]  loss=0.0019  lr=1.54e-04
  Epoch 054 [ 500/1443]  loss=0.0022  lr=1.54e-04
  Epoch 054 [ 520/1443]  loss=0.0010  lr=1.54e-04
  Epoch 054 [ 540/1443]  loss=0.0047  lr=1.54e-04
  Epoch 054 [ 560/1443]  loss=0.0020  lr=1.54e-04
  Epoch 054 [ 580/1443]  loss=0.0014  lr=1.54e-04
  Epoch 054 [ 600/1443]  loss=0.0020  lr=1.54e-04
  Epoch 054 [ 620/1443]  loss=0.0017  lr=1.53e-04
  Epoch 054 [ 640/1443]  loss=0.0039  lr=1.53e-04
  Epoch 054 [ 660/1443]  loss=0.0084  lr=1.53e-04
  Epoch 054 [ 680/1443]  loss=0.0021  lr=1.53e-04
  Epoch 054 [ 700/1443]  loss=0.0008  lr=1.53e-04
  Epoch 054 [ 720/1443]  loss=0.0049  lr=1.53e-04
  Epoch 054 [ 740/1443]  loss=0.0020  lr=1.53e-04
  Epoch 054 [ 760/1443]  loss=0.0015  lr=1.53e-04
  Epoch 054 [ 780/1443]  loss=0.0026  lr=1.53e-04
  Epoch 054 [ 800/1443]  loss=0.0013  lr=1.53e-04
  Epoch 054 [ 820/1443]  loss=0.0025  lr=1.53e-04
  Epoch 054 [ 840/1443]  loss=0.0087  lr=1.53e-04
  Epoch 054 [ 860/1443]  loss=0.0009  lr=1.53e-04
  Epoch 054 [ 880/1443]  loss=0.0076  lr=1.53e-04
  Epoch 054 [ 900/1443]  loss=0.0011  lr=1.52e-04
  Epoch 054 [ 920/1443]  loss=0.0011  lr=1.52e-04
  Epoch 054 [ 940/1443]  loss=0.0024  lr=1.52e-04
  Epoch 054 [ 960/1443]  loss=0.0052  lr=1.52e-04
  Epoch 054 [ 980/1443]  loss=0.0006  lr=1.52e-04
  Epoch 054 [1000/1443]  loss=0.0075  lr=1.52e-04
  Epoch 054 [1020/1443]  loss=0.0028  lr=1.52e-04
  Epoch 054 [1040/1443]  loss=0.0050  lr=1.52e-04
  Epoch 054 [1060/1443]  loss=0.0063  lr=1.52e-04
  Epoch 054 [1080/1443]  loss=0.0034  lr=1.52e-04
  Epoch 054 [1100/1443]  loss=0.0020  lr=1.52e-04
  Epoch 054 [1120/1443]  loss=0.0025  lr=1.52e-04
  Epoch 054 [1140/1443]  loss=0.0041  lr=1.52e-04
  Epoch 054 [1160/1443]  loss=0.0007  lr=1.52e-04
  Epoch 054 [1180/1443]  loss=0.0023  lr=1.51e-04
  Epoch 054 [1200/1443]  loss=0.0029  lr=1.51e-04
  Epoch 054 [1220/1443]  loss=0.0036  lr=1.51e-04
  Epoch 054 [1240/1443]  loss=0.0020  lr=1.51e-04
  Epoch 054 [1260/1443]  loss=0.0044  lr=1.51e-04
  Epoch 054 [1280/1443]  loss=0.0041  lr=1.51e-04
  Epoch 054 [1300/1443]  loss=0.0013  lr=1.51e-04
  Epoch 054 [1320/1443]  loss=0.0027  lr=1.51e-04
  Epoch 054 [1340/1443]  loss=0.0013  lr=1.51e-04
  Epoch 054 [1360/1443]  loss=0.0234  lr=1.51e-04
  Epoch 054 [1380/1443]  loss=0.0098  lr=1.51e-04
  Epoch 054 [1400/1443]  loss=0.0288  lr=1.51e-04
  Epoch 054 [1420/1443]  loss=0.0022  lr=1.51e-04
  Epoch 054 [1440/1443]  loss=0.0018  lr=1.51e-04

Epoch 054 done | avg_loss=0.0032 | val_mse_norm=0.0342 (α=0.0475 ζ=0.0208) | time=294.8s
  Checkpoint saved → /scratch/va2661/data/active_matter/checkpoints/supervised/latest.pt

  Epoch 055 [   0/1443]  loss=0.0034  lr=1.50e-04
  Epoch 055 [  20/1443]  loss=0.0030  lr=1.50e-04
  Epoch 055 [  40/1443]  loss=0.0036  lr=1.50e-04
  Epoch 055 [  60/1443]  loss=0.0025  lr=1.50e-04
  Epoch 055 [  80/1443]  loss=0.0014  lr=1.50e-04
  Epoch 055 [ 100/1443]  loss=0.0011  lr=1.50e-04
  Epoch 055 [ 120/1443]  loss=0.0008  lr=1.50e-04
  Epoch 055 [ 140/1443]  loss=0.0018  lr=1.50e-04
  Epoch 055 [ 160/1443]  loss=0.0228  lr=1.50e-04
  Epoch 055 [ 180/1443]  loss=0.0020  lr=1.50e-04
  Epoch 055 [ 200/1443]  loss=0.0023  lr=1.50e-04
  Epoch 055 [ 220/1443]  loss=0.0018  lr=1.50e-04
  Epoch 055 [ 240/1443]  loss=0.0021  lr=1.50e-04
  Epoch 055 [ 260/1443]  loss=0.0014  lr=1.50e-04
  Epoch 055 [ 280/1443]  loss=0.0020  lr=1.49e-04
  Epoch 055 [ 300/1443]  loss=0.0007  lr=1.49e-04
  Epoch 055 [ 320/1443]  loss=0.0011  lr=1.49e-04
  Epoch 055 [ 340/1443]  loss=0.0012  lr=1.49e-04
  Epoch 055 [ 360/1443]  loss=0.0043  lr=1.49e-04
  Epoch 055 [ 380/1443]  loss=0.0023  lr=1.49e-04
  Epoch 055 [ 400/1443]  loss=0.0010  lr=1.49e-04
  Epoch 055 [ 420/1443]  loss=0.0014  lr=1.49e-04
  Epoch 055 [ 440/1443]  loss=0.0074  lr=1.49e-04
  Epoch 055 [ 460/1443]  loss=0.0022  lr=1.49e-04
  Epoch 055 [ 480/1443]  loss=0.0007  lr=1.49e-04
  Epoch 055 [ 500/1443]  loss=0.0060  lr=1.49e-04
  Epoch 055 [ 520/1443]  loss=0.0013  lr=1.49e-04
  Epoch 055 [ 540/1443]  loss=0.0010  lr=1.49e-04
  Epoch 055 [ 560/1443]  loss=0.0041  lr=1.48e-04
  Epoch 055 [ 580/1443]  loss=0.0018  lr=1.48e-04
  Epoch 055 [ 600/1443]  loss=0.0033  lr=1.48e-04
  Epoch 055 [ 620/1443]  loss=0.0022  lr=1.48e-04
  Epoch 055 [ 640/1443]  loss=0.0039  lr=1.48e-04
  Epoch 055 [ 660/1443]  loss=0.0019  lr=1.48e-04
  Epoch 055 [ 680/1443]  loss=0.0035  lr=1.48e-04
  Epoch 055 [ 700/1443]  loss=0.0020  lr=1.48e-04
  Epoch 055 [ 720/1443]  loss=0.0044  lr=1.48e-04
  Epoch 055 [ 740/1443]  loss=0.0023  lr=1.48e-04
  Epoch 055 [ 760/1443]  loss=0.0027  lr=1.48e-04
  Epoch 055 [ 780/1443]  loss=0.0022  lr=1.48e-04
  Epoch 055 [ 800/1443]  loss=0.0036  lr=1.48e-04
  Epoch 055 [ 820/1443]  loss=0.0080  lr=1.48e-04
  Epoch 055 [ 840/1443]  loss=0.0034  lr=1.47e-04
  Epoch 055 [ 860/1443]  loss=0.0009  lr=1.47e-04
  Epoch 055 [ 880/1443]  loss=0.0039  lr=1.47e-04
  Epoch 055 [ 900/1443]  loss=0.0019  lr=1.47e-04
  Epoch 055 [ 920/1443]  loss=0.0019  lr=1.47e-04
  Epoch 055 [ 940/1443]  loss=0.0014  lr=1.47e-04
  Epoch 055 [ 960/1443]  loss=0.0028  lr=1.47e-04
  Epoch 055 [ 980/1443]  loss=0.0028  lr=1.47e-04
  Epoch 055 [1000/1443]  loss=0.0028  lr=1.47e-04
  Epoch 055 [1020/1443]  loss=0.0068  lr=1.47e-04
  Epoch 055 [1040/1443]  loss=0.0055  lr=1.47e-04
  Epoch 055 [1060/1443]  loss=0.0031  lr=1.47e-04
  Epoch 055 [1080/1443]  loss=0.0070  lr=1.47e-04
  Epoch 055 [1100/1443]  loss=0.0011  lr=1.47e-04
  Epoch 055 [1120/1443]  loss=0.0050  lr=1.46e-04
  Epoch 055 [1140/1443]  loss=0.0027  lr=1.46e-04
  Epoch 055 [1160/1443]  loss=0.0018  lr=1.46e-04
  Epoch 055 [1180/1443]  loss=0.0020  lr=1.46e-04
  Epoch 055 [1200/1443]  loss=0.0010  lr=1.46e-04
  Epoch 055 [1220/1443]  loss=0.0011  lr=1.46e-04
  Epoch 055 [1240/1443]  loss=0.0047  lr=1.46e-04
  Epoch 055 [1260/1443]  loss=0.0012  lr=1.46e-04
  Epoch 055 [1280/1443]  loss=0.0033  lr=1.46e-04
  Epoch 055 [1300/1443]  loss=0.0014  lr=1.46e-04
  Epoch 055 [1320/1443]  loss=0.0033  lr=1.46e-04
  Epoch 055 [1340/1443]  loss=0.0017  lr=1.46e-04
  Epoch 055 [1360/1443]  loss=0.0009  lr=1.46e-04
  Epoch 055 [1380/1443]  loss=0.0017  lr=1.46e-04
  Epoch 055 [1400/1443]  loss=0.0033  lr=1.45e-04
  Epoch 055 [1420/1443]  loss=0.0008  lr=1.45e-04
  Epoch 055 [1440/1443]  loss=0.0015  lr=1.45e-04

Epoch 055 done | avg_loss=0.0030 | val_mse_norm=0.0334 (α=0.0191 ζ=0.0476) | time=293.3s
  Checkpoint saved → /scratch/va2661/data/active_matter/checkpoints/supervised/latest.pt

  Epoch 056 [   0/1443]  loss=0.0019  lr=1.45e-04
  Epoch 056 [  20/1443]  loss=0.0011  lr=1.45e-04
  Epoch 056 [  40/1443]  loss=0.0019  lr=1.45e-04
  Epoch 056 [  60/1443]  loss=0.0013  lr=1.45e-04
  Epoch 056 [  80/1443]  loss=0.0023  lr=1.45e-04
  Epoch 056 [ 100/1443]  loss=0.0024  lr=1.45e-04
  Epoch 056 [ 120/1443]  loss=0.0007  lr=1.45e-04
  Epoch 056 [ 140/1443]  loss=0.0023  lr=1.45e-04
  Epoch 056 [ 160/1443]  loss=0.0005  lr=1.45e-04
  Epoch 056 [ 180/1443]  loss=0.0014  lr=1.45e-04
  Epoch 056 [ 200/1443]  loss=0.0016  lr=1.45e-04
  Epoch 056 [ 220/1443]  loss=0.0015  lr=1.44e-04
  Epoch 056 [ 240/1443]  loss=0.0008  lr=1.44e-04
  Epoch 056 [ 260/1443]  loss=0.0011  lr=1.44e-04
  Epoch 056 [ 280/1443]  loss=0.0014  lr=1.44e-04
  Epoch 056 [ 300/1443]  loss=0.0014  lr=1.44e-04
  Epoch 056 [ 320/1443]  loss=0.0051  lr=1.44e-04
  Epoch 056 [ 340/1443]  loss=0.0035  lr=1.44e-04
  Epoch 056 [ 360/1443]  loss=0.0144  lr=1.44e-04
  Epoch 056 [ 380/1443]  loss=0.0021  lr=1.44e-04
  Epoch 056 [ 400/1443]  loss=0.0009  lr=1.44e-04
  Epoch 056 [ 420/1443]  loss=0.0037  lr=1.44e-04
  Epoch 056 [ 440/1443]  loss=0.0052  lr=1.44e-04
  Epoch 056 [ 460/1443]  loss=0.0017  lr=1.44e-04
  Epoch 056 [ 480/1443]  loss=0.0022  lr=1.44e-04
  Epoch 056 [ 500/1443]  loss=0.0013  lr=1.43e-04
  Epoch 056 [ 520/1443]  loss=0.0065  lr=1.43e-04
  Epoch 056 [ 540/1443]  loss=0.0026  lr=1.43e-04
  Epoch 056 [ 560/1443]  loss=0.0040  lr=1.43e-04
  Epoch 056 [ 580/1443]  loss=0.0025  lr=1.43e-04
  Epoch 056 [ 600/1443]  loss=0.0017  lr=1.43e-04
  Epoch 056 [ 620/1443]  loss=0.0007  lr=1.43e-04
  Epoch 056 [ 640/1443]  loss=0.0023  lr=1.43e-04
  Epoch 056 [ 660/1443]  loss=0.0040  lr=1.43e-04
  Epoch 056 [ 680/1443]  loss=0.0017  lr=1.43e-04
  Epoch 056 [ 700/1443]  loss=0.0013  lr=1.43e-04
  Epoch 056 [ 720/1443]  loss=0.0027  lr=1.43e-04
  Epoch 056 [ 740/1443]  loss=0.0008  lr=1.43e-04
  Epoch 056 [ 760/1443]  loss=0.0056  lr=1.43e-04
  Epoch 056 [ 780/1443]  loss=0.0015  lr=1.42e-04
  Epoch 056 [ 800/1443]  loss=0.0023  lr=1.42e-04
  Epoch 056 [ 820/1443]  loss=0.0011  lr=1.42e-04
  Epoch 056 [ 840/1443]  loss=0.0060  lr=1.42e-04
  Epoch 056 [ 860/1443]  loss=0.0184  lr=1.42e-04
  Epoch 056 [ 880/1443]  loss=0.0013  lr=1.42e-04
  Epoch 056 [ 900/1443]  loss=0.0016  lr=1.42e-04
  Epoch 056 [ 920/1443]  loss=0.0027  lr=1.42e-04
  Epoch 056 [ 940/1443]  loss=0.0004  lr=1.42e-04
  Epoch 056 [ 960/1443]  loss=0.0012  lr=1.42e-04
  Epoch 056 [ 980/1443]  loss=0.0026  lr=1.42e-04
  Epoch 056 [1000/1443]  loss=0.0042  lr=1.42e-04
  Epoch 056 [1020/1443]  loss=0.0013  lr=1.42e-04
  Epoch 056 [1040/1443]  loss=0.0005  lr=1.42e-04
  Epoch 056 [1060/1443]  loss=0.0009  lr=1.41e-04
  Epoch 056 [1080/1443]  loss=0.0015  lr=1.41e-04
  Epoch 056 [1100/1443]  loss=0.0008  lr=1.41e-04
  Epoch 056 [1120/1443]  loss=0.0019  lr=1.41e-04
  Epoch 056 [1140/1443]  loss=0.0036  lr=1.41e-04
  Epoch 056 [1160/1443]  loss=0.0051  lr=1.41e-04
  Epoch 056 [1180/1443]  loss=0.0011  lr=1.41e-04
  Epoch 056 [1200/1443]  loss=0.0057  lr=1.41e-04
  Epoch 056 [1220/1443]  loss=0.0030  lr=1.41e-04
  Epoch 056 [1240/1443]  loss=0.0031  lr=1.41e-04
  Epoch 056 [1260/1443]  loss=0.0020  lr=1.41e-04
  Epoch 056 [1280/1443]  loss=0.0009  lr=1.41e-04
  Epoch 056 [1300/1443]  loss=0.0022  lr=1.41e-04
  Epoch 056 [1320/1443]  loss=0.0023  lr=1.41e-04
  Epoch 056 [1340/1443]  loss=0.0027  lr=1.40e-04
  Epoch 056 [1360/1443]  loss=0.0027  lr=1.40e-04
  Epoch 056 [1380/1443]  loss=0.0007  lr=1.40e-04
  Epoch 056 [1400/1443]  loss=0.0020  lr=1.40e-04
  Epoch 056 [1420/1443]  loss=0.0014  lr=1.40e-04
  Epoch 056 [1440/1443]  loss=0.0044  lr=1.40e-04

Epoch 056 done | avg_loss=0.0028 | val_mse_norm=0.0304 (α=0.0151 ζ=0.0456) | time=293.3s
  Checkpoint saved → /scratch/va2661/data/active_matter/checkpoints/supervised/latest.pt

  Epoch 057 [   0/1443]  loss=0.0021  lr=1.40e-04
  Epoch 057 [  20/1443]  loss=0.0022  lr=1.40e-04
  Epoch 057 [  40/1443]  loss=0.0015  lr=1.40e-04
  Epoch 057 [  60/1443]  loss=0.0006  lr=1.40e-04
  Epoch 057 [  80/1443]  loss=0.0023  lr=1.40e-04
  Epoch 057 [ 100/1443]  loss=0.0025  lr=1.40e-04
  Epoch 057 [ 120/1443]  loss=0.0023  lr=1.40e-04
  Epoch 057 [ 140/1443]  loss=0.0009  lr=1.40e-04
  Epoch 057 [ 160/1443]  loss=0.0014  lr=1.39e-04
  Epoch 057 [ 180/1443]  loss=0.0101  lr=1.39e-04
  Epoch 057 [ 200/1443]  loss=0.0026  lr=1.39e-04
  Epoch 057 [ 220/1443]  loss=0.0014  lr=1.39e-04
  Epoch 057 [ 240/1443]  loss=0.0021  lr=1.39e-04
  Epoch 057 [ 260/1443]  loss=0.0046  lr=1.39e-04
  Epoch 057 [ 280/1443]  loss=0.0019  lr=1.39e-04
  Epoch 057 [ 300/1443]  loss=0.0015  lr=1.39e-04
  Epoch 057 [ 320/1443]  loss=0.0020  lr=1.39e-04
  Epoch 057 [ 340/1443]  loss=0.0017  lr=1.39e-04
  Epoch 057 [ 360/1443]  loss=0.0010  lr=1.39e-04
  Epoch 057 [ 380/1443]  loss=0.0012  lr=1.39e-04
  Epoch 057 [ 400/1443]  loss=0.0024  lr=1.39e-04
  Epoch 057 [ 420/1443]  loss=0.0012  lr=1.39e-04
  Epoch 057 [ 440/1443]  loss=0.0036  lr=1.38e-04
  Epoch 057 [ 460/1443]  loss=0.0017  lr=1.38e-04
  Epoch 057 [ 480/1443]  loss=0.0022  lr=1.38e-04
  Epoch 057 [ 500/1443]  loss=0.0063  lr=1.38e-04
  Epoch 057 [ 520/1443]  loss=0.0037  lr=1.38e-04
  Epoch 057 [ 540/1443]  loss=0.0012  lr=1.38e-04
  Epoch 057 [ 560/1443]  loss=0.0022  lr=1.38e-04
  Epoch 057 [ 580/1443]  loss=0.0013  lr=1.38e-04
  Epoch 057 [ 600/1443]  loss=0.0042  lr=1.38e-04
  Epoch 057 [ 620/1443]  loss=0.0253  lr=1.38e-04
  Epoch 057 [ 640/1443]  loss=0.0026  lr=1.38e-04
  Epoch 057 [ 660/1443]  loss=0.0019  lr=1.38e-04
  Epoch 057 [ 680/1443]  loss=0.0018  lr=1.38e-04
  Epoch 057 [ 700/1443]  loss=0.0008  lr=1.38e-04
  Epoch 057 [ 720/1443]  loss=0.0015  lr=1.37e-04
  Epoch 057 [ 740/1443]  loss=0.0014  lr=1.37e-04
  Epoch 057 [ 760/1443]  loss=0.0320  lr=1.37e-04
  Epoch 057 [ 780/1443]  loss=0.0022  lr=1.37e-04
  Epoch 057 [ 800/1443]  loss=0.0023  lr=1.37e-04
  Epoch 057 [ 820/1443]  loss=0.0041  lr=1.37e-04
  Epoch 057 [ 840/1443]  loss=0.0050  lr=1.37e-04
  Epoch 057 [ 860/1443]  loss=0.0008  lr=1.37e-04
  Epoch 057 [ 880/1443]  loss=0.0008  lr=1.37e-04
  Epoch 057 [ 900/1443]  loss=0.0004  lr=1.37e-04
  Epoch 057 [ 920/1443]  loss=0.0008  lr=1.37e-04
  Epoch 057 [ 940/1443]  loss=0.0065  lr=1.37e-04
  Epoch 057 [ 960/1443]  loss=0.0032  lr=1.37e-04
  Epoch 057 [ 980/1443]  loss=0.0034  lr=1.37e-04
  Epoch 057 [1000/1443]  loss=0.0022  lr=1.36e-04
  Epoch 057 [1020/1443]  loss=0.0014  lr=1.36e-04
  Epoch 057 [1040/1443]  loss=0.0015  lr=1.36e-04
  Epoch 057 [1060/1443]  loss=0.0007  lr=1.36e-04
  Epoch 057 [1080/1443]  loss=0.0018  lr=1.36e-04
  Epoch 057 [1100/1443]  loss=0.0020  lr=1.36e-04
  Epoch 057 [1120/1443]  loss=0.0027  lr=1.36e-04
  Epoch 057 [1140/1443]  loss=0.0007  lr=1.36e-04
  Epoch 057 [1160/1443]  loss=0.0018  lr=1.36e-04
  Epoch 057 [1180/1443]  loss=0.0013  lr=1.36e-04
  Epoch 057 [1200/1443]  loss=0.0003  lr=1.36e-04
  Epoch 057 [1220/1443]  loss=0.0048  lr=1.36e-04
  Epoch 057 [1240/1443]  loss=0.0010  lr=1.36e-04
  Epoch 057 [1260/1443]  loss=0.0013  lr=1.36e-04
  Epoch 057 [1280/1443]  loss=0.0025  lr=1.35e-04
  Epoch 057 [1300/1443]  loss=0.0024  lr=1.35e-04
  Epoch 057 [1320/1443]  loss=0.0026  lr=1.35e-04
  Epoch 057 [1340/1443]  loss=0.0050  lr=1.35e-04
  Epoch 057 [1360/1443]  loss=0.0118  lr=1.35e-04
  Epoch 057 [1380/1443]  loss=0.0005  lr=1.35e-04
  Epoch 057 [1400/1443]  loss=0.0024  lr=1.35e-04
  Epoch 057 [1420/1443]  loss=0.0008  lr=1.35e-04
  Epoch 057 [1440/1443]  loss=0.0028  lr=1.35e-04

Epoch 057 done | avg_loss=0.0025 | val_mse_norm=0.0397 (α=0.0412 ζ=0.0382) | time=293.1s
  Checkpoint saved → /scratch/va2661/data/active_matter/checkpoints/supervised/latest.pt

  Epoch 058 [   0/1443]  loss=0.0018  lr=1.35e-04
  Epoch 058 [  20/1443]  loss=0.0033  lr=1.35e-04
  Epoch 058 [  40/1443]  loss=0.0016  lr=1.35e-04
  Epoch 058 [  60/1443]  loss=0.0020  lr=1.35e-04
  Epoch 058 [  80/1443]  loss=0.0005  lr=1.35e-04
  Epoch 058 [ 100/1443]  loss=0.0030  lr=1.35e-04
  Epoch 058 [ 120/1443]  loss=0.0014  lr=1.34e-04
  Epoch 058 [ 140/1443]  loss=0.0024  lr=1.34e-04
  Epoch 058 [ 160/1443]  loss=0.0014  lr=1.34e-04
  Epoch 058 [ 180/1443]  loss=0.0020  lr=1.34e-04
  Epoch 058 [ 200/1443]  loss=0.0012  lr=1.34e-04
  Epoch 058 [ 220/1443]  loss=0.0033  lr=1.34e-04
  Epoch 058 [ 240/1443]  loss=0.0013  lr=1.34e-04
  Epoch 058 [ 260/1443]  loss=0.0007  lr=1.34e-04
  Epoch 058 [ 280/1443]  loss=0.0023  lr=1.34e-04
  Epoch 058 [ 300/1443]  loss=0.0020  lr=1.34e-04
  Epoch 058 [ 320/1443]  loss=0.0025  lr=1.34e-04
  Epoch 058 [ 340/1443]  loss=0.0014  lr=1.34e-04
  Epoch 058 [ 360/1443]  loss=0.0016  lr=1.34e-04
  Epoch 058 [ 380/1443]  loss=0.0018  lr=1.34e-04
  Epoch 058 [ 400/1443]  loss=0.0016  lr=1.33e-04
  Epoch 058 [ 420/1443]  loss=0.0017  lr=1.33e-04
  Epoch 058 [ 440/1443]  loss=0.0015  lr=1.33e-04
  Epoch 058 [ 460/1443]  loss=0.0133  lr=1.33e-04
  Epoch 058 [ 480/1443]  loss=0.0014  lr=1.33e-04
  Epoch 058 [ 500/1443]  loss=0.0002  lr=1.33e-04
  Epoch 058 [ 520/1443]  loss=0.0017  lr=1.33e-04
  Epoch 058 [ 540/1443]  loss=0.0016  lr=1.33e-04
  Epoch 058 [ 560/1443]  loss=0.0018  lr=1.33e-04
  Epoch 058 [ 580/1443]  loss=0.0018  lr=1.33e-04
  Epoch 058 [ 600/1443]  loss=0.0020  lr=1.33e-04
  Epoch 058 [ 620/1443]  loss=0.0026  lr=1.33e-04
  Epoch 058 [ 640/1443]  loss=0.0051  lr=1.33e-04
  Epoch 058 [ 660/1443]  loss=0.0027  lr=1.33e-04
  Epoch 058 [ 680/1443]  loss=0.0016  lr=1.32e-04
  Epoch 058 [ 700/1443]  loss=0.0005  lr=1.32e-04
  Epoch 058 [ 720/1443]  loss=0.0012  lr=1.32e-04
  Epoch 058 [ 740/1443]  loss=0.0020  lr=1.32e-04
  Epoch 058 [ 760/1443]  loss=0.0012  lr=1.32e-04
  Epoch 058 [ 780/1443]  loss=0.0169  lr=1.32e-04
  Epoch 058 [ 800/1443]  loss=0.0011  lr=1.32e-04
  Epoch 058 [ 820/1443]  loss=0.0036  lr=1.32e-04
  Epoch 058 [ 840/1443]  loss=0.0008  lr=1.32e-04
  Epoch 058 [ 860/1443]  loss=0.0014  lr=1.32e-04
  Epoch 058 [ 880/1443]  loss=0.0011  lr=1.32e-04
  Epoch 058 [ 900/1443]  loss=0.0016  lr=1.32e-04
  Epoch 058 [ 920/1443]  loss=0.0039  lr=1.32e-04
  Epoch 058 [ 940/1443]  loss=0.0018  lr=1.31e-04
  Epoch 058 [ 960/1443]  loss=0.0009  lr=1.31e-04
  Epoch 058 [ 980/1443]  loss=0.0084  lr=1.31e-04
  Epoch 058 [1000/1443]  loss=0.0020  lr=1.31e-04
  Epoch 058 [1020/1443]  loss=0.0022  lr=1.31e-04
  Epoch 058 [1040/1443]  loss=0.0035  lr=1.31e-04
  Epoch 058 [1060/1443]  loss=0.0020  lr=1.31e-04
  Epoch 058 [1080/1443]  loss=0.0007  lr=1.31e-04
  Epoch 058 [1100/1443]  loss=0.0019  lr=1.31e-04
  Epoch 058 [1120/1443]  loss=0.0022  lr=1.31e-04
  Epoch 058 [1140/1443]  loss=0.0032  lr=1.31e-04
  Epoch 058 [1160/1443]  loss=0.0017  lr=1.31e-04
  Epoch 058 [1180/1443]  loss=0.0020  lr=1.31e-04
  Epoch 058 [1200/1443]  loss=0.0007  lr=1.31e-04
  Epoch 058 [1220/1443]  loss=0.0015  lr=1.30e-04
  Epoch 058 [1240/1443]  loss=0.0024  lr=1.30e-04
  Epoch 058 [1260/1443]  loss=0.0025  lr=1.30e-04
  Epoch 058 [1280/1443]  loss=0.0012  lr=1.30e-04
  Epoch 058 [1300/1443]  loss=0.0044  lr=1.30e-04
  Epoch 058 [1320/1443]  loss=0.0016  lr=1.30e-04
  Epoch 058 [1340/1443]  loss=0.0010  lr=1.30e-04
  Epoch 058 [1360/1443]  loss=0.0012  lr=1.30e-04
  Epoch 058 [1380/1443]  loss=0.0041  lr=1.30e-04
  Epoch 058 [1400/1443]  loss=0.0011  lr=1.30e-04
  Epoch 058 [1420/1443]  loss=0.0038  lr=1.30e-04
  Epoch 058 [1440/1443]  loss=0.0020  lr=1.30e-04

Epoch 058 done | avg_loss=0.0026 | val_mse_norm=0.0260 (α=0.0117 ζ=0.0402) | time=293.5s
  Checkpoint saved → /scratch/va2661/data/active_matter/checkpoints/supervised/latest.pt

  Epoch 059 [   0/1443]  loss=0.0008  lr=1.30e-04
  Epoch 059 [  20/1443]  loss=0.0038  lr=1.30e-04
  Epoch 059 [  40/1443]  loss=0.0035  lr=1.30e-04
  Epoch 059 [  60/1443]  loss=0.0008  lr=1.29e-04
  Epoch 059 [  80/1443]  loss=0.0006  lr=1.29e-04
  Epoch 059 [ 100/1443]  loss=0.0019  lr=1.29e-04
  Epoch 059 [ 120/1443]  loss=0.0017  lr=1.29e-04
  Epoch 059 [ 140/1443]  loss=0.0009  lr=1.29e-04
  Epoch 059 [ 160/1443]  loss=0.0004  lr=1.29e-04
  Epoch 059 [ 180/1443]  loss=0.0006  lr=1.29e-04
  Epoch 059 [ 200/1443]  loss=0.0008  lr=1.29e-04
  Epoch 059 [ 220/1443]  loss=0.0031  lr=1.29e-04
  Epoch 059 [ 240/1443]  loss=0.0006  lr=1.29e-04
  Epoch 059 [ 260/1443]  loss=0.0044  lr=1.29e-04
  Epoch 059 [ 280/1443]  loss=0.0071  lr=1.29e-04
  Epoch 059 [ 300/1443]  loss=0.0021  lr=1.29e-04
  Epoch 059 [ 320/1443]  loss=0.0012  lr=1.29e-04
  Epoch 059 [ 340/1443]  loss=0.0025  lr=1.28e-04
  Epoch 059 [ 360/1443]  loss=0.0009  lr=1.28e-04
  Epoch 059 [ 380/1443]  loss=0.0013  lr=1.28e-04
  Epoch 059 [ 400/1443]  loss=0.0013  lr=1.28e-04
  Epoch 059 [ 420/1443]  loss=0.0013  lr=1.28e-04
  Epoch 059 [ 440/1443]  loss=0.0052  lr=1.28e-04
  Epoch 059 [ 460/1443]  loss=0.0010  lr=1.28e-04
  Epoch 059 [ 480/1443]  loss=0.0020  lr=1.28e-04
  Epoch 059 [ 500/1443]  loss=0.0016  lr=1.28e-04
  Epoch 059 [ 520/1443]  loss=0.0033  lr=1.28e-04
  Epoch 059 [ 540/1443]  loss=0.0024  lr=1.28e-04
  Epoch 059 [ 560/1443]  loss=0.0007  lr=1.28e-04
  Epoch 059 [ 580/1443]  loss=0.0005  lr=1.28e-04
  Epoch 059 [ 600/1443]  loss=0.0017  lr=1.28e-04
  Epoch 059 [ 620/1443]  loss=0.0010  lr=1.27e-04
  Epoch 059 [ 640/1443]  loss=0.0014  lr=1.27e-04
  Epoch 059 [ 660/1443]  loss=0.0003  lr=1.27e-04
  Epoch 059 [ 680/1443]  loss=0.0021  lr=1.27e-04
  Epoch 059 [ 700/1443]  loss=0.0031  lr=1.27e-04
  Epoch 059 [ 720/1443]  loss=0.0007  lr=1.27e-04
  Epoch 059 [ 740/1443]  loss=0.0012  lr=1.27e-04
  Epoch 059 [ 760/1443]  loss=0.0008  lr=1.27e-04
  Epoch 059 [ 780/1443]  loss=0.0011  lr=1.27e-04
  Epoch 059 [ 800/1443]  loss=0.0032  lr=1.27e-04
  Epoch 059 [ 820/1443]  loss=0.0040  lr=1.27e-04
  Epoch 059 [ 840/1443]  loss=0.0019  lr=1.27e-04
  Epoch 059 [ 860/1443]  loss=0.0025  lr=1.27e-04
  Epoch 059 [ 880/1443]  loss=0.0012  lr=1.27e-04
  Epoch 059 [ 900/1443]  loss=0.0043  lr=1.26e-04
  Epoch 059 [ 920/1443]  loss=0.0006  lr=1.26e-04
  Epoch 059 [ 940/1443]  loss=0.0027  lr=1.26e-04
  Epoch 059 [ 960/1443]  loss=0.0020  lr=1.26e-04
  Epoch 059 [ 980/1443]  loss=0.0023  lr=1.26e-04
  Epoch 059 [1000/1443]  loss=0.0007  lr=1.26e-04
  Epoch 059 [1020/1443]  loss=0.0007  lr=1.26e-04
  Epoch 059 [1040/1443]  loss=0.0017  lr=1.26e-04
  Epoch 059 [1060/1443]  loss=0.0020  lr=1.26e-04
  Epoch 059 [1080/1443]  loss=0.0028  lr=1.26e-04
  Epoch 059 [1100/1443]  loss=0.0007  lr=1.26e-04
  Epoch 059 [1120/1443]  loss=0.0019  lr=1.26e-04
  Epoch 059 [1140/1443]  loss=0.0018  lr=1.26e-04
  Epoch 059 [1160/1443]  loss=0.0012  lr=1.26e-04
  Epoch 059 [1180/1443]  loss=0.0007  lr=1.25e-04
  Epoch 059 [1200/1443]  loss=0.0058  lr=1.25e-04
  Epoch 059 [1220/1443]  loss=0.0009  lr=1.25e-04
  Epoch 059 [1240/1443]  loss=0.0012  lr=1.25e-04
  Epoch 059 [1260/1443]  loss=0.0010  lr=1.25e-04
  Epoch 059 [1280/1443]  loss=0.0008  lr=1.25e-04
  Epoch 059 [1300/1443]  loss=0.0005  lr=1.25e-04
  Epoch 059 [1320/1443]  loss=0.0017  lr=1.25e-04
  Epoch 059 [1340/1443]  loss=0.0026  lr=1.25e-04
  Epoch 059 [1360/1443]  loss=0.0039  lr=1.25e-04
  Epoch 059 [1380/1443]  loss=0.0015  lr=1.25e-04
  Epoch 059 [1400/1443]  loss=0.0012  lr=1.25e-04
  Epoch 059 [1420/1443]  loss=0.0009  lr=1.25e-04
  Epoch 059 [1440/1443]  loss=0.0010  lr=1.25e-04

Epoch 059 done | avg_loss=0.0022 | val_mse_norm=0.0246 (α=0.0156 ζ=0.0337) | time=293.9s
  Checkpoint saved → /scratch/va2661/data/active_matter/checkpoints/supervised/latest.pt

  Epoch 060 [   0/1443]  loss=0.0023  lr=1.25e-04
  Epoch 060 [  20/1443]  loss=0.0011  lr=1.24e-04
  Epoch 060 [  40/1443]  loss=0.0008  lr=1.24e-04
  Epoch 060 [  60/1443]  loss=0.0008  lr=1.24e-04
  Epoch 060 [  80/1443]  loss=0.0017  lr=1.24e-04
  Epoch 060 [ 100/1443]  loss=0.0007  lr=1.24e-04
  Epoch 060 [ 120/1443]  loss=0.0018  lr=1.24e-04
  Epoch 060 [ 140/1443]  loss=0.0004  lr=1.24e-04
  Epoch 060 [ 160/1443]  loss=0.0020  lr=1.24e-04
  Epoch 060 [ 180/1443]  loss=0.0017  lr=1.24e-04
  Epoch 060 [ 200/1443]  loss=0.0017  lr=1.24e-04
  Epoch 060 [ 220/1443]  loss=0.0027  lr=1.24e-04
  Epoch 060 [ 240/1443]  loss=0.0012  lr=1.24e-04
  Epoch 060 [ 260/1443]  loss=0.0019  lr=1.24e-04
  Epoch 060 [ 280/1443]  loss=0.0010  lr=1.24e-04
  Epoch 060 [ 300/1443]  loss=0.0026  lr=1.23e-04
  Epoch 060 [ 320/1443]  loss=0.0009  lr=1.23e-04
  Epoch 060 [ 340/1443]  loss=0.0028  lr=1.23e-04
  Epoch 060 [ 360/1443]  loss=0.0015  lr=1.23e-04
  Epoch 060 [ 380/1443]  loss=0.0006  lr=1.23e-04
  Epoch 060 [ 400/1443]  loss=0.0055  lr=1.23e-04
  Epoch 060 [ 420/1443]  loss=0.0010  lr=1.23e-04
  Epoch 060 [ 440/1443]  loss=0.0002  lr=1.23e-04
  Epoch 060 [ 460/1443]  loss=0.0006  lr=1.23e-04
  Epoch 060 [ 480/1443]  loss=0.0010  lr=1.23e-04
  Epoch 060 [ 500/1443]  loss=0.0023  lr=1.23e-04
  Epoch 060 [ 520/1443]  loss=0.0007  lr=1.23e-04
  Epoch 060 [ 540/1443]  loss=0.0007  lr=1.23e-04
  Epoch 060 [ 560/1443]  loss=0.0002  lr=1.23e-04
  Epoch 060 [ 580/1443]  loss=0.0006  lr=1.22e-04
  Epoch 060 [ 600/1443]  loss=0.0011  lr=1.22e-04
  Epoch 060 [ 620/1443]  loss=0.0007  lr=1.22e-04
  Epoch 060 [ 640/1443]  loss=0.0007  lr=1.22e-04
  Epoch 060 [ 660/1443]  loss=0.0015  lr=1.22e-04
  Epoch 060 [ 680/1443]  loss=0.0012  lr=1.22e-04
  Epoch 060 [ 700/1443]  loss=0.0006  lr=1.22e-04
  Epoch 060 [ 720/1443]  loss=0.0007  lr=1.22e-04
  Epoch 060 [ 740/1443]  loss=0.0036  lr=1.22e-04
  Epoch 060 [ 760/1443]  loss=0.0021  lr=1.22e-04
  Epoch 060 [ 780/1443]  loss=0.0010  lr=1.22e-04
  Epoch 060 [ 800/1443]  loss=0.0012  lr=1.22e-04
  Epoch 060 [ 820/1443]  loss=0.0018  lr=1.22e-04
  Epoch 060 [ 840/1443]  loss=0.0012  lr=1.22e-04
  Epoch 060 [ 860/1443]  loss=0.0026  lr=1.21e-04
  Epoch 060 [ 880/1443]  loss=0.0006  lr=1.21e-04
  Epoch 060 [ 900/1443]  loss=0.0022  lr=1.21e-04
  Epoch 060 [ 920/1443]  loss=0.0016  lr=1.21e-04
  Epoch 060 [ 940/1443]  loss=0.0007  lr=1.21e-04
  Epoch 060 [ 960/1443]  loss=0.0014  lr=1.21e-04
  Epoch 060 [ 980/1443]  loss=0.0047  lr=1.21e-04
  Epoch 060 [1000/1443]  loss=0.0018  lr=1.21e-04
  Epoch 060 [1020/1443]  loss=0.0013  lr=1.21e-04
  Epoch 060 [1040/1443]  loss=0.0067  lr=1.21e-04
  Epoch 060 [1060/1443]  loss=0.0007  lr=1.21e-04
  Epoch 060 [1080/1443]  loss=0.0022  lr=1.21e-04
  Epoch 060 [1100/1443]  loss=0.0030  lr=1.21e-04
  Epoch 060 [1120/1443]  loss=0.0015  lr=1.21e-04
  Epoch 060 [1140/1443]  loss=0.0008  lr=1.20e-04
  Epoch 060 [1160/1443]  loss=0.0012  lr=1.20e-04
  Epoch 060 [1180/1443]  loss=0.0020  lr=1.20e-04
  Epoch 060 [1200/1443]  loss=0.0007  lr=1.20e-04
  Epoch 060 [1220/1443]  loss=0.0042  lr=1.20e-04
  Epoch 060 [1240/1443]  loss=0.0014  lr=1.20e-04
  Epoch 060 [1260/1443]  loss=0.0020  lr=1.20e-04
  Epoch 060 [1280/1443]  loss=0.0005  lr=1.20e-04
  Epoch 060 [1300/1443]  loss=0.0012  lr=1.20e-04
  Epoch 060 [1320/1443]  loss=0.0014  lr=1.20e-04
  Epoch 060 [1340/1443]  loss=0.0044  lr=1.20e-04
  Epoch 060 [1360/1443]  loss=0.0028  lr=1.20e-04
  Epoch 060 [1380/1443]  loss=0.0026  lr=1.20e-04
  Epoch 060 [1400/1443]  loss=0.0010  lr=1.20e-04
  Epoch 060 [1420/1443]  loss=0.0045  lr=1.19e-04
  Epoch 060 [1440/1443]  loss=0.0006  lr=1.19e-04

Epoch 060 done | avg_loss=0.0021 | val_mse_norm=0.0315 (α=0.0248 ζ=0.0382) | time=293.8s
  Checkpoint saved → /scratch/va2661/data/active_matter/checkpoints/supervised/latest.pt
  Checkpoint saved → /scratch/va2661/data/active_matter/checkpoints/supervised/epoch_0060.pt

  Epoch 061 [   0/1443]  loss=0.0016  lr=1.19e-04
  Epoch 061 [  20/1443]  loss=0.0009  lr=1.19e-04
  Epoch 061 [  40/1443]  loss=0.0006  lr=1.19e-04
  Epoch 061 [  60/1443]  loss=0.0014  lr=1.19e-04
  Epoch 061 [  80/1443]  loss=0.0011  lr=1.19e-04
  Epoch 061 [ 100/1443]  loss=0.0011  lr=1.19e-04
  Epoch 061 [ 120/1443]  loss=0.0010  lr=1.19e-04
  Epoch 061 [ 140/1443]  loss=0.0019  lr=1.19e-04
  Epoch 061 [ 160/1443]  loss=0.0010  lr=1.19e-04
  Epoch 061 [ 180/1443]  loss=0.0021  lr=1.19e-04
  Epoch 061 [ 200/1443]  loss=0.0005  lr=1.19e-04
  Epoch 061 [ 220/1443]  loss=0.0012  lr=1.19e-04
  Epoch 061 [ 240/1443]  loss=0.0011  lr=1.19e-04
  Epoch 061 [ 260/1443]  loss=0.0024  lr=1.18e-04
  Epoch 061 [ 280/1443]  loss=0.0005  lr=1.18e-04
  Epoch 061 [ 300/1443]  loss=0.0007  lr=1.18e-04
  Epoch 061 [ 320/1443]  loss=0.0011  lr=1.18e-04
  Epoch 061 [ 340/1443]  loss=0.0026  lr=1.18e-04
  Epoch 061 [ 360/1443]  loss=0.0014  lr=1.18e-04
  Epoch 061 [ 380/1443]  loss=0.0017  lr=1.18e-04
  Epoch 061 [ 400/1443]  loss=0.0013  lr=1.18e-04
  Epoch 061 [ 420/1443]  loss=0.0012  lr=1.18e-04
  Epoch 061 [ 440/1443]  loss=0.0053  lr=1.18e-04
  Epoch 061 [ 460/1443]  loss=0.0049  lr=1.18e-04
  Epoch 061 [ 480/1443]  loss=0.0012  lr=1.18e-04
  Epoch 061 [ 500/1443]  loss=0.0020  lr=1.18e-04
  Epoch 061 [ 520/1443]  loss=0.0007  lr=1.18e-04
  Epoch 061 [ 540/1443]  loss=0.0007  lr=1.18e-04
  Epoch 061 [ 560/1443]  loss=0.0021  lr=1.17e-04
  Epoch 061 [ 580/1443]  loss=0.0050  lr=1.17e-04
  Epoch 061 [ 600/1443]  loss=0.0019  lr=1.17e-04
  Epoch 061 [ 620/1443]  loss=0.0003  lr=1.17e-04
  Epoch 061 [ 640/1443]  loss=0.0029  lr=1.17e-04
  Epoch 061 [ 660/1443]  loss=0.0003  lr=1.17e-04
  Epoch 061 [ 680/1443]  loss=0.0011  lr=1.17e-04
  Epoch 061 [ 700/1443]  loss=0.0069  lr=1.17e-04
  Epoch 061 [ 720/1443]  loss=0.0007  lr=1.17e-04
  Epoch 061 [ 740/1443]  loss=0.0014  lr=1.17e-04
  Epoch 061 [ 760/1443]  loss=0.0006  lr=1.17e-04
  Epoch 061 [ 780/1443]  loss=0.0005  lr=1.17e-04
  Epoch 061 [ 800/1443]  loss=0.0014  lr=1.17e-04
  Epoch 061 [ 820/1443]  loss=0.0010  lr=1.17e-04
  Epoch 061 [ 840/1443]  loss=0.0018  lr=1.16e-04
  Epoch 061 [ 860/1443]  loss=0.0014  lr=1.16e-04
  Epoch 061 [ 880/1443]  loss=0.0009  lr=1.16e-04
  Epoch 061 [ 900/1443]  loss=0.0019  lr=1.16e-04
  Epoch 061 [ 920/1443]  loss=0.0012  lr=1.16e-04
  Epoch 061 [ 940/1443]  loss=0.0014  lr=1.16e-04
  Epoch 061 [ 960/1443]  loss=0.0010  lr=1.16e-04
  Epoch 061 [ 980/1443]  loss=0.0055  lr=1.16e-04
  Epoch 061 [1000/1443]  loss=0.0026  lr=1.16e-04
  Epoch 061 [1020/1443]  loss=0.0012  lr=1.16e-04
  Epoch 061 [1040/1443]  loss=0.0015  lr=1.16e-04
  Epoch 061 [1060/1443]  loss=0.0016  lr=1.16e-04
  Epoch 061 [1080/1443]  loss=0.0013  lr=1.16e-04
  Epoch 061 [1100/1443]  loss=0.0021  lr=1.16e-04
  Epoch 061 [1120/1443]  loss=0.0071  lr=1.15e-04
  Epoch 061 [1140/1443]  loss=0.0019  lr=1.15e-04
  Epoch 061 [1160/1443]  loss=0.0011  lr=1.15e-04
  Epoch 061 [1180/1443]  loss=0.0037  lr=1.15e-04
  Epoch 061 [1200/1443]  loss=0.0022  lr=1.15e-04
  Epoch 061 [1220/1443]  loss=0.0008  lr=1.15e-04
  Epoch 061 [1240/1443]  loss=0.0031  lr=1.15e-04
  Epoch 061 [1260/1443]  loss=0.0013  lr=1.15e-04
  Epoch 061 [1280/1443]  loss=0.0020  lr=1.15e-04
  Epoch 061 [1300/1443]  loss=0.0007  lr=1.15e-04
  Epoch 061 [1320/1443]  loss=0.0007  lr=1.15e-04
  Epoch 061 [1340/1443]  loss=0.0013  lr=1.15e-04
  Epoch 061 [1360/1443]  loss=0.0005  lr=1.15e-04
  Epoch 061 [1380/1443]  loss=0.0006  lr=1.15e-04
  Epoch 061 [1400/1443]  loss=0.0008  lr=1.14e-04
  Epoch 061 [1420/1443]  loss=0.0011  lr=1.14e-04
  Epoch 061 [1440/1443]  loss=0.0018  lr=1.14e-04

Epoch 061 done | avg_loss=0.0018 | val_mse_norm=0.0257 (α=0.0172 ζ=0.0342) | time=294.9s
  Checkpoint saved → /scratch/va2661/data/active_matter/checkpoints/supervised/latest.pt

  Epoch 062 [   0/1443]  loss=0.0316  lr=1.14e-04
  Epoch 062 [  20/1443]  loss=0.0005  lr=1.14e-04
  Epoch 062 [  40/1443]  loss=0.0020  lr=1.14e-04
  Epoch 062 [  60/1443]  loss=0.0009  lr=1.14e-04
  Epoch 062 [  80/1443]  loss=0.0028  lr=1.14e-04
  Epoch 062 [ 100/1443]  loss=0.0015  lr=1.14e-04
  Epoch 062 [ 120/1443]  loss=0.0026  lr=1.14e-04
  Epoch 062 [ 140/1443]  loss=0.0032  lr=1.14e-04
  Epoch 062 [ 160/1443]  loss=0.0005  lr=1.14e-04
  Epoch 062 [ 180/1443]  loss=0.0009  lr=1.14e-04
  Epoch 062 [ 200/1443]  loss=0.0006  lr=1.14e-04
  Epoch 062 [ 220/1443]  loss=0.0011  lr=1.14e-04
  Epoch 062 [ 240/1443]  loss=0.0024  lr=1.13e-04
  Epoch 062 [ 260/1443]  loss=0.0008  lr=1.13e-04
  Epoch 062 [ 280/1443]  loss=0.0007  lr=1.13e-04
  Epoch 062 [ 300/1443]  loss=0.0013  lr=1.13e-04
  Epoch 062 [ 320/1443]  loss=0.0008  lr=1.13e-04
  Epoch 062 [ 340/1443]  loss=0.0009  lr=1.13e-04
  Epoch 062 [ 360/1443]  loss=0.0022  lr=1.13e-04
  Epoch 062 [ 380/1443]  loss=0.0018  lr=1.13e-04
  Epoch 062 [ 400/1443]  loss=0.0006  lr=1.13e-04
  Epoch 062 [ 420/1443]  loss=0.0023  lr=1.13e-04
  Epoch 062 [ 440/1443]  loss=0.0004  lr=1.13e-04
  Epoch 062 [ 460/1443]  loss=0.0014  lr=1.13e-04
  Epoch 062 [ 480/1443]  loss=0.0011  lr=1.13e-04
  Epoch 062 [ 500/1443]  loss=0.0012  lr=1.13e-04
  Epoch 062 [ 520/1443]  loss=0.0014  lr=1.13e-04
  Epoch 062 [ 540/1443]  loss=0.0011  lr=1.12e-04
  Epoch 062 [ 560/1443]  loss=0.0018  lr=1.12e-04
  Epoch 062 [ 580/1443]  loss=0.0272  lr=1.12e-04
  Epoch 062 [ 600/1443]  loss=0.0026  lr=1.12e-04
  Epoch 062 [ 620/1443]  loss=0.0014  lr=1.12e-04
  Epoch 062 [ 640/1443]  loss=0.0005  lr=1.12e-04
  Epoch 062 [ 660/1443]  loss=0.0009  lr=1.12e-04
  Epoch 062 [ 680/1443]  loss=0.0020  lr=1.12e-04
  Epoch 062 [ 700/1443]  loss=0.0011  lr=1.12e-04
  Epoch 062 [ 720/1443]  loss=0.0004  lr=1.12e-04
  Epoch 062 [ 740/1443]  loss=0.0013  lr=1.12e-04
  Epoch 062 [ 760/1443]  loss=0.0038  lr=1.12e-04
  Epoch 062 [ 780/1443]  loss=0.0009  lr=1.12e-04
  Epoch 062 [ 800/1443]  loss=0.0009  lr=1.12e-04
  Epoch 062 [ 820/1443]  loss=0.0022  lr=1.11e-04
  Epoch 062 [ 840/1443]  loss=0.0282  lr=1.11e-04
  Epoch 062 [ 860/1443]  loss=0.0010  lr=1.11e-04
  Epoch 062 [ 880/1443]  loss=0.0031  lr=1.11e-04
  Epoch 062 [ 900/1443]  loss=0.0007  lr=1.11e-04
  Epoch 062 [ 920/1443]  loss=0.0015  lr=1.11e-04
  Epoch 062 [ 940/1443]  loss=0.0011  lr=1.11e-04
  Epoch 062 [ 960/1443]  loss=0.0017  lr=1.11e-04
  Epoch 062 [ 980/1443]  loss=0.0018  lr=1.11e-04
  Epoch 062 [1000/1443]  loss=0.0015  lr=1.11e-04
  Epoch 062 [1020/1443]  loss=0.0008  lr=1.11e-04
  Epoch 062 [1040/1443]  loss=0.0018  lr=1.11e-04
  Epoch 062 [1060/1443]  loss=0.0024  lr=1.11e-04
  Epoch 062 [1080/1443]  loss=0.0018  lr=1.11e-04
  Epoch 062 [1100/1443]  loss=0.0020  lr=1.10e-04
  Epoch 062 [1120/1443]  loss=0.0007  lr=1.10e-04
  Epoch 062 [1140/1443]  loss=0.0014  lr=1.10e-04
  Epoch 062 [1160/1443]  loss=0.0003  lr=1.10e-04
  Epoch 062 [1180/1443]  loss=0.0009  lr=1.10e-04
  Epoch 062 [1200/1443]  loss=0.0014  lr=1.10e-04
  Epoch 062 [1220/1443]  loss=0.0011  lr=1.10e-04
  Epoch 062 [1240/1443]  loss=0.0028  lr=1.10e-04
  Epoch 062 [1260/1443]  loss=0.0010  lr=1.10e-04
  Epoch 062 [1280/1443]  loss=0.0014  lr=1.10e-04
  Epoch 062 [1300/1443]  loss=0.0020  lr=1.10e-04
  Epoch 062 [1320/1443]  loss=0.0005  lr=1.10e-04
  Epoch 062 [1340/1443]  loss=0.0007  lr=1.10e-04
  Epoch 062 [1360/1443]  loss=0.0002  lr=1.10e-04
  Epoch 062 [1380/1443]  loss=0.0057  lr=1.10e-04
  Epoch 062 [1400/1443]  loss=0.0009  lr=1.09e-04
  Epoch 062 [1420/1443]  loss=0.0012  lr=1.09e-04
  Epoch 062 [1440/1443]  loss=0.0021  lr=1.09e-04

Epoch 062 done | avg_loss=0.0019 | val_mse_norm=0.0300 (α=0.0302 ζ=0.0299) | time=295.1s
  Checkpoint saved → /scratch/va2661/data/active_matter/checkpoints/supervised/latest.pt

  Epoch 063 [   0/1443]  loss=0.0007  lr=1.09e-04
  Epoch 063 [  20/1443]  loss=0.0155  lr=1.09e-04
  Epoch 063 [  40/1443]  loss=0.0010  lr=1.09e-04
  Epoch 063 [  60/1443]  loss=0.0013  lr=1.09e-04
  Epoch 063 [  80/1443]  loss=0.0012  lr=1.09e-04
  Epoch 063 [ 100/1443]  loss=0.0018  lr=1.09e-04
  Epoch 063 [ 120/1443]  loss=0.0010  lr=1.09e-04
  Epoch 063 [ 140/1443]  loss=0.0006  lr=1.09e-04
  Epoch 063 [ 160/1443]  loss=0.0011  lr=1.09e-04
  Epoch 063 [ 180/1443]  loss=0.0040  lr=1.09e-04
  Epoch 063 [ 200/1443]  loss=0.0008  lr=1.09e-04
  Epoch 063 [ 220/1443]  loss=0.0007  lr=1.09e-04
  Epoch 063 [ 240/1443]  loss=0.0016  lr=1.08e-04
  Epoch 063 [ 260/1443]  loss=0.0019  lr=1.08e-04
  Epoch 063 [ 280/1443]  loss=0.0022  lr=1.08e-04
  Epoch 063 [ 300/1443]  loss=0.0007  lr=1.08e-04
  Epoch 063 [ 320/1443]  loss=0.0006  lr=1.08e-04
  Epoch 063 [ 340/1443]  loss=0.0008  lr=1.08e-04
  Epoch 063 [ 360/1443]  loss=0.0010  lr=1.08e-04
  Epoch 063 [ 380/1443]  loss=0.0007  lr=1.08e-04
  Epoch 063 [ 400/1443]  loss=0.0007  lr=1.08e-04
  Epoch 063 [ 420/1443]  loss=0.0027  lr=1.08e-04
  Epoch 063 [ 440/1443]  loss=0.0003  lr=1.08e-04
  Epoch 063 [ 460/1443]  loss=0.0016  lr=1.08e-04
  Epoch 063 [ 480/1443]  loss=0.0036  lr=1.08e-04
  Epoch 063 [ 500/1443]  loss=0.0010  lr=1.08e-04
  Epoch 063 [ 520/1443]  loss=0.0007  lr=1.07e-04
  Epoch 063 [ 540/1443]  loss=0.0017  lr=1.07e-04
  Epoch 063 [ 560/1443]  loss=0.0006  lr=1.07e-04
  Epoch 063 [ 580/1443]  loss=0.0017  lr=1.07e-04
  Epoch 063 [ 600/1443]  loss=0.0031  lr=1.07e-04
  Epoch 063 [ 620/1443]  loss=0.0007  lr=1.07e-04
  Epoch 063 [ 640/1443]  loss=0.0016  lr=1.07e-04
  Epoch 063 [ 660/1443]  loss=0.0043  lr=1.07e-04
  Epoch 063 [ 680/1443]  loss=0.0046  lr=1.07e-04
  Epoch 063 [ 700/1443]  loss=0.0027  lr=1.07e-04
  Epoch 063 [ 720/1443]  loss=0.0015  lr=1.07e-04
  Epoch 063 [ 740/1443]  loss=0.0013  lr=1.07e-04
  Epoch 063 [ 760/1443]  loss=0.0004  lr=1.07e-04
  Epoch 063 [ 780/1443]  loss=0.0007  lr=1.07e-04
  Epoch 063 [ 800/1443]  loss=0.0021  lr=1.07e-04
  Epoch 063 [ 820/1443]  loss=0.0005  lr=1.06e-04
  Epoch 063 [ 840/1443]  loss=0.0010  lr=1.06e-04
  Epoch 063 [ 860/1443]  loss=0.0021  lr=1.06e-04
  Epoch 063 [ 880/1443]  loss=0.0003  lr=1.06e-04
  Epoch 063 [ 900/1443]  loss=0.0005  lr=1.06e-04
  Epoch 063 [ 920/1443]  loss=0.0007  lr=1.06e-04
  Epoch 063 [ 940/1443]  loss=0.0015  lr=1.06e-04
  Epoch 063 [ 960/1443]  loss=0.0018  lr=1.06e-04
  Epoch 063 [ 980/1443]  loss=0.0006  lr=1.06e-04
  Epoch 063 [1000/1443]  loss=0.0010  lr=1.06e-04
  Epoch 063 [1020/1443]  loss=0.0012  lr=1.06e-04
  Epoch 063 [1040/1443]  loss=0.0025  lr=1.06e-04
  Epoch 063 [1060/1443]  loss=0.0005  lr=1.06e-04
  Epoch 063 [1080/1443]  loss=0.0013  lr=1.06e-04
  Epoch 063 [1100/1443]  loss=0.0013  lr=1.05e-04
  Epoch 063 [1120/1443]  loss=0.0005  lr=1.05e-04
  Epoch 063 [1140/1443]  loss=0.0007  lr=1.05e-04
  Epoch 063 [1160/1443]  loss=0.0009  lr=1.05e-04
  Epoch 063 [1180/1443]  loss=0.0011  lr=1.05e-04
  Epoch 063 [1200/1443]  loss=0.0011  lr=1.05e-04
  Epoch 063 [1220/1443]  loss=0.0032  lr=1.05e-04
  Epoch 063 [1240/1443]  loss=0.0009  lr=1.05e-04
  Epoch 063 [1260/1443]  loss=0.0015  lr=1.05e-04
  Epoch 063 [1280/1443]  loss=0.0010  lr=1.05e-04
  Epoch 063 [1300/1443]  loss=0.0013  lr=1.05e-04
  Epoch 063 [1320/1443]  loss=0.0011  lr=1.05e-04
  Epoch 063 [1340/1443]  loss=0.0027  lr=1.05e-04
  Epoch 063 [1360/1443]  loss=0.0025  lr=1.05e-04
  Epoch 063 [1380/1443]  loss=0.0003  lr=1.05e-04
  Epoch 063 [1400/1443]  loss=0.0004  lr=1.04e-04
  Epoch 063 [1420/1443]  loss=0.0024  lr=1.04e-04
  Epoch 063 [1440/1443]  loss=0.0022  lr=1.04e-04

Epoch 063 done | avg_loss=0.0017 | val_mse_norm=0.0280 (α=0.0146 ζ=0.0414) | time=295.4s
  Checkpoint saved → /scratch/va2661/data/active_matter/checkpoints/supervised/latest.pt

  Epoch 064 [   0/1443]  loss=0.0014  lr=1.04e-04
  Epoch 064 [  20/1443]  loss=0.0009  lr=1.04e-04
  Epoch 064 [  40/1443]  loss=0.0010  lr=1.04e-04
  Epoch 064 [  60/1443]  loss=0.0016  lr=1.04e-04
  Epoch 064 [  80/1443]  loss=0.0009  lr=1.04e-04
  Epoch 064 [ 100/1443]  loss=0.0023  lr=1.04e-04
  Epoch 064 [ 120/1443]  loss=0.0009  lr=1.04e-04
  Epoch 064 [ 140/1443]  loss=0.0010  lr=1.04e-04
  Epoch 064 [ 160/1443]  loss=0.0010  lr=1.04e-04
  Epoch 064 [ 180/1443]  loss=0.0008  lr=1.04e-04
  Epoch 064 [ 200/1443]  loss=0.0011  lr=1.04e-04
  Epoch 064 [ 220/1443]  loss=0.0011  lr=1.04e-04
  Epoch 064 [ 240/1443]  loss=0.0002  lr=1.03e-04
  Epoch 064 [ 260/1443]  loss=0.0020  lr=1.03e-04
  Epoch 064 [ 280/1443]  loss=0.0012  lr=1.03e-04
  Epoch 064 [ 300/1443]  loss=0.0016  lr=1.03e-04
  Epoch 064 [ 320/1443]  loss=0.0020  lr=1.03e-04
  Epoch 064 [ 340/1443]  loss=0.0010  lr=1.03e-04
  Epoch 064 [ 360/1443]  loss=0.0022  lr=1.03e-04
  Epoch 064 [ 380/1443]  loss=0.0012  lr=1.03e-04
  Epoch 064 [ 400/1443]  loss=0.0009  lr=1.03e-04
  Epoch 064 [ 420/1443]  loss=0.0049  lr=1.03e-04
  Epoch 064 [ 440/1443]  loss=0.0008  lr=1.03e-04
  Epoch 064 [ 460/1443]  loss=0.0018  lr=1.03e-04
  Epoch 064 [ 480/1443]  loss=0.0007  lr=1.03e-04
  Epoch 064 [ 500/1443]  loss=0.0006  lr=1.03e-04
  Epoch 064 [ 520/1443]  loss=0.0008  lr=1.03e-04
  Epoch 064 [ 540/1443]  loss=0.0011  lr=1.02e-04
  Epoch 064 [ 560/1443]  loss=0.0073  lr=1.02e-04
  Epoch 064 [ 580/1443]  loss=0.0016  lr=1.02e-04
  Epoch 064 [ 600/1443]  loss=0.0038  lr=1.02e-04
  Epoch 064 [ 620/1443]  loss=0.0002  lr=1.02e-04
  Epoch 064 [ 640/1443]  loss=0.0012  lr=1.02e-04
  Epoch 064 [ 660/1443]  loss=0.0006  lr=1.02e-04
  Epoch 064 [ 680/1443]  loss=0.0007  lr=1.02e-04
  Epoch 064 [ 700/1443]  loss=0.0009  lr=1.02e-04
  Epoch 064 [ 720/1443]  loss=0.0005  lr=1.02e-04
  Epoch 064 [ 740/1443]  loss=0.0023  lr=1.02e-04
  Epoch 064 [ 760/1443]  loss=0.0023  lr=1.02e-04
  Epoch 064 [ 780/1443]  loss=0.0032  lr=1.02e-04
  Epoch 064 [ 800/1443]  loss=0.0012  lr=1.02e-04
  Epoch 064 [ 820/1443]  loss=0.0030  lr=1.01e-04
  Epoch 064 [ 840/1443]  loss=0.0008  lr=1.01e-04
  Epoch 064 [ 860/1443]  loss=0.0021  lr=1.01e-04
  Epoch 064 [ 880/1443]  loss=0.0018  lr=1.01e-04
  Epoch 064 [ 900/1443]  loss=0.0067  lr=1.01e-04
  Epoch 064 [ 920/1443]  loss=0.0035  lr=1.01e-04
  Epoch 064 [ 940/1443]  loss=0.0006  lr=1.01e-04
  Epoch 064 [ 960/1443]  loss=0.0005  lr=1.01e-04
  Epoch 064 [ 980/1443]  loss=0.0025  lr=1.01e-04
  Epoch 064 [1000/1443]  loss=0.0013  lr=1.01e-04
  Epoch 064 [1020/1443]  loss=0.0005  lr=1.01e-04
  Epoch 064 [1040/1443]  loss=0.0008  lr=1.01e-04
  Epoch 064 [1060/1443]  loss=0.0013  lr=1.01e-04
  Epoch 064 [1080/1443]  loss=0.0007  lr=1.01e-04
  Epoch 064 [1100/1443]  loss=0.0004  lr=1.01e-04
  Epoch 064 [1120/1443]  loss=0.0005  lr=1.00e-04
  Epoch 064 [1140/1443]  loss=0.0006  lr=1.00e-04
  Epoch 064 [1160/1443]  loss=0.0009  lr=1.00e-04
  Epoch 064 [1180/1443]  loss=0.0007  lr=1.00e-04
  Epoch 064 [1200/1443]  loss=0.0008  lr=1.00e-04
  Epoch 064 [1220/1443]  loss=0.0007  lr=1.00e-04
  Epoch 064 [1240/1443]  loss=0.0008  lr=1.00e-04
  Epoch 064 [1260/1443]  loss=0.0011  lr=1.00e-04
  Epoch 064 [1280/1443]  loss=0.0007  lr=9.99e-05
  Epoch 064 [1300/1443]  loss=0.0008  lr=9.99e-05
  Epoch 064 [1320/1443]  loss=0.0021  lr=9.98e-05
  Epoch 064 [1340/1443]  loss=0.0044  lr=9.97e-05
  Epoch 064 [1360/1443]  loss=0.0021  lr=9.97e-05
  Epoch 064 [1380/1443]  loss=0.0018  lr=9.96e-05
  Epoch 064 [1400/1443]  loss=0.0022  lr=9.95e-05
  Epoch 064 [1420/1443]  loss=0.0031  lr=9.94e-05
  Epoch 064 [1440/1443]  loss=0.0011  lr=9.94e-05

Epoch 064 done | avg_loss=0.0015 | val_mse_norm=0.0406 (α=0.0342 ζ=0.0470) | time=293.9s
  Checkpoint saved → /scratch/va2661/data/active_matter/checkpoints/supervised/latest.pt

  Epoch 065 [   0/1443]  loss=0.0011  lr=9.94e-05
  Epoch 065 [  20/1443]  loss=0.0009  lr=9.93e-05
  Epoch 065 [  40/1443]  loss=0.0007  lr=9.92e-05
  Epoch 065 [  60/1443]  loss=0.0008  lr=9.92e-05
  Epoch 065 [  80/1443]  loss=0.0036  lr=9.91e-05
  Epoch 065 [ 100/1443]  loss=0.0002  lr=9.90e-05
  Epoch 065 [ 120/1443]  loss=0.0005  lr=9.90e-05
  Epoch 065 [ 140/1443]  loss=0.0005  lr=9.89e-05
  Epoch 065 [ 160/1443]  loss=0.0017  lr=9.88e-05
  Epoch 065 [ 180/1443]  loss=0.0027  lr=9.88e-05
  Epoch 065 [ 200/1443]  loss=0.0011  lr=9.87e-05
  Epoch 065 [ 220/1443]  loss=0.0019  lr=9.86e-05
  Epoch 065 [ 240/1443]  loss=0.0001  lr=9.86e-05
  Epoch 065 [ 260/1443]  loss=0.0013  lr=9.85e-05
  Epoch 065 [ 280/1443]  loss=0.0008  lr=9.84e-05
  Epoch 065 [ 300/1443]  loss=0.0071  lr=9.83e-05
  Epoch 065 [ 320/1443]  loss=0.0010  lr=9.83e-05
  Epoch 065 [ 340/1443]  loss=0.0015  lr=9.82e-05
  Epoch 065 [ 360/1443]  loss=0.0010  lr=9.81e-05
  Epoch 065 [ 380/1443]  loss=0.0015  lr=9.81e-05
  Epoch 065 [ 400/1443]  loss=0.0013  lr=9.80e-05
  Epoch 065 [ 420/1443]  loss=0.0007  lr=9.79e-05
  Epoch 065 [ 440/1443]  loss=0.0012  lr=9.79e-05
  Epoch 065 [ 460/1443]  loss=0.0023  lr=9.78e-05
  Epoch 065 [ 480/1443]  loss=0.0012  lr=9.77e-05
  Epoch 065 [ 500/1443]  loss=0.0018  lr=9.77e-05
  Epoch 065 [ 520/1443]  loss=0.0007  lr=9.76e-05
  Epoch 065 [ 540/1443]  loss=0.0019  lr=9.75e-05
  Epoch 065 [ 560/1443]  loss=0.0011  lr=9.75e-05
  Epoch 065 [ 580/1443]  loss=0.0006  lr=9.74e-05
  Epoch 065 [ 600/1443]  loss=0.0066  lr=9.73e-05
  Epoch 065 [ 620/1443]  loss=0.0024  lr=9.73e-05
  Epoch 065 [ 640/1443]  loss=0.0006  lr=9.72e-05
  Epoch 065 [ 660/1443]  loss=0.0008  lr=9.71e-05
  Epoch 065 [ 680/1443]  loss=0.0023  lr=9.71e-05
  Epoch 065 [ 700/1443]  loss=0.0008  lr=9.70e-05
  Epoch 065 [ 720/1443]  loss=0.0005  lr=9.69e-05
  Epoch 065 [ 740/1443]  loss=0.0019  lr=9.69e-05
  Epoch 065 [ 760/1443]  loss=0.0098  lr=9.68e-05
  Epoch 065 [ 780/1443]  loss=0.0009  lr=9.67e-05
  Epoch 065 [ 800/1443]  loss=0.0009  lr=9.67e-05
  Epoch 065 [ 820/1443]  loss=0.0018  lr=9.66e-05
  Epoch 065 [ 840/1443]  loss=0.0013  lr=9.65e-05
  Epoch 065 [ 860/1443]  loss=0.0016  lr=9.65e-05
  Epoch 065 [ 880/1443]  loss=0.0017  lr=9.64e-05
  Epoch 065 [ 900/1443]  loss=0.0013  lr=9.63e-05
  Epoch 065 [ 920/1443]  loss=0.0006  lr=9.63e-05
  Epoch 065 [ 940/1443]  loss=0.0009  lr=9.62e-05
  Epoch 065 [ 960/1443]  loss=0.0009  lr=9.61e-05
  Epoch 065 [ 980/1443]  loss=0.0005  lr=9.61e-05
  Epoch 065 [1000/1443]  loss=0.0002  lr=9.60e-05
  Epoch 065 [1020/1443]  loss=0.0017  lr=9.59e-05
  Epoch 065 [1040/1443]  loss=0.0009  lr=9.59e-05
  Epoch 065 [1060/1443]  loss=0.0010  lr=9.58e-05
  Epoch 065 [1080/1443]  loss=0.0012  lr=9.57e-05
  Epoch 065 [1100/1443]  loss=0.0012  lr=9.56e-05
  Epoch 065 [1120/1443]  loss=0.0012  lr=9.56e-05
  Epoch 065 [1140/1443]  loss=0.0006  lr=9.55e-05
  Epoch 065 [1160/1443]  loss=0.0010  lr=9.54e-05
  Epoch 065 [1180/1443]  loss=0.0008  lr=9.54e-05
  Epoch 065 [1200/1443]  loss=0.0005  lr=9.53e-05
  Epoch 065 [1220/1443]  loss=0.0025  lr=9.52e-05
  Epoch 065 [1240/1443]  loss=0.0048  lr=9.52e-05
  Epoch 065 [1260/1443]  loss=0.0011  lr=9.51e-05
  Epoch 065 [1280/1443]  loss=0.0012  lr=9.50e-05
  Epoch 065 [1300/1443]  loss=0.0005  lr=9.50e-05
  Epoch 065 [1320/1443]  loss=0.0006  lr=9.49e-05
  Epoch 065 [1340/1443]  loss=0.0006  lr=9.48e-05
  Epoch 065 [1360/1443]  loss=0.0010  lr=9.48e-05
  Epoch 065 [1380/1443]  loss=0.0009  lr=9.47e-05
  Epoch 065 [1400/1443]  loss=0.0020  lr=9.46e-05
  Epoch 065 [1420/1443]  loss=0.0003  lr=9.46e-05
  Epoch 065 [1440/1443]  loss=0.0011  lr=9.45e-05

Epoch 065 done | avg_loss=0.0014 | val_mse_norm=0.0329 (α=0.0269 ζ=0.0390) | time=293.4s
  Checkpoint saved → /scratch/va2661/data/active_matter/checkpoints/supervised/latest.pt

  Epoch 066 [   0/1443]  loss=0.0013  lr=9.45e-05
  Epoch 066 [  20/1443]  loss=0.0058  lr=9.44e-05
  Epoch 066 [  40/1443]  loss=0.0010  lr=9.44e-05
  Epoch 066 [  60/1443]  loss=0.0007  lr=9.43e-05
  Epoch 066 [  80/1443]  loss=0.0003  lr=9.42e-05
  Epoch 066 [ 100/1443]  loss=0.0014  lr=9.42e-05
  Epoch 066 [ 120/1443]  loss=0.0013  lr=9.41e-05
  Epoch 066 [ 140/1443]  loss=0.0041  lr=9.40e-05
  Epoch 066 [ 160/1443]  loss=0.0003  lr=9.40e-05
  Epoch 066 [ 180/1443]  loss=0.0014  lr=9.39e-05
  Epoch 066 [ 200/1443]  loss=0.0014  lr=9.38e-05
  Epoch 066 [ 220/1443]  loss=0.0014  lr=9.38e-05
  Epoch 066 [ 240/1443]  loss=0.0006  lr=9.37e-05
  Epoch 066 [ 260/1443]  loss=0.0010  lr=9.36e-05
  Epoch 066 [ 280/1443]  loss=0.0035  lr=9.36e-05
  Epoch 066 [ 300/1443]  loss=0.0007  lr=9.35e-05
  Epoch 066 [ 320/1443]  loss=0.0005  lr=9.34e-05
  Epoch 066 [ 340/1443]  loss=0.0009  lr=9.34e-05
  Epoch 066 [ 360/1443]  loss=0.0016  lr=9.33e-05
  Epoch 066 [ 380/1443]  loss=0.0258  lr=9.32e-05
  Epoch 066 [ 400/1443]  loss=0.0036  lr=9.32e-05
  Epoch 066 [ 420/1443]  loss=0.0012  lr=9.31e-05
  Epoch 066 [ 440/1443]  loss=0.0015  lr=9.30e-05
  Epoch 066 [ 460/1443]  loss=0.0043  lr=9.30e-05
  Epoch 066 [ 480/1443]  loss=0.0005  lr=9.29e-05
  Epoch 066 [ 500/1443]  loss=0.0006  lr=9.28e-05
  Epoch 066 [ 520/1443]  loss=0.0003  lr=9.28e-05
  Epoch 066 [ 540/1443]  loss=0.0013  lr=9.27e-05
  Epoch 066 [ 560/1443]  loss=0.0004  lr=9.26e-05
  Epoch 066 [ 580/1443]  loss=0.0009  lr=9.26e-05
  Epoch 066 [ 600/1443]  loss=0.0007  lr=9.25e-05
  Epoch 066 [ 620/1443]  loss=0.0023  lr=9.24e-05
  Epoch 066 [ 640/1443]  loss=0.0009  lr=9.24e-05
  Epoch 066 [ 660/1443]  loss=0.0012  lr=9.23e-05
  Epoch 066 [ 680/1443]  loss=0.0004  lr=9.22e-05
  Epoch 066 [ 700/1443]  loss=0.0004  lr=9.22e-05
  Epoch 066 [ 720/1443]  loss=0.0007  lr=9.21e-05
  Epoch 066 [ 740/1443]  loss=0.0005  lr=9.20e-05
  Epoch 066 [ 760/1443]  loss=0.0005  lr=9.20e-05
  Epoch 066 [ 780/1443]  loss=0.0014  lr=9.19e-05
  Epoch 066 [ 800/1443]  loss=0.0008  lr=9.18e-05
  Epoch 066 [ 820/1443]  loss=0.0005  lr=9.18e-05
  Epoch 066 [ 840/1443]  loss=0.0014  lr=9.17e-05
  Epoch 066 [ 860/1443]  loss=0.0007  lr=9.16e-05
  Epoch 066 [ 880/1443]  loss=0.0015  lr=9.16e-05
  Epoch 066 [ 900/1443]  loss=0.0003  lr=9.15e-05
  Epoch 066 [ 920/1443]  loss=0.0008  lr=9.14e-05
  Epoch 066 [ 940/1443]  loss=0.0007  lr=9.14e-05
  Epoch 066 [ 960/1443]  loss=0.0004  lr=9.13e-05
  Epoch 066 [ 980/1443]  loss=0.0007  lr=9.12e-05
  Epoch 066 [1000/1443]  loss=0.0006  lr=9.12e-05
  Epoch 066 [1020/1443]  loss=0.0010  lr=9.11e-05
  Epoch 066 [1040/1443]  loss=0.0059  lr=9.10e-05
  Epoch 066 [1060/1443]  loss=0.0018  lr=9.10e-05
  Epoch 066 [1080/1443]  loss=0.0017  lr=9.09e-05
  Epoch 066 [1100/1443]  loss=0.0110  lr=9.08e-05
  Epoch 066 [1120/1443]  loss=0.0003  lr=9.08e-05
  Epoch 066 [1140/1443]  loss=0.0024  lr=9.07e-05
  Epoch 066 [1160/1443]  loss=0.0006  lr=9.06e-05
  Epoch 066 [1180/1443]  loss=0.0019  lr=9.06e-05
  Epoch 066 [1200/1443]  loss=0.0008  lr=9.05e-05
  Epoch 066 [1220/1443]  loss=0.0007  lr=9.04e-05
  Epoch 066 [1240/1443]  loss=0.0007  lr=9.04e-05
  Epoch 066 [1260/1443]  loss=0.0020  lr=9.03e-05
  Epoch 066 [1280/1443]  loss=0.0002  lr=9.02e-05
  Epoch 066 [1300/1443]  loss=0.0016  lr=9.02e-05
  Epoch 066 [1320/1443]  loss=0.0010  lr=9.01e-05
  Epoch 066 [1340/1443]  loss=0.0012  lr=9.00e-05
  Epoch 066 [1360/1443]  loss=0.0007  lr=9.00e-05
  Epoch 066 [1380/1443]  loss=0.0010  lr=8.99e-05
  Epoch 066 [1400/1443]  loss=0.0002  lr=8.98e-05
  Epoch 066 [1420/1443]  loss=0.0006  lr=8.98e-05
  Epoch 066 [1440/1443]  loss=0.0008  lr=8.97e-05

Epoch 066 done | avg_loss=0.0013 | val_mse_norm=0.0310 (α=0.0282 ζ=0.0337) | time=294.2s
  Checkpoint saved → /scratch/va2661/data/active_matter/checkpoints/supervised/latest.pt

  Epoch 067 [   0/1443]  loss=0.0005  lr=8.97e-05
  Epoch 067 [  20/1443]  loss=0.0025  lr=8.96e-05
  Epoch 067 [  40/1443]  loss=0.0009  lr=8.96e-05
  Epoch 067 [  60/1443]  loss=0.0004  lr=8.95e-05
  Epoch 067 [  80/1443]  loss=0.0006  lr=8.94e-05
  Epoch 067 [ 100/1443]  loss=0.0003  lr=8.94e-05
  Epoch 067 [ 120/1443]  loss=0.0003  lr=8.93e-05
  Epoch 067 [ 140/1443]  loss=0.0010  lr=8.92e-05
  Epoch 067 [ 160/1443]  loss=0.0006  lr=8.92e-05
  Epoch 067 [ 180/1443]  loss=0.0007  lr=8.91e-05
  Epoch 067 [ 200/1443]  loss=0.0016  lr=8.90e-05
  Epoch 067 [ 220/1443]  loss=0.0002  lr=8.90e-05
  Epoch 067 [ 240/1443]  loss=0.0007  lr=8.89e-05
  Epoch 067 [ 260/1443]  loss=0.0027  lr=8.88e-05
  Epoch 067 [ 280/1443]  loss=0.0022  lr=8.88e-05
  Epoch 067 [ 300/1443]  loss=0.0003  lr=8.87e-05
  Epoch 067 [ 320/1443]  loss=0.0009  lr=8.86e-05
  Epoch 067 [ 340/1443]  loss=0.0008  lr=8.86e-05
  Epoch 067 [ 360/1443]  loss=0.0197  lr=8.85e-05
  Epoch 067 [ 380/1443]  loss=0.0025  lr=8.84e-05
  Epoch 067 [ 400/1443]  loss=0.0003  lr=8.84e-05
  Epoch 067 [ 420/1443]  loss=0.0007  lr=8.83e-05
  Epoch 067 [ 440/1443]  loss=0.0005  lr=8.82e-05
  Epoch 067 [ 460/1443]  loss=0.0010  lr=8.82e-05
  Epoch 067 [ 480/1443]  loss=0.0009  lr=8.81e-05
  Epoch 067 [ 500/1443]  loss=0.0012  lr=8.80e-05
  Epoch 067 [ 520/1443]  loss=0.0002  lr=8.80e-05
  Epoch 067 [ 540/1443]  loss=0.0006  lr=8.79e-05
  Epoch 067 [ 560/1443]  loss=0.0042  lr=8.78e-05
  Epoch 067 [ 580/1443]  loss=0.0017  lr=8.78e-05
  Epoch 067 [ 600/1443]  loss=0.0023  lr=8.77e-05
  Epoch 067 [ 620/1443]  loss=0.0010  lr=8.77e-05
  Epoch 067 [ 640/1443]  loss=0.0012  lr=8.76e-05
  Epoch 067 [ 660/1443]  loss=0.0003  lr=8.75e-05
  Epoch 067 [ 680/1443]  loss=0.0012  lr=8.75e-05
  Epoch 067 [ 700/1443]  loss=0.0014  lr=8.74e-05
  Epoch 067 [ 720/1443]  loss=0.0003  lr=8.73e-05
  Epoch 067 [ 740/1443]  loss=0.0004  lr=8.73e-05
  Epoch 067 [ 760/1443]  loss=0.0009  lr=8.72e-05
  Epoch 067 [ 780/1443]  loss=0.0010  lr=8.71e-05
  Epoch 067 [ 800/1443]  loss=0.0007  lr=8.71e-05
  Epoch 067 [ 820/1443]  loss=0.0007  lr=8.70e-05
  Epoch 067 [ 840/1443]  loss=0.0003  lr=8.69e-05
  Epoch 067 [ 860/1443]  loss=0.0047  lr=8.69e-05
  Epoch 067 [ 880/1443]  loss=0.0011  lr=8.68e-05
  Epoch 067 [ 900/1443]  loss=0.0007  lr=8.67e-05
  Epoch 067 [ 920/1443]  loss=0.0014  lr=8.67e-05
  Epoch 067 [ 940/1443]  loss=0.0005  lr=8.66e-05
  Epoch 067 [ 960/1443]  loss=0.0007  lr=8.65e-05
  Epoch 067 [ 980/1443]  loss=0.0033  lr=8.65e-05
  Epoch 067 [1000/1443]  loss=0.0005  lr=8.64e-05
  Epoch 067 [1020/1443]  loss=0.0024  lr=8.63e-05
  Epoch 067 [1040/1443]  loss=0.0007  lr=8.63e-05
  Epoch 067 [1060/1443]  loss=0.0011  lr=8.62e-05
  Epoch 067 [1080/1443]  loss=0.0008  lr=8.61e-05
  Epoch 067 [1100/1443]  loss=0.0015  lr=8.61e-05
  Epoch 067 [1120/1443]  loss=0.0012  lr=8.60e-05
  Epoch 067 [1140/1443]  loss=0.0004  lr=8.60e-05
  Epoch 067 [1160/1443]  loss=0.0005  lr=8.59e-05
  Epoch 067 [1180/1443]  loss=0.0006  lr=8.58e-05
  Epoch 067 [1200/1443]  loss=0.0019  lr=8.58e-05
  Epoch 067 [1220/1443]  loss=0.0004  lr=8.57e-05
  Epoch 067 [1240/1443]  loss=0.0010  lr=8.56e-05
  Epoch 067 [1260/1443]  loss=0.0005  lr=8.56e-05
  Epoch 067 [1280/1443]  loss=0.0002  lr=8.55e-05
  Epoch 067 [1300/1443]  loss=0.0013  lr=8.54e-05
  Epoch 067 [1320/1443]  loss=0.0006  lr=8.54e-05
  Epoch 067 [1340/1443]  loss=0.0009  lr=8.53e-05
  Epoch 067 [1360/1443]  loss=0.0012  lr=8.52e-05
  Epoch 067 [1380/1443]  loss=0.0021  lr=8.52e-05
  Epoch 067 [1400/1443]  loss=0.0005  lr=8.51e-05
  Epoch 067 [1420/1443]  loss=0.0008  lr=8.50e-05
  Epoch 067 [1440/1443]  loss=0.0006  lr=8.50e-05

Epoch 067 done | avg_loss=0.0013 | val_mse_norm=0.0300 (α=0.0206 ζ=0.0395) | time=294.8s
  Checkpoint saved → /scratch/va2661/data/active_matter/checkpoints/supervised/latest.pt

  Epoch 068 [   0/1443]  loss=0.0007  lr=8.50e-05
  Epoch 068 [  20/1443]  loss=0.0006  lr=8.49e-05
  Epoch 068 [  40/1443]  loss=0.0005  lr=8.48e-05
  Epoch 068 [  60/1443]  loss=0.0002  lr=8.48e-05
  Epoch 068 [  80/1443]  loss=0.0009  lr=8.47e-05
  Epoch 068 [ 100/1443]  loss=0.0004  lr=8.46e-05
  Epoch 068 [ 120/1443]  loss=0.0003  lr=8.46e-05
  Epoch 068 [ 140/1443]  loss=0.0005  lr=8.45e-05
  Epoch 068 [ 160/1443]  loss=0.0005  lr=8.44e-05
  Epoch 068 [ 180/1443]  loss=0.0029  lr=8.44e-05
  Epoch 068 [ 200/1443]  loss=0.0009  lr=8.43e-05
  Epoch 068 [ 220/1443]  loss=0.0048  lr=8.42e-05
  Epoch 068 [ 240/1443]  loss=0.0005  lr=8.42e-05
  Epoch 068 [ 260/1443]  loss=0.0004  lr=8.41e-05
  Epoch 068 [ 280/1443]  loss=0.0004  lr=8.41e-05
  Epoch 068 [ 300/1443]  loss=0.0005  lr=8.40e-05
  Epoch 068 [ 320/1443]  loss=0.0012  lr=8.39e-05
  Epoch 068 [ 340/1443]  loss=0.0012  lr=8.39e-05
  Epoch 068 [ 360/1443]  loss=0.0006  lr=8.38e-05
  Epoch 068 [ 380/1443]  loss=0.0004  lr=8.37e-05
  Epoch 068 [ 400/1443]  loss=0.0010  lr=8.37e-05
  Epoch 068 [ 420/1443]  loss=0.0007  lr=8.36e-05
  Epoch 068 [ 440/1443]  loss=0.0008  lr=8.35e-05
  Epoch 068 [ 460/1443]  loss=0.0010  lr=8.35e-05
  Epoch 068 [ 480/1443]  loss=0.0006  lr=8.34e-05
  Epoch 068 [ 500/1443]  loss=0.0035  lr=8.33e-05
  Epoch 068 [ 520/1443]  loss=0.0011  lr=8.33e-05
  Epoch 068 [ 540/1443]  loss=0.0005  lr=8.32e-05
  Epoch 068 [ 560/1443]  loss=0.0010  lr=8.31e-05
  Epoch 068 [ 580/1443]  loss=0.0030  lr=8.31e-05
  Epoch 068 [ 600/1443]  loss=0.0004  lr=8.30e-05
  Epoch 068 [ 620/1443]  loss=0.0009  lr=8.30e-05
  Epoch 068 [ 640/1443]  loss=0.0002  lr=8.29e-05
  Epoch 068 [ 660/1443]  loss=0.0009  lr=8.28e-05
  Epoch 068 [ 680/1443]  loss=0.0007  lr=8.28e-05
  Epoch 068 [ 700/1443]  loss=0.0005  lr=8.27e-05
  Epoch 068 [ 720/1443]  loss=0.0005  lr=8.26e-05
  Epoch 068 [ 740/1443]  loss=0.0010  lr=8.26e-05
  Epoch 068 [ 760/1443]  loss=0.0009  lr=8.25e-05
  Epoch 068 [ 780/1443]  loss=0.0003  lr=8.24e-05
  Epoch 068 [ 800/1443]  loss=0.0007  lr=8.24e-05
  Epoch 068 [ 820/1443]  loss=0.0015  lr=8.23e-05
  Epoch 068 [ 840/1443]  loss=0.0006  lr=8.22e-05
  Epoch 068 [ 860/1443]  loss=0.0006  lr=8.22e-05
  Epoch 068 [ 880/1443]  loss=0.0003  lr=8.21e-05
  Epoch 068 [ 900/1443]  loss=0.0004  lr=8.21e-05
  Epoch 068 [ 920/1443]  loss=0.0008  lr=8.20e-05
  Epoch 068 [ 940/1443]  loss=0.0015  lr=8.19e-05
  Epoch 068 [ 960/1443]  loss=0.0011  lr=8.19e-05
  Epoch 068 [ 980/1443]  loss=0.0005  lr=8.18e-05
  Epoch 068 [1000/1443]  loss=0.0014  lr=8.17e-05
  Epoch 068 [1020/1443]  loss=0.0010  lr=8.17e-05
  Epoch 068 [1040/1443]  loss=0.0009  lr=8.16e-05
  Epoch 068 [1060/1443]  loss=0.0005  lr=8.15e-05
  Epoch 068 [1080/1443]  loss=0.0021  lr=8.15e-05
  Epoch 068 [1100/1443]  loss=0.0007  lr=8.14e-05
  Epoch 068 [1120/1443]  loss=0.0006  lr=8.13e-05
  Epoch 068 [1140/1443]  loss=0.0005  lr=8.13e-05
  Epoch 068 [1160/1443]  loss=0.0007  lr=8.12e-05
  Epoch 068 [1180/1443]  loss=0.0007  lr=8.12e-05
  Epoch 068 [1200/1443]  loss=0.0009  lr=8.11e-05
  Epoch 068 [1220/1443]  loss=0.0007  lr=8.10e-05
  Epoch 068 [1240/1443]  loss=0.0026  lr=8.10e-05
  Epoch 068 [1260/1443]  loss=0.0018  lr=8.09e-05
  Epoch 068 [1280/1443]  loss=0.0007  lr=8.08e-05
  Epoch 068 [1300/1443]  loss=0.0004  lr=8.08e-05
  Epoch 068 [1320/1443]  loss=0.0009  lr=8.07e-05
  Epoch 068 [1340/1443]  loss=0.0011  lr=8.06e-05
  Epoch 068 [1360/1443]  loss=0.0010  lr=8.06e-05
  Epoch 068 [1380/1443]  loss=0.0009  lr=8.05e-05
  Epoch 068 [1400/1443]  loss=0.0007  lr=8.05e-05
  Epoch 068 [1420/1443]  loss=0.0007  lr=8.04e-05
  Epoch 068 [1440/1443]  loss=0.0003  lr=8.03e-05

Epoch 068 done | avg_loss=0.0012 | val_mse_norm=0.0363 (α=0.0413 ζ=0.0313) | time=292.7s
  Checkpoint saved → /scratch/va2661/data/active_matter/checkpoints/supervised/latest.pt

  Epoch 069 [   0/1443]  loss=0.0012  lr=8.03e-05
  Epoch 069 [  20/1443]  loss=0.0006  lr=8.03e-05
  Epoch 069 [  40/1443]  loss=0.0004  lr=8.02e-05
  Epoch 069 [  60/1443]  loss=0.0010  lr=8.01e-05
  Epoch 069 [  80/1443]  loss=0.0007  lr=8.01e-05
  Epoch 069 [ 100/1443]  loss=0.0002  lr=8.00e-05
  Epoch 069 [ 120/1443]  loss=0.0002  lr=7.99e-05
  Epoch 069 [ 140/1443]  loss=0.0004  lr=7.99e-05
  Epoch 069 [ 160/1443]  loss=0.0004  lr=7.98e-05
  Epoch 069 [ 180/1443]  loss=0.0008  lr=7.97e-05
  Epoch 069 [ 200/1443]  loss=0.0012  lr=7.97e-05
  Epoch 069 [ 220/1443]  loss=0.0017  lr=7.96e-05
  Epoch 069 [ 240/1443]  loss=0.0004  lr=7.95e-05
  Epoch 069 [ 260/1443]  loss=0.0005  lr=7.95e-05
  Epoch 069 [ 280/1443]  loss=0.0012  lr=7.94e-05
  Epoch 069 [ 300/1443]  loss=0.0009  lr=7.94e-05
  Epoch 069 [ 320/1443]  loss=0.0013  lr=7.93e-05
  Epoch 069 [ 340/1443]  loss=0.0007  lr=7.92e-05
  Epoch 069 [ 360/1443]  loss=0.0015  lr=7.92e-05
  Epoch 069 [ 380/1443]  loss=0.0009  lr=7.91e-05
  Epoch 069 [ 400/1443]  loss=0.0010  lr=7.90e-05
  Epoch 069 [ 420/1443]  loss=0.0010  lr=7.90e-05
  Epoch 069 [ 440/1443]  loss=0.0017  lr=7.89e-05
  Epoch 069 [ 460/1443]  loss=0.0033  lr=7.88e-05
  Epoch 069 [ 480/1443]  loss=0.0006  lr=7.88e-05
  Epoch 069 [ 500/1443]  loss=0.0011  lr=7.87e-05
  Epoch 069 [ 520/1443]  loss=0.0012  lr=7.87e-05
  Epoch 069 [ 540/1443]  loss=0.0006  lr=7.86e-05
  Epoch 069 [ 560/1443]  loss=0.0003  lr=7.85e-05
  Epoch 069 [ 580/1443]  loss=0.0005  lr=7.85e-05
  Epoch 069 [ 600/1443]  loss=0.0006  lr=7.84e-05
  Epoch 069 [ 620/1443]  loss=0.0010  lr=7.83e-05
  Epoch 069 [ 640/1443]  loss=0.0002  lr=7.83e-05
  Epoch 069 [ 660/1443]  loss=0.0008  lr=7.82e-05
  Epoch 069 [ 680/1443]  loss=0.0010  lr=7.82e-05
  Epoch 069 [ 700/1443]  loss=0.0007  lr=7.81e-05
  Epoch 069 [ 720/1443]  loss=0.0008  lr=7.80e-05
  Epoch 069 [ 740/1443]  loss=0.0004  lr=7.80e-05
  Epoch 069 [ 760/1443]  loss=0.0002  lr=7.79e-05
  Epoch 069 [ 780/1443]  loss=0.0013  lr=7.78e-05
  Epoch 069 [ 800/1443]  loss=0.0008  lr=7.78e-05
  Epoch 069 [ 820/1443]  loss=0.0009  lr=7.77e-05
  Epoch 069 [ 840/1443]  loss=0.0008  lr=7.76e-05
  Epoch 069 [ 860/1443]  loss=0.0006  lr=7.76e-05
  Epoch 069 [ 880/1443]  loss=0.0005  lr=7.75e-05
  Epoch 069 [ 900/1443]  loss=0.0007  lr=7.75e-05
  Epoch 069 [ 920/1443]  loss=0.0006  lr=7.74e-05
  Epoch 069 [ 940/1443]  loss=0.0010  lr=7.73e-05
  Epoch 069 [ 960/1443]  loss=0.0006  lr=7.73e-05
  Epoch 069 [ 980/1443]  loss=0.0009  lr=7.72e-05
  Epoch 069 [1000/1443]  loss=0.0007  lr=7.71e-05
  Epoch 069 [1020/1443]  loss=0.0003  lr=7.71e-05
  Epoch 069 [1040/1443]  loss=0.0011  lr=7.70e-05
  Epoch 069 [1060/1443]  loss=0.0007  lr=7.70e-05
  Epoch 069 [1080/1443]  loss=0.0016  lr=7.69e-05
  Epoch 069 [1100/1443]  loss=0.0009  lr=7.68e-05
  Epoch 069 [1120/1443]  loss=0.0050  lr=7.68e-05
  Epoch 069 [1140/1443]  loss=0.0005  lr=7.67e-05
  Epoch 069 [1160/1443]  loss=0.0013  lr=7.66e-05
  Epoch 069 [1180/1443]  loss=0.0002  lr=7.66e-05
  Epoch 069 [1200/1443]  loss=0.0002  lr=7.65e-05
  Epoch 069 [1220/1443]  loss=0.0003  lr=7.64e-05
  Epoch 069 [1240/1443]  loss=0.0003  lr=7.64e-05
  Epoch 069 [1260/1443]  loss=0.0015  lr=7.63e-05
  Epoch 069 [1280/1443]  loss=0.0010  lr=7.63e-05
  Epoch 069 [1300/1443]  loss=0.0012  lr=7.62e-05
  Epoch 069 [1320/1443]  loss=0.0003  lr=7.61e-05
  Epoch 069 [1340/1443]  loss=0.0009  lr=7.61e-05
  Epoch 069 [1360/1443]  loss=0.0002  lr=7.60e-05
  Epoch 069 [1380/1443]  loss=0.0004  lr=7.59e-05
  Epoch 069 [1400/1443]  loss=0.0010  lr=7.59e-05
  Epoch 069 [1420/1443]  loss=0.0003  lr=7.58e-05
  Epoch 069 [1440/1443]  loss=0.0003  lr=7.58e-05

Epoch 069 done | avg_loss=0.0011 | val_mse_norm=0.0308 (α=0.0241 ζ=0.0375) | time=293.8s
  Checkpoint saved → /scratch/va2661/data/active_matter/checkpoints/supervised/latest.pt

  Epoch 070 [   0/1443]  loss=0.0010  lr=7.58e-05
  Epoch 070 [  20/1443]  loss=0.0010  lr=7.57e-05
  Epoch 070 [  40/1443]  loss=0.0021  lr=7.56e-05
  Epoch 070 [  60/1443]  loss=0.0003  lr=7.56e-05
  Epoch 070 [  80/1443]  loss=0.0007  lr=7.55e-05
  Epoch 070 [ 100/1443]  loss=0.0004  lr=7.54e-05
  Epoch 070 [ 120/1443]  loss=0.0003  lr=7.54e-05
  Epoch 070 [ 140/1443]  loss=0.0007  lr=7.53e-05
  Epoch 070 [ 160/1443]  loss=0.0005  lr=7.52e-05
  Epoch 070 [ 180/1443]  loss=0.0003  lr=7.52e-05
  Epoch 070 [ 200/1443]  loss=0.0006  lr=7.51e-05
  Epoch 070 [ 220/1443]  loss=0.0006  lr=7.51e-05
  Epoch 070 [ 240/1443]  loss=0.0002  lr=7.50e-05
  Epoch 070 [ 260/1443]  loss=0.0004  lr=7.49e-05
  Epoch 070 [ 280/1443]  loss=0.0020  lr=7.49e-05
  Epoch 070 [ 300/1443]  loss=0.0007  lr=7.48e-05
  Epoch 070 [ 320/1443]  loss=0.0003  lr=7.48e-05
  Epoch 070 [ 340/1443]  loss=0.0006  lr=7.47e-05
  Epoch 070 [ 360/1443]  loss=0.0005  lr=7.46e-05
  Epoch 070 [ 380/1443]  loss=0.0005  lr=7.46e-05
  Epoch 070 [ 400/1443]  loss=0.0009  lr=7.45e-05
  Epoch 070 [ 420/1443]  loss=0.0002  lr=7.44e-05
  Epoch 070 [ 440/1443]  loss=0.0012  lr=7.44e-05
  Epoch 070 [ 460/1443]  loss=0.0010  lr=7.43e-05
  Epoch 070 [ 480/1443]  loss=0.0005  lr=7.43e-05
  Epoch 070 [ 500/1443]  loss=0.0009  lr=7.42e-05
  Epoch 070 [ 520/1443]  loss=0.0008  lr=7.41e-05
  Epoch 070 [ 540/1443]  loss=0.0020  lr=7.41e-05
  Epoch 070 [ 560/1443]  loss=0.0037  lr=7.40e-05
  Epoch 070 [ 580/1443]  loss=0.0003  lr=7.39e-05
  Epoch 070 [ 600/1443]  loss=0.0004  lr=7.39e-05
  Epoch 070 [ 620/1443]  loss=0.0015  lr=7.38e-05
  Epoch 070 [ 640/1443]  loss=0.0009  lr=7.38e-05
  Epoch 070 [ 660/1443]  loss=0.0007  lr=7.37e-05
  Epoch 070 [ 680/1443]  loss=0.0010  lr=7.36e-05
  Epoch 070 [ 700/1443]  loss=0.0007  lr=7.36e-05
  Epoch 070 [ 720/1443]  loss=0.0003  lr=7.35e-05
  Epoch 070 [ 740/1443]  loss=0.0005  lr=7.34e-05
  Epoch 070 [ 760/1443]  loss=0.0006  lr=7.34e-05
  Epoch 070 [ 780/1443]  loss=0.0004  lr=7.33e-05
  Epoch 070 [ 800/1443]  loss=0.0007  lr=7.33e-05
  Epoch 070 [ 820/1443]  loss=0.0005  lr=7.32e-05
  Epoch 070 [ 840/1443]  loss=0.0008  lr=7.31e-05
  Epoch 070 [ 860/1443]  loss=0.0003  lr=7.31e-05
  Epoch 070 [ 880/1443]  loss=0.0008  lr=7.30e-05
  Epoch 070 [ 900/1443]  loss=0.0016  lr=7.29e-05
  Epoch 070 [ 920/1443]  loss=0.0002  lr=7.29e-05
  Epoch 070 [ 940/1443]  loss=0.0003  lr=7.28e-05
  Epoch 070 [ 960/1443]  loss=0.0007  lr=7.28e-05
  Epoch 070 [ 980/1443]  loss=0.0002  lr=7.27e-05
  Epoch 070 [1000/1443]  loss=0.0003  lr=7.26e-05
  Epoch 070 [1020/1443]  loss=0.0006  lr=7.26e-05
  Epoch 070 [1040/1443]  loss=0.0021  lr=7.25e-05
  Epoch 070 [1060/1443]  loss=0.0005  lr=7.25e-05
  Epoch 070 [1080/1443]  loss=0.0005  lr=7.24e-05
  Epoch 070 [1100/1443]  loss=0.0003  lr=7.23e-05
  Epoch 070 [1120/1443]  loss=0.0004  lr=7.23e-05
  Epoch 070 [1140/1443]  loss=0.0005  lr=7.22e-05
  Epoch 070 [1160/1443]  loss=0.0003  lr=7.21e-05
  Epoch 070 [1180/1443]  loss=0.0004  lr=7.21e-05
  Epoch 070 [1200/1443]  loss=0.0007  lr=7.20e-05
  Epoch 070 [1220/1443]  loss=0.0004  lr=7.20e-05
  Epoch 070 [1240/1443]  loss=0.0004  lr=7.19e-05
  Epoch 070 [1260/1443]  loss=0.0009  lr=7.18e-05
  Epoch 070 [1280/1443]  loss=0.0005  lr=7.18e-05
  Epoch 070 [1300/1443]  loss=0.0048  lr=7.17e-05
  Epoch 070 [1320/1443]  loss=0.0009  lr=7.17e-05
  Epoch 070 [1340/1443]  loss=0.0005  lr=7.16e-05
  Epoch 070 [1360/1443]  loss=0.0004  lr=7.15e-05
  Epoch 070 [1380/1443]  loss=0.0009  lr=7.15e-05
  Epoch 070 [1400/1443]  loss=0.0008  lr=7.14e-05
  Epoch 070 [1420/1443]  loss=0.0010  lr=7.13e-05
  Epoch 070 [1440/1443]  loss=0.0007  lr=7.13e-05

Epoch 070 done | avg_loss=0.0010 | val_mse_norm=0.0473 (α=0.0370 ζ=0.0577) | time=292.7s
  Checkpoint saved → /scratch/va2661/data/active_matter/checkpoints/supervised/latest.pt
  Checkpoint saved → /scratch/va2661/data/active_matter/checkpoints/supervised/epoch_0070.pt

  Epoch 071 [   0/1443]  loss=0.0003  lr=7.13e-05
  Epoch 071 [  20/1443]  loss=0.0003  lr=7.12e-05
  Epoch 071 [  40/1443]  loss=0.0010  lr=7.12e-05
  Epoch 071 [  60/1443]  loss=0.0002  lr=7.11e-05
  Epoch 071 [  80/1443]  loss=0.0048  lr=7.10e-05
  Epoch 071 [ 100/1443]  loss=0.0021  lr=7.10e-05
  Epoch 071 [ 120/1443]  loss=0.0003  lr=7.09e-05
  Epoch 071 [ 140/1443]  loss=0.0014  lr=7.08e-05
  Epoch 071 [ 160/1443]  loss=0.0003  lr=7.08e-05
  Epoch 071 [ 180/1443]  loss=0.0004  lr=7.07e-05
  Epoch 071 [ 200/1443]  loss=0.0012  lr=7.07e-05
  Epoch 071 [ 220/1443]  loss=0.0004  lr=7.06e-05
  Epoch 071 [ 240/1443]  loss=0.0003  lr=7.05e-05
  Epoch 071 [ 260/1443]  loss=0.0007  lr=7.05e-05
  Epoch 071 [ 280/1443]  loss=0.0013  lr=7.04e-05
  Epoch 071 [ 300/1443]  loss=0.0016  lr=7.04e-05
  Epoch 071 [ 320/1443]  loss=0.0006  lr=7.03e-05
  Epoch 071 [ 340/1443]  loss=0.0004  lr=7.02e-05
  Epoch 071 [ 360/1443]  loss=0.0009  lr=7.02e-05
  Epoch 071 [ 380/1443]  loss=0.0008  lr=7.01e-05
  Epoch 071 [ 400/1443]  loss=0.0013  lr=7.01e-05
  Epoch 071 [ 420/1443]  loss=0.0002  lr=7.00e-05
  Epoch 071 [ 440/1443]  loss=0.0008  lr=6.99e-05
  Epoch 071 [ 460/1443]  loss=0.0004  lr=6.99e-05
  Epoch 071 [ 480/1443]  loss=0.0003  lr=6.98e-05
  Epoch 071 [ 500/1443]  loss=0.0006  lr=6.97e-05
  Epoch 071 [ 520/1443]  loss=0.0004  lr=6.97e-05
  Epoch 071 [ 540/1443]  loss=0.0012  lr=6.96e-05
  Epoch 071 [ 560/1443]  loss=0.0003  lr=6.96e-05
  Epoch 071 [ 580/1443]  loss=0.0003  lr=6.95e-05
  Epoch 071 [ 600/1443]  loss=0.0006  lr=6.94e-05
  Epoch 071 [ 620/1443]  loss=0.0005  lr=6.94e-05
  Epoch 071 [ 640/1443]  loss=0.0011  lr=6.93e-05
  Epoch 071 [ 660/1443]  loss=0.0004  lr=6.93e-05
  Epoch 071 [ 680/1443]  loss=0.0010  lr=6.92e-05
  Epoch 071 [ 700/1443]  loss=0.0005  lr=6.91e-05
  Epoch 071 [ 720/1443]  loss=0.0003  lr=6.91e-05
  Epoch 071 [ 740/1443]  loss=0.0104  lr=6.90e-05
  Epoch 071 [ 760/1443]  loss=0.0010  lr=6.90e-05
  Epoch 071 [ 780/1443]  loss=0.0002  lr=6.89e-05
  Epoch 071 [ 800/1443]  loss=0.0004  lr=6.88e-05
  Epoch 071 [ 820/1443]  loss=0.0002  lr=6.88e-05
  Epoch 071 [ 840/1443]  loss=0.0008  lr=6.87e-05
  Epoch 071 [ 860/1443]  loss=0.0002  lr=6.87e-05
  Epoch 071 [ 880/1443]  loss=0.0004  lr=6.86e-05
  Epoch 071 [ 900/1443]  loss=0.0004  lr=6.85e-05
  Epoch 071 [ 920/1443]  loss=0.0003  lr=6.85e-05
  Epoch 071 [ 940/1443]  loss=0.0013  lr=6.84e-05
  Epoch 071 [ 960/1443]  loss=0.0005  lr=6.84e-05
  Epoch 071 [ 980/1443]  loss=0.0007  lr=6.83e-05
  Epoch 071 [1000/1443]  loss=0.0159  lr=6.82e-05
  Epoch 071 [1020/1443]  loss=0.0004  lr=6.82e-05
  Epoch 071 [1040/1443]  loss=0.0004  lr=6.81e-05
  Epoch 071 [1060/1443]  loss=0.0008  lr=6.81e-05
  Epoch 071 [1080/1443]  loss=0.0004  lr=6.80e-05
  Epoch 071 [1100/1443]  loss=0.0003  lr=6.79e-05
  Epoch 071 [1120/1443]  loss=0.0002  lr=6.79e-05
  Epoch 071 [1140/1443]  loss=0.0009  lr=6.78e-05
  Epoch 071 [1160/1443]  loss=0.0007  lr=6.78e-05
  Epoch 071 [1180/1443]  loss=0.0010  lr=6.77e-05
  Epoch 071 [1200/1443]  loss=0.0008  lr=6.76e-05
  Epoch 071 [1220/1443]  loss=0.0012  lr=6.76e-05
  Epoch 071 [1240/1443]  loss=0.0002  lr=6.75e-05
  Epoch 071 [1260/1443]  loss=0.0005  lr=6.75e-05
  Epoch 071 [1280/1443]  loss=0.0064  lr=6.74e-05
  Epoch 071 [1300/1443]  loss=0.0009  lr=6.73e-05
  Epoch 071 [1320/1443]  loss=0.0003  lr=6.73e-05
  Epoch 071 [1340/1443]  loss=0.0006  lr=6.72e-05
  Epoch 071 [1360/1443]  loss=0.0006  lr=6.71e-05
  Epoch 071 [1380/1443]  loss=0.0002  lr=6.71e-05
  Epoch 071 [1400/1443]  loss=0.0008  lr=6.70e-05
  Epoch 071 [1420/1443]  loss=0.0010  lr=6.70e-05
  Epoch 071 [1440/1443]  loss=0.0005  lr=6.69e-05

Epoch 071 done | avg_loss=0.0009 | val_mse_norm=0.0341 (α=0.0241 ζ=0.0441) | time=294.1s
  Checkpoint saved → /scratch/va2661/data/active_matter/checkpoints/supervised/latest.pt

  Epoch 072 [   0/1443]  loss=0.0004  lr=6.69e-05
  Epoch 072 [  20/1443]  loss=0.0004  lr=6.68e-05
  Epoch 072 [  40/1443]  loss=0.0012  lr=6.68e-05
  Epoch 072 [  60/1443]  loss=0.0003  lr=6.67e-05
  Epoch 072 [  80/1443]  loss=0.0011  lr=6.67e-05
  Epoch 072 [ 100/1443]  loss=0.0001  lr=6.66e-05
  Epoch 072 [ 120/1443]  loss=0.0002  lr=6.65e-05
  Epoch 072 [ 140/1443]  loss=0.0003  lr=6.65e-05
  Epoch 072 [ 160/1443]  loss=0.0003  lr=6.64e-05
  Epoch 072 [ 180/1443]  loss=0.0008  lr=6.64e-05
  Epoch 072 [ 200/1443]  loss=0.0011  lr=6.63e-05
  Epoch 072 [ 220/1443]  loss=0.0001  lr=6.62e-05
  Epoch 072 [ 240/1443]  loss=0.0015  lr=6.62e-05
  Epoch 072 [ 260/1443]  loss=0.0007  lr=6.61e-05
  Epoch 072 [ 280/1443]  loss=0.0006  lr=6.61e-05
  Epoch 072 [ 300/1443]  loss=0.0003  lr=6.60e-05
  Epoch 072 [ 320/1443]  loss=0.0002  lr=6.59e-05
  Epoch 072 [ 340/1443]  loss=0.0031  lr=6.59e-05
  Epoch 072 [ 360/1443]  loss=0.0007  lr=6.58e-05
  Epoch 072 [ 380/1443]  loss=0.0005  lr=6.58e-05
  Epoch 072 [ 400/1443]  loss=0.0027  lr=6.57e-05
  Epoch 072 [ 420/1443]  loss=0.0003  lr=6.56e-05
  Epoch 072 [ 440/1443]  loss=0.0006  lr=6.56e-05
  Epoch 072 [ 460/1443]  loss=0.0004  lr=6.55e-05
  Epoch 072 [ 480/1443]  loss=0.0007  lr=6.55e-05
  Epoch 072 [ 500/1443]  loss=0.0002  lr=6.54e-05
  Epoch 072 [ 520/1443]  loss=0.0007  lr=6.53e-05
  Epoch 072 [ 540/1443]  loss=0.0002  lr=6.53e-05
  Epoch 072 [ 560/1443]  loss=0.0004  lr=6.52e-05
  Epoch 072 [ 580/1443]  loss=0.0006  lr=6.52e-05
  Epoch 072 [ 600/1443]  loss=0.0002  lr=6.51e-05
  Epoch 072 [ 620/1443]  loss=0.0007  lr=6.51e-05
  Epoch 072 [ 640/1443]  loss=0.0004  lr=6.50e-05
  Epoch 072 [ 660/1443]  loss=0.0004  lr=6.49e-05
  Epoch 072 [ 680/1443]  loss=0.0001  lr=6.49e-05
  Epoch 072 [ 700/1443]  loss=0.0026  lr=6.48e-05
  Epoch 072 [ 720/1443]  loss=0.0004  lr=6.48e-05
  Epoch 072 [ 740/1443]  loss=0.0003  lr=6.47e-05
  Epoch 072 [ 760/1443]  loss=0.0011  lr=6.46e-05
  Epoch 072 [ 780/1443]  loss=0.0005  lr=6.46e-05
  Epoch 072 [ 800/1443]  loss=0.0005  lr=6.45e-05
  Epoch 072 [ 820/1443]  loss=0.0005  lr=6.45e-05
  Epoch 072 [ 840/1443]  loss=0.0002  lr=6.44e-05
  Epoch 072 [ 860/1443]  loss=0.0004  lr=6.43e-05
  Epoch 072 [ 880/1443]  loss=0.0004  lr=6.43e-05
  Epoch 072 [ 900/1443]  loss=0.0006  lr=6.42e-05
  Epoch 072 [ 920/1443]  loss=0.0001  lr=6.42e-05
  Epoch 072 [ 940/1443]  loss=0.0003  lr=6.41e-05
  Epoch 072 [ 960/1443]  loss=0.0001  lr=6.40e-05
  Epoch 072 [ 980/1443]  loss=0.0003  lr=6.40e-05
  Epoch 072 [1000/1443]  loss=0.0002  lr=6.39e-05
  Epoch 072 [1020/1443]  loss=0.0003  lr=6.39e-05
  Epoch 072 [1040/1443]  loss=0.0006  lr=6.38e-05
  Epoch 072 [1060/1443]  loss=0.0008  lr=6.38e-05
  Epoch 072 [1080/1443]  loss=0.0015  lr=6.37e-05
  Epoch 072 [1100/1443]  loss=0.0009  lr=6.36e-05
  Epoch 072 [1120/1443]  loss=0.0017  lr=6.36e-05
  Epoch 072 [1140/1443]  loss=0.0006  lr=6.35e-05
  Epoch 072 [1160/1443]  loss=0.0006  lr=6.35e-05
  Epoch 072 [1180/1443]  loss=0.0001  lr=6.34e-05
  Epoch 072 [1200/1443]  loss=0.0008  lr=6.33e-05
  Epoch 072 [1220/1443]  loss=0.0004  lr=6.33e-05
  Epoch 072 [1240/1443]  loss=0.0006  lr=6.32e-05
  Epoch 072 [1260/1443]  loss=0.0010  lr=6.32e-05
  Epoch 072 [1280/1443]  loss=0.0006  lr=6.31e-05
  Epoch 072 [1300/1443]  loss=0.0008  lr=6.30e-05
  Epoch 072 [1320/1443]  loss=0.0005  lr=6.30e-05
  Epoch 072 [1340/1443]  loss=0.0002  lr=6.29e-05
  Epoch 072 [1360/1443]  loss=0.0010  lr=6.29e-05
  Epoch 072 [1380/1443]  loss=0.0007  lr=6.28e-05
  Epoch 072 [1400/1443]  loss=0.0005  lr=6.28e-05
  Epoch 072 [1420/1443]  loss=0.0006  lr=6.27e-05
  Epoch 072 [1440/1443]  loss=0.0003  lr=6.26e-05

Epoch 072 done | avg_loss=0.0008 | val_mse_norm=0.0405 (α=0.0352 ζ=0.0458) | time=293.7s
  Checkpoint saved → /scratch/va2661/data/active_matter/checkpoints/supervised/latest.pt

  Epoch 073 [   0/1443]  loss=0.0005  lr=6.26e-05
  Epoch 073 [  20/1443]  loss=0.0008  lr=6.26e-05
  Epoch 073 [  40/1443]  loss=0.0005  lr=6.25e-05
  Epoch 073 [  60/1443]  loss=0.0004  lr=6.25e-05
  Epoch 073 [  80/1443]  loss=0.0002  lr=6.24e-05
  Epoch 073 [ 100/1443]  loss=0.0008  lr=6.23e-05
  Epoch 073 [ 120/1443]  loss=0.0013  lr=6.23e-05
  Epoch 073 [ 140/1443]  loss=0.0005  lr=6.22e-05
  Epoch 073 [ 160/1443]  loss=0.0010  lr=6.22e-05
  Epoch 073 [ 180/1443]  loss=0.0008  lr=6.21e-05
  Epoch 073 [ 200/1443]  loss=0.0002  lr=6.20e-05
  Epoch 073 [ 220/1443]  loss=0.0006  lr=6.20e-05
  Epoch 073 [ 240/1443]  loss=0.0002  lr=6.19e-05
  Epoch 073 [ 260/1443]  loss=0.0010  lr=6.19e-05
  Epoch 073 [ 280/1443]  loss=0.0006  lr=6.18e-05
  Epoch 073 [ 300/1443]  loss=0.0007  lr=6.18e-05
  Epoch 073 [ 320/1443]  loss=0.0004  lr=6.17e-05
  Epoch 073 [ 340/1443]  loss=0.0005  lr=6.16e-05
  Epoch 073 [ 360/1443]  loss=0.0005  lr=6.16e-05
  Epoch 073 [ 380/1443]  loss=0.0002  lr=6.15e-05
  Epoch 073 [ 400/1443]  loss=0.0004  lr=6.15e-05
  Epoch 073 [ 420/1443]  loss=0.0031  lr=6.14e-05
  Epoch 073 [ 440/1443]  loss=0.0010  lr=6.13e-05
  Epoch 073 [ 460/1443]  loss=0.0004  lr=6.13e-05
  Epoch 073 [ 480/1443]  loss=0.0011  lr=6.12e-05
  Epoch 073 [ 500/1443]  loss=0.0005  lr=6.12e-05
  Epoch 073 [ 520/1443]  loss=0.0010  lr=6.11e-05
  Epoch 073 [ 540/1443]  loss=0.0004  lr=6.11e-05
  Epoch 073 [ 560/1443]  loss=0.0021  lr=6.10e-05
  Epoch 073 [ 580/1443]  loss=0.0012  lr=6.09e-05
  Epoch 073 [ 600/1443]  loss=0.0006  lr=6.09e-05
  Epoch 073 [ 620/1443]  loss=0.0003  lr=6.08e-05
  Epoch 073 [ 640/1443]  loss=0.0048  lr=6.08e-05
  Epoch 073 [ 660/1443]  loss=0.0002  lr=6.07e-05
  Epoch 073 [ 680/1443]  loss=0.0003  lr=6.06e-05
  Epoch 073 [ 700/1443]  loss=0.0003  lr=6.06e-05
  Epoch 073 [ 720/1443]  loss=0.0006  lr=6.05e-05
  Epoch 073 [ 740/1443]  loss=0.0002  lr=6.05e-05
  Epoch 073 [ 760/1443]  loss=0.0004  lr=6.04e-05
  Epoch 073 [ 780/1443]  loss=0.0002  lr=6.04e-05
  Epoch 073 [ 800/1443]  loss=0.0003  lr=6.03e-05
  Epoch 073 [ 820/1443]  loss=0.0001  lr=6.02e-05
  Epoch 073 [ 840/1443]  loss=0.0001  lr=6.02e-05
  Epoch 073 [ 860/1443]  loss=0.0005  lr=6.01e-05
  Epoch 073 [ 880/1443]  loss=0.0003  lr=6.01e-05
  Epoch 073 [ 900/1443]  loss=0.0002  lr=6.00e-05
  Epoch 073 [ 920/1443]  loss=0.0007  lr=6.00e-05
  Epoch 073 [ 940/1443]  loss=0.0001  lr=5.99e-05
  Epoch 073 [ 960/1443]  loss=0.0007  lr=5.98e-05
  Epoch 073 [ 980/1443]  loss=0.0004  lr=5.98e-05
  Epoch 073 [1000/1443]  loss=0.0002  lr=5.97e-05
  Epoch 073 [1020/1443]  loss=0.0013  lr=5.97e-05
  Epoch 073 [1040/1443]  loss=0.0004  lr=5.96e-05
  Epoch 073 [1060/1443]  loss=0.0003  lr=5.96e-05
  Epoch 073 [1080/1443]  loss=0.0010  lr=5.95e-05
  Epoch 073 [1100/1443]  loss=0.0003  lr=5.94e-05
  Epoch 073 [1120/1443]  loss=0.0028  lr=5.94e-05
  Epoch 073 [1140/1443]  loss=0.0003  lr=5.93e-05
  Epoch 073 [1160/1443]  loss=0.0004  lr=5.93e-05
  Epoch 073 [1180/1443]  loss=0.0004  lr=5.92e-05
  Epoch 073 [1200/1443]  loss=0.0003  lr=5.92e-05
  Epoch 073 [1220/1443]  loss=0.0010  lr=5.91e-05
  Epoch 073 [1240/1443]  loss=0.0004  lr=5.90e-05
  Epoch 073 [1260/1443]  loss=0.0005  lr=5.90e-05
  Epoch 073 [1280/1443]  loss=0.0003  lr=5.89e-05
  Epoch 073 [1300/1443]  loss=0.0012  lr=5.89e-05
  Epoch 073 [1320/1443]  loss=0.0006  lr=5.88e-05
  Epoch 073 [1340/1443]  loss=0.0027  lr=5.88e-05
  Epoch 073 [1360/1443]  loss=0.0012  lr=5.87e-05
  Epoch 073 [1380/1443]  loss=0.0009  lr=5.86e-05
  Epoch 073 [1400/1443]  loss=0.0006  lr=5.86e-05
  Epoch 073 [1420/1443]  loss=0.0003  lr=5.85e-05
  Epoch 073 [1440/1443]  loss=0.0005  lr=5.85e-05

Epoch 073 done | avg_loss=0.0007 | val_mse_norm=0.0372 (α=0.0359 ζ=0.0386) | time=293.7s
  Checkpoint saved → /scratch/va2661/data/active_matter/checkpoints/supervised/latest.pt

  Epoch 074 [   0/1443]  loss=0.0004  lr=5.85e-05
  Epoch 074 [  20/1443]  loss=0.0002  lr=5.84e-05
  Epoch 074 [  40/1443]  loss=0.0031  lr=5.83e-05
  Epoch 074 [  60/1443]  loss=0.0016  lr=5.83e-05
  Epoch 074 [  80/1443]  loss=0.0004  lr=5.82e-05
  Epoch 074 [ 100/1443]  loss=0.0007  lr=5.82e-05
  Epoch 074 [ 120/1443]  loss=0.0011  lr=5.81e-05
  Epoch 074 [ 140/1443]  loss=0.0004  lr=5.81e-05
  Epoch 074 [ 160/1443]  loss=0.0008  lr=5.80e-05
  Epoch 074 [ 180/1443]  loss=0.0003  lr=5.79e-05
  Epoch 074 [ 200/1443]  loss=0.0005  lr=5.79e-05
  Epoch 074 [ 220/1443]  loss=0.0004  lr=5.78e-05
  Epoch 074 [ 240/1443]  loss=0.0006  lr=5.78e-05
  Epoch 074 [ 260/1443]  loss=0.0008  lr=5.77e-05
  Epoch 074 [ 280/1443]  loss=0.0001  lr=5.77e-05
  Epoch 074 [ 300/1443]  loss=0.0002  lr=5.76e-05
  Epoch 074 [ 320/1443]  loss=0.0003  lr=5.75e-05
  Epoch 074 [ 340/1443]  loss=0.0001  lr=5.75e-05
  Epoch 074 [ 360/1443]  loss=0.0002  lr=5.74e-05
  Epoch 074 [ 380/1443]  loss=0.0007  lr=5.74e-05
  Epoch 074 [ 400/1443]  loss=0.0003  lr=5.73e-05
  Epoch 074 [ 420/1443]  loss=0.0003  lr=5.73e-05
  Epoch 074 [ 440/1443]  loss=0.0001  lr=5.72e-05
  Epoch 074 [ 460/1443]  loss=0.0002  lr=5.72e-05
  Epoch 074 [ 480/1443]  loss=0.0004  lr=5.71e-05
  Epoch 074 [ 500/1443]  loss=0.0002  lr=5.70e-05
  Epoch 074 [ 520/1443]  loss=0.0005  lr=5.70e-05
  Epoch 074 [ 540/1443]  loss=0.0003  lr=5.69e-05
  Epoch 074 [ 560/1443]  loss=0.0004  lr=5.69e-05
  Epoch 074 [ 580/1443]  loss=0.0012  lr=5.68e-05
  Epoch 074 [ 600/1443]  loss=0.0010  lr=5.68e-05
  Epoch 074 [ 620/1443]  loss=0.0003  lr=5.67e-05
  Epoch 074 [ 640/1443]  loss=0.0002  lr=5.66e-05
  Epoch 074 [ 660/1443]  loss=0.0005  lr=5.66e-05
  Epoch 074 [ 680/1443]  loss=0.0002  lr=5.65e-05
  Epoch 074 [ 700/1443]  loss=0.0004  lr=5.65e-05
  Epoch 074 [ 720/1443]  loss=0.0004  lr=5.64e-05
  Epoch 074 [ 740/1443]  loss=0.0003  lr=5.64e-05
  Epoch 074 [ 760/1443]  loss=0.0003  lr=5.63e-05
  Epoch 074 [ 780/1443]  loss=0.0004  lr=5.63e-05
  Epoch 074 [ 800/1443]  loss=0.0002  lr=5.62e-05
  Epoch 074 [ 820/1443]  loss=0.0003  lr=5.61e-05
  Epoch 074 [ 840/1443]  loss=0.0004  lr=5.61e-05
  Epoch 074 [ 860/1443]  loss=0.0004  lr=5.60e-05
  Epoch 074 [ 880/1443]  loss=0.0003  lr=5.60e-05
  Epoch 074 [ 900/1443]  loss=0.0044  lr=5.59e-05
  Epoch 074 [ 920/1443]  loss=0.0002  lr=5.59e-05
  Epoch 074 [ 940/1443]  loss=0.0006  lr=5.58e-05
  Epoch 074 [ 960/1443]  loss=0.0005  lr=5.57e-05
  Epoch 074 [ 980/1443]  loss=0.0003  lr=5.57e-05
  Epoch 074 [1000/1443]  loss=0.0003  lr=5.56e-05
  Epoch 074 [1020/1443]  loss=0.0001  lr=5.56e-05
  Epoch 074 [1040/1443]  loss=0.0007  lr=5.55e-05
  Epoch 074 [1060/1443]  loss=0.0005  lr=5.55e-05
  Epoch 074 [1080/1443]  loss=0.0004  lr=5.54e-05
  Epoch 074 [1100/1443]  loss=0.0002  lr=5.54e-05
  Epoch 074 [1120/1443]  loss=0.0094  lr=5.53e-05
  Epoch 074 [1140/1443]  loss=0.0002  lr=5.52e-05
  Epoch 074 [1160/1443]  loss=0.0004  lr=5.52e-05
  Epoch 074 [1180/1443]  loss=0.0001  lr=5.51e-05
  Epoch 074 [1200/1443]  loss=0.0008  lr=5.51e-05
  Epoch 074 [1220/1443]  loss=0.0008  lr=5.50e-05
  Epoch 074 [1240/1443]  loss=0.0005  lr=5.50e-05
  Epoch 074 [1260/1443]  loss=0.0007  lr=5.49e-05
  Epoch 074 [1280/1443]  loss=0.0010  lr=5.49e-05
  Epoch 074 [1300/1443]  loss=0.0004  lr=5.48e-05
  Epoch 074 [1320/1443]  loss=0.0012  lr=5.47e-05
  Epoch 074 [1340/1443]  loss=0.0004  lr=5.47e-05
  Epoch 074 [1360/1443]  loss=0.0002  lr=5.46e-05
  Epoch 074 [1380/1443]  loss=0.0002  lr=5.46e-05
  Epoch 074 [1400/1443]  loss=0.0004  lr=5.45e-05
  Epoch 074 [1420/1443]  loss=0.0004  lr=5.45e-05
  Epoch 074 [1440/1443]  loss=0.0006  lr=5.44e-05

Epoch 074 done | avg_loss=0.0007 | val_mse_norm=0.0396 (α=0.0341 ζ=0.0452) | time=294.3s
  Checkpoint saved → /scratch/va2661/data/active_matter/checkpoints/supervised/latest.pt

  Epoch 075 [   0/1443]  loss=0.0003  lr=5.44e-05
  Epoch 075 [  20/1443]  loss=0.0003  lr=5.43e-05
  Epoch 075 [  40/1443]  loss=0.0006  lr=5.43e-05
  Epoch 075 [  60/1443]  loss=0.0004  lr=5.42e-05
  Epoch 075 [  80/1443]  loss=0.0005  lr=5.42e-05
  Epoch 075 [ 100/1443]  loss=0.0006  lr=5.41e-05
  Epoch 075 [ 120/1443]  loss=0.0003  lr=5.41e-05
  Epoch 075 [ 140/1443]  loss=0.0003  lr=5.40e-05
  Epoch 075 [ 160/1443]  loss=0.0003  lr=5.40e-05
  Epoch 075 [ 180/1443]  loss=0.0006  lr=5.39e-05
  Epoch 075 [ 200/1443]  loss=0.0003  lr=5.39e-05
  Epoch 075 [ 220/1443]  loss=0.0004  lr=5.38e-05
  Epoch 075 [ 240/1443]  loss=0.0003  lr=5.37e-05
  Epoch 075 [ 260/1443]  loss=0.0001  lr=5.37e-05
  Epoch 075 [ 280/1443]  loss=0.0007  lr=5.36e-05
  Epoch 075 [ 300/1443]  loss=0.0002  lr=5.36e-05
  Epoch 075 [ 320/1443]  loss=0.0002  lr=5.35e-05
  Epoch 075 [ 340/1443]  loss=0.0010  lr=5.35e-05
  Epoch 075 [ 360/1443]  loss=0.0002  lr=5.34e-05
  Epoch 075 [ 380/1443]  loss=0.0003  lr=5.34e-05
  Epoch 075 [ 400/1443]  loss=0.0013  lr=5.33e-05
  Epoch 075 [ 420/1443]  loss=0.0002  lr=5.32e-05
  Epoch 075 [ 440/1443]  loss=0.0016  lr=5.32e-05
  Epoch 075 [ 460/1443]  loss=0.0003  lr=5.31e-05
  Epoch 075 [ 480/1443]  loss=0.0003  lr=5.31e-05
  Epoch 075 [ 500/1443]  loss=0.0006  lr=5.30e-05
  Epoch 075 [ 520/1443]  loss=0.0002  lr=5.30e-05
  Epoch 075 [ 540/1443]  loss=0.0004  lr=5.29e-05
  Epoch 075 [ 560/1443]  loss=0.0005  lr=5.29e-05
  Epoch 075 [ 580/1443]  loss=0.0003  lr=5.28e-05
  Epoch 075 [ 600/1443]  loss=0.0005  lr=5.28e-05
  Epoch 075 [ 620/1443]  loss=0.0007  lr=5.27e-05
  Epoch 075 [ 640/1443]  loss=0.0014  lr=5.26e-05
  Epoch 075 [ 660/1443]  loss=0.0005  lr=5.26e-05
  Epoch 075 [ 680/1443]  loss=0.0004  lr=5.25e-05
  Epoch 075 [ 700/1443]  loss=0.0003  lr=5.25e-05
  Epoch 075 [ 720/1443]  loss=0.0006  lr=5.24e-05
  Epoch 075 [ 740/1443]  loss=0.0004  lr=5.24e-05
  Epoch 075 [ 760/1443]  loss=0.0004  lr=5.23e-05
  Epoch 075 [ 780/1443]  loss=0.0004  lr=5.23e-05
  Epoch 075 [ 800/1443]  loss=0.0003  lr=5.22e-05
  Epoch 075 [ 820/1443]  loss=0.0009  lr=5.22e-05
  Epoch 075 [ 840/1443]  loss=0.0003  lr=5.21e-05
  Epoch 075 [ 860/1443]  loss=0.0002  lr=5.20e-05
  Epoch 075 [ 880/1443]  loss=0.0004  lr=5.20e-05
  Epoch 075 [ 900/1443]  loss=0.0006  lr=5.19e-05
  Epoch 075 [ 920/1443]  loss=0.0002  lr=5.19e-05
  Epoch 075 [ 940/1443]  loss=0.0003  lr=5.18e-05
  Epoch 075 [ 960/1443]  loss=0.0003  lr=5.18e-05
  Epoch 075 [ 980/1443]  loss=0.0003  lr=5.17e-05
  Epoch 075 [1000/1443]  loss=0.0003  lr=5.17e-05
  Epoch 075 [1020/1443]  loss=0.0002  lr=5.16e-05
  Epoch 075 [1040/1443]  loss=0.0005  lr=5.16e-05
  Epoch 075 [1060/1443]  loss=0.0006  lr=5.15e-05
  Epoch 075 [1080/1443]  loss=0.0010  lr=5.14e-05
  Epoch 075 [1100/1443]  loss=0.0005  lr=5.14e-05
  Epoch 075 [1120/1443]  loss=0.0004  lr=5.13e-05
  Epoch 075 [1140/1443]  loss=0.0002  lr=5.13e-05
  Epoch 075 [1160/1443]  loss=0.0006  lr=5.12e-05
  Epoch 075 [1180/1443]  loss=0.0018  lr=5.12e-05
  Epoch 075 [1200/1443]  loss=0.0001  lr=5.11e-05
  Epoch 075 [1220/1443]  loss=0.0002  lr=5.11e-05
  Epoch 075 [1240/1443]  loss=0.0005  lr=5.10e-05
  Epoch 075 [1260/1443]  loss=0.0061  lr=5.10e-05
  Epoch 075 [1280/1443]  loss=0.0005  lr=5.09e-05
  Epoch 075 [1300/1443]  loss=0.0005  lr=5.08e-05
  Epoch 075 [1320/1443]  loss=0.0008  lr=5.08e-05
  Epoch 075 [1340/1443]  loss=0.0006  lr=5.07e-05
  Epoch 075 [1360/1443]  loss=0.0004  lr=5.07e-05
  Epoch 075 [1380/1443]  loss=0.0007  lr=5.06e-05
  Epoch 075 [1400/1443]  loss=0.0001  lr=5.06e-05
  Epoch 075 [1420/1443]  loss=0.0001  lr=5.05e-05
  Epoch 075 [1440/1443]  loss=0.0003  lr=5.05e-05

Epoch 075 done | avg_loss=0.0006 | val_mse_norm=0.0416 (α=0.0429 ζ=0.0404) | time=294.6s
  Checkpoint saved → /scratch/va2661/data/active_matter/checkpoints/supervised/latest.pt

  Epoch 076 [   0/1443]  loss=0.0003  lr=5.05e-05
  Epoch 076 [  20/1443]  loss=0.0002  lr=5.04e-05
  Epoch 076 [  40/1443]  loss=0.0003  lr=5.04e-05
  Epoch 076 [  60/1443]  loss=0.0006  lr=5.03e-05
  Epoch 076 [  80/1443]  loss=0.0002  lr=5.03e-05
  Epoch 076 [ 100/1443]  loss=0.0004  lr=5.02e-05
  Epoch 076 [ 120/1443]  loss=0.0011  lr=5.01e-05
  Epoch 076 [ 140/1443]  loss=0.0003  lr=5.01e-05
  Epoch 076 [ 160/1443]  loss=0.0009  lr=5.00e-05
  Epoch 076 [ 180/1443]  loss=0.0003  lr=5.00e-05
  Epoch 076 [ 200/1443]  loss=0.0002  lr=4.99e-05
  Epoch 076 [ 220/1443]  loss=0.0009  lr=4.99e-05
  Epoch 076 [ 240/1443]  loss=0.0030  lr=4.98e-05
  Epoch 076 [ 260/1443]  loss=0.0003  lr=4.98e-05
  Epoch 076 [ 280/1443]  loss=0.0002  lr=4.97e-05
  Epoch 076 [ 300/1443]  loss=0.0006  lr=4.97e-05
  Epoch 076 [ 320/1443]  loss=0.0007  lr=4.96e-05
  Epoch 076 [ 340/1443]  loss=0.0003  lr=4.96e-05
  Epoch 076 [ 360/1443]  loss=0.0003  lr=4.95e-05
  Epoch 076 [ 380/1443]  loss=0.0003  lr=4.94e-05
  Epoch 076 [ 400/1443]  loss=0.0002  lr=4.94e-05
  Epoch 076 [ 420/1443]  loss=0.0002  lr=4.93e-05
  Epoch 076 [ 440/1443]  loss=0.0006  lr=4.93e-05
  Epoch 076 [ 460/1443]  loss=0.0003  lr=4.92e-05
  Epoch 076 [ 480/1443]  loss=0.0014  lr=4.92e-05
  Epoch 076 [ 500/1443]  loss=0.0015  lr=4.91e-05
  Epoch 076 [ 520/1443]  loss=0.0008  lr=4.91e-05
  Epoch 076 [ 540/1443]  loss=0.0004  lr=4.90e-05
  Epoch 076 [ 560/1443]  loss=0.0002  lr=4.90e-05
  Epoch 076 [ 580/1443]  loss=0.0002  lr=4.89e-05
  Epoch 076 [ 600/1443]  loss=0.0003  lr=4.89e-05
  Epoch 076 [ 620/1443]  loss=0.0009  lr=4.88e-05
  Epoch 076 [ 640/1443]  loss=0.0002  lr=4.88e-05
  Epoch 076 [ 660/1443]  loss=0.0004  lr=4.87e-05
  Epoch 076 [ 680/1443]  loss=0.0002  lr=4.87e-05
  Epoch 076 [ 700/1443]  loss=0.0001  lr=4.86e-05
  Epoch 076 [ 720/1443]  loss=0.0004  lr=4.85e-05
  Epoch 076 [ 740/1443]  loss=0.0004  lr=4.85e-05
  Epoch 076 [ 760/1443]  loss=0.0002  lr=4.84e-05
  Epoch 076 [ 780/1443]  loss=0.0005  lr=4.84e-05
  Epoch 076 [ 800/1443]  loss=0.0002  lr=4.83e-05
  Epoch 076 [ 820/1443]  loss=0.0001  lr=4.83e-05
  Epoch 076 [ 840/1443]  loss=0.0006  lr=4.82e-05
  Epoch 076 [ 860/1443]  loss=0.0009  lr=4.82e-05
  Epoch 076 [ 880/1443]  loss=0.0004  lr=4.81e-05
  Epoch 076 [ 900/1443]  loss=0.0003  lr=4.81e-05
  Epoch 076 [ 920/1443]  loss=0.0001  lr=4.80e-05
  Epoch 076 [ 940/1443]  loss=0.0004  lr=4.80e-05
  Epoch 076 [ 960/1443]  loss=0.0004  lr=4.79e-05
  Epoch 076 [ 980/1443]  loss=0.0003  lr=4.79e-05
  Epoch 076 [1000/1443]  loss=0.0002  lr=4.78e-05
  Epoch 076 [1020/1443]  loss=0.0006  lr=4.78e-05
  Epoch 076 [1040/1443]  loss=0.0021  lr=4.77e-05
  Epoch 076 [1060/1443]  loss=0.0010  lr=4.76e-05
  Epoch 076 [1080/1443]  loss=0.0001  lr=4.76e-05
  Epoch 076 [1100/1443]  loss=0.0008  lr=4.75e-05
  Epoch 076 [1120/1443]  loss=0.0004  lr=4.75e-05
  Epoch 076 [1140/1443]  loss=0.0004  lr=4.74e-05
  Epoch 076 [1160/1443]  loss=0.0007  lr=4.74e-05
  Epoch 076 [1180/1443]  loss=0.0006  lr=4.73e-05
  Epoch 076 [1200/1443]  loss=0.0002  lr=4.73e-05
  Epoch 076 [1220/1443]  loss=0.0004  lr=4.72e-05
  Epoch 076 [1240/1443]  loss=0.0001  lr=4.72e-05
  Epoch 076 [1260/1443]  loss=0.0008  lr=4.71e-05
  Epoch 076 [1280/1443]  loss=0.0004  lr=4.71e-05
  Epoch 076 [1300/1443]  loss=0.0006  lr=4.70e-05
  Epoch 076 [1320/1443]  loss=0.0004  lr=4.70e-05
  Epoch 076 [1340/1443]  loss=0.0005  lr=4.69e-05
  Epoch 076 [1360/1443]  loss=0.0062  lr=4.69e-05
  Epoch 076 [1380/1443]  loss=0.0005  lr=4.68e-05
  Epoch 076 [1400/1443]  loss=0.0003  lr=4.68e-05
  Epoch 076 [1420/1443]  loss=0.0002  lr=4.67e-05
  Epoch 076 [1440/1443]  loss=0.0003  lr=4.67e-05

Epoch 076 done | avg_loss=0.0006 | val_mse_norm=0.0426 (α=0.0480 ζ=0.0371) | time=293.0s
  Checkpoint saved → /scratch/va2661/data/active_matter/checkpoints/supervised/latest.pt

  Epoch 077 [   0/1443]  loss=0.0003  lr=4.66e-05
  Epoch 077 [  20/1443]  loss=0.0001  lr=4.66e-05
  Epoch 077 [  40/1443]  loss=0.0003  lr=4.65e-05
  Epoch 077 [  60/1443]  loss=0.0002  lr=4.65e-05
  Epoch 077 [  80/1443]  loss=0.0003  lr=4.64e-05
  Epoch 077 [ 100/1443]  loss=0.0003  lr=4.64e-05
  Epoch 077 [ 120/1443]  loss=0.0002  lr=4.63e-05
  Epoch 077 [ 140/1443]  loss=0.0006  lr=4.63e-05
  Epoch 077 [ 160/1443]  loss=0.0004  lr=4.62e-05
  Epoch 077 [ 180/1443]  loss=0.0003  lr=4.62e-05
  Epoch 077 [ 200/1443]  loss=0.0002  lr=4.61e-05
  Epoch 077 [ 220/1443]  loss=0.0002  lr=4.61e-05
  Epoch 077 [ 240/1443]  loss=0.0002  lr=4.60e-05
  Epoch 077 [ 260/1443]  loss=0.0005  lr=4.60e-05
  Epoch 077 [ 280/1443]  loss=0.0012  lr=4.59e-05
  Epoch 077 [ 300/1443]  loss=0.0001  lr=4.59e-05
  Epoch 077 [ 320/1443]  loss=0.0008  lr=4.58e-05
  Epoch 077 [ 340/1443]  loss=0.0004  lr=4.58e-05
  Epoch 077 [ 360/1443]  loss=0.0002  lr=4.57e-05
  Epoch 077 [ 380/1443]  loss=0.0001  lr=4.57e-05
  Epoch 077 [ 400/1443]  loss=0.0005  lr=4.56e-05
  Epoch 077 [ 420/1443]  loss=0.0013  lr=4.56e-05
  Epoch 077 [ 440/1443]  loss=0.0003  lr=4.55e-05
  Epoch 077 [ 460/1443]  loss=0.0003  lr=4.55e-05
  Epoch 077 [ 480/1443]  loss=0.0004  lr=4.54e-05
  Epoch 077 [ 500/1443]  loss=0.0011  lr=4.54e-05
  Epoch 077 [ 520/1443]  loss=0.0006  lr=4.53e-05
  Epoch 077 [ 540/1443]  loss=0.0007  lr=4.53e-05
  Epoch 077 [ 560/1443]  loss=0.0003  lr=4.52e-05
  Epoch 077 [ 580/1443]  loss=0.0002  lr=4.52e-05
  Epoch 077 [ 600/1443]  loss=0.0004  lr=4.51e-05
  Epoch 077 [ 620/1443]  loss=0.0005  lr=4.50e-05
  Epoch 077 [ 640/1443]  loss=0.0006  lr=4.50e-05
  Epoch 077 [ 660/1443]  loss=0.0005  lr=4.49e-05
  Epoch 077 [ 680/1443]  loss=0.0001  lr=4.49e-05
  Epoch 077 [ 700/1443]  loss=0.0013  lr=4.48e-05
  Epoch 077 [ 720/1443]  loss=0.0009  lr=4.48e-05
  Epoch 077 [ 740/1443]  loss=0.0001  lr=4.47e-05
  Epoch 077 [ 760/1443]  loss=0.0004  lr=4.47e-05
  Epoch 077 [ 780/1443]  loss=0.0002  lr=4.46e-05
  Epoch 077 [ 800/1443]  loss=0.0001  lr=4.46e-05
  Epoch 077 [ 820/1443]  loss=0.0001  lr=4.45e-05
  Epoch 077 [ 840/1443]  loss=0.0003  lr=4.45e-05
  Epoch 077 [ 860/1443]  loss=0.0001  lr=4.44e-05
  Epoch 077 [ 880/1443]  loss=0.0004  lr=4.44e-05
  Epoch 077 [ 900/1443]  loss=0.0018  lr=4.43e-05
  Epoch 077 [ 920/1443]  loss=0.0003  lr=4.43e-05
  Epoch 077 [ 940/1443]  loss=0.0002  lr=4.42e-05
  Epoch 077 [ 960/1443]  loss=0.0005  lr=4.42e-05
  Epoch 077 [ 980/1443]  loss=0.0007  lr=4.41e-05
  Epoch 077 [1000/1443]  loss=0.0003  lr=4.41e-05
  Epoch 077 [1020/1443]  loss=0.0003  lr=4.40e-05
  Epoch 077 [1040/1443]  loss=0.0002  lr=4.40e-05
  Epoch 077 [1060/1443]  loss=0.0003  lr=4.39e-05
  Epoch 077 [1080/1443]  loss=0.0002  lr=4.39e-05
  Epoch 077 [1100/1443]  loss=0.0004  lr=4.38e-05
  Epoch 077 [1120/1443]  loss=0.0006  lr=4.38e-05
  Epoch 077 [1140/1443]  loss=0.0003  lr=4.37e-05
  Epoch 077 [1160/1443]  loss=0.0003  lr=4.37e-05
  Epoch 077 [1180/1443]  loss=0.0008  lr=4.36e-05
  Epoch 077 [1200/1443]  loss=0.0006  lr=4.36e-05
  Epoch 077 [1220/1443]  loss=0.0005  lr=4.35e-05
  Epoch 077 [1240/1443]  loss=0.0001  lr=4.35e-05
  Epoch 077 [1260/1443]  loss=0.0003  lr=4.34e-05
  Epoch 077 [1280/1443]  loss=0.0006  lr=4.34e-05
  Epoch 077 [1300/1443]  loss=0.0004  lr=4.33e-05
  Epoch 077 [1320/1443]  loss=0.0004  lr=4.33e-05
  Epoch 077 [1340/1443]  loss=0.0002  lr=4.32e-05
  Epoch 077 [1360/1443]  loss=0.0003  lr=4.32e-05
  Epoch 077 [1380/1443]  loss=0.0004  lr=4.31e-05
  Epoch 077 [1400/1443]  loss=0.0003  lr=4.31e-05
  Epoch 077 [1420/1443]  loss=0.0003  lr=4.30e-05
  Epoch 077 [1440/1443]  loss=0.0003  lr=4.30e-05

Epoch 077 done | avg_loss=0.0005 | val_mse_norm=0.0385 (α=0.0463 ζ=0.0306) | time=293.5s
  Checkpoint saved → /scratch/va2661/data/active_matter/checkpoints/supervised/latest.pt

  Epoch 078 [   0/1443]  loss=0.0007  lr=4.30e-05
  Epoch 078 [  20/1443]  loss=0.0003  lr=4.29e-05
  Epoch 078 [  40/1443]  loss=0.0004  lr=4.29e-05
  Epoch 078 [  60/1443]  loss=0.0005  lr=4.28e-05
  Epoch 078 [  80/1443]  loss=0.0002  lr=4.28e-05
  Epoch 078 [ 100/1443]  loss=0.0006  lr=4.27e-05
  Epoch 078 [ 120/1443]  loss=0.0000  lr=4.27e-05
  Epoch 078 [ 140/1443]  loss=0.0004  lr=4.26e-05
  Epoch 078 [ 160/1443]  loss=0.0002  lr=4.26e-05
  Epoch 078 [ 180/1443]  loss=0.0003  lr=4.25e-05
  Epoch 078 [ 200/1443]  loss=0.0006  lr=4.25e-05
  Epoch 078 [ 220/1443]  loss=0.0004  lr=4.24e-05
  Epoch 078 [ 240/1443]  loss=0.0001  lr=4.24e-05
  Epoch 078 [ 260/1443]  loss=0.0002  lr=4.23e-05
  Epoch 078 [ 280/1443]  loss=0.0003  lr=4.23e-05
  Epoch 078 [ 300/1443]  loss=0.0001  lr=4.22e-05
  Epoch 078 [ 320/1443]  loss=0.0008  lr=4.22e-05
  Epoch 078 [ 340/1443]  loss=0.0002  lr=4.21e-05
  Epoch 078 [ 360/1443]  loss=0.0002  lr=4.21e-05
  Epoch 078 [ 380/1443]  loss=0.0004  lr=4.20e-05
  Epoch 078 [ 400/1443]  loss=0.0002  lr=4.20e-05
  Epoch 078 [ 420/1443]  loss=0.0004  lr=4.19e-05
  Epoch 078 [ 440/1443]  loss=0.0005  lr=4.19e-05
  Epoch 078 [ 460/1443]  loss=0.0004  lr=4.18e-05
  Epoch 078 [ 480/1443]  loss=0.0003  lr=4.18e-05
  Epoch 078 [ 500/1443]  loss=0.0003  lr=4.17e-05
  Epoch 078 [ 520/1443]  loss=0.0004  lr=4.17e-05
  Epoch 078 [ 540/1443]  loss=0.0002  lr=4.16e-05
  Epoch 078 [ 560/1443]  loss=0.0002  lr=4.16e-05
  Epoch 078 [ 580/1443]  loss=0.0004  lr=4.15e-05
  Epoch 078 [ 600/1443]  loss=0.0002  lr=4.15e-05
  Epoch 078 [ 620/1443]  loss=0.0006  lr=4.14e-05
  Epoch 078 [ 640/1443]  loss=0.0003  lr=4.14e-05
  Epoch 078 [ 660/1443]  loss=0.0005  lr=4.13e-05
  Epoch 078 [ 680/1443]  loss=0.0002  lr=4.13e-05
  Epoch 078 [ 700/1443]  loss=0.0003  lr=4.12e-05
  Epoch 078 [ 720/1443]  loss=0.0002  lr=4.12e-05
  Epoch 078 [ 740/1443]  loss=0.0008  lr=4.11e-05
  Epoch 078 [ 760/1443]  loss=0.0001  lr=4.11e-05
  Epoch 078 [ 780/1443]  loss=0.0003  lr=4.10e-05
  Epoch 078 [ 800/1443]  loss=0.0004  lr=4.10e-05
  Epoch 078 [ 820/1443]  loss=0.0003  lr=4.09e-05
  Epoch 078 [ 840/1443]  loss=0.0005  lr=4.09e-05
  Epoch 078 [ 860/1443]  loss=0.0002  lr=4.08e-05
  Epoch 078 [ 880/1443]  loss=0.0001  lr=4.08e-05
  Epoch 078 [ 900/1443]  loss=0.0006  lr=4.07e-05
  Epoch 078 [ 920/1443]  loss=0.0022  lr=4.07e-05
  Epoch 078 [ 940/1443]  loss=0.0002  lr=4.06e-05
  Epoch 078 [ 960/1443]  loss=0.0002  lr=4.06e-05
  Epoch 078 [ 980/1443]  loss=0.0003  lr=4.05e-05
  Epoch 078 [1000/1443]  loss=0.0002  lr=4.05e-05
  Epoch 078 [1020/1443]  loss=0.0009  lr=4.04e-05
  Epoch 078 [1040/1443]  loss=0.0004  lr=4.04e-05
  Epoch 078 [1060/1443]  loss=0.0001  lr=4.03e-05
  Epoch 078 [1080/1443]  loss=0.0002  lr=4.03e-05
  Epoch 078 [1100/1443]  loss=0.0041  lr=4.02e-05
  Epoch 078 [1120/1443]  loss=0.0004  lr=4.02e-05
  Epoch 078 [1140/1443]  loss=0.0001  lr=4.01e-05
  Epoch 078 [1160/1443]  loss=0.0006  lr=4.01e-05
  Epoch 078 [1180/1443]  loss=0.0003  lr=4.00e-05
  Epoch 078 [1200/1443]  loss=0.0001  lr=4.00e-05
  Epoch 078 [1220/1443]  loss=0.0003  lr=3.99e-05
  Epoch 078 [1240/1443]  loss=0.0004  lr=3.99e-05
  Epoch 078 [1260/1443]  loss=0.0003  lr=3.98e-05
  Epoch 078 [1280/1443]  loss=0.0001  lr=3.98e-05
  Epoch 078 [1300/1443]  loss=0.0007  lr=3.97e-05
  Epoch 078 [1320/1443]  loss=0.0002  lr=3.97e-05
  Epoch 078 [1340/1443]  loss=0.0003  lr=3.96e-05
  Epoch 078 [1360/1443]  loss=0.0002  lr=3.96e-05
  Epoch 078 [1380/1443]  loss=0.0002  lr=3.96e-05
  Epoch 078 [1400/1443]  loss=0.0004  lr=3.95e-05
  Epoch 078 [1420/1443]  loss=0.0003  lr=3.95e-05
  Epoch 078 [1440/1443]  loss=0.0045  lr=3.94e-05

Epoch 078 done | avg_loss=0.0005 | val_mse_norm=0.0375 (α=0.0456 ζ=0.0294) | time=293.8s
  Checkpoint saved → /scratch/va2661/data/active_matter/checkpoints/supervised/latest.pt

  Epoch 079 [   0/1443]  loss=0.0002  lr=3.94e-05
  Epoch 079 [  20/1443]  loss=0.0002  lr=3.94e-05
  Epoch 079 [  40/1443]  loss=0.0004  lr=3.93e-05
  Epoch 079 [  60/1443]  loss=0.0001  lr=3.93e-05
  Epoch 079 [  80/1443]  loss=0.0001  lr=3.92e-05
  Epoch 079 [ 100/1443]  loss=0.0003  lr=3.92e-05
  Epoch 079 [ 120/1443]  loss=0.0003  lr=3.91e-05
  Epoch 079 [ 140/1443]  loss=0.0017  lr=3.91e-05
  Epoch 079 [ 160/1443]  loss=0.0003  lr=3.90e-05
  Epoch 079 [ 180/1443]  loss=0.0001  lr=3.90e-05
  Epoch 079 [ 200/1443]  loss=0.0001  lr=3.89e-05
  Epoch 079 [ 220/1443]  loss=0.0002  lr=3.89e-05
  Epoch 079 [ 240/1443]  loss=0.0003  lr=3.88e-05
  Epoch 079 [ 260/1443]  loss=0.0005  lr=3.88e-05
  Epoch 079 [ 280/1443]  loss=0.0001  lr=3.87e-05
  Epoch 079 [ 300/1443]  loss=0.0004  lr=3.87e-05
  Epoch 079 [ 320/1443]  loss=0.0007  lr=3.86e-05
  Epoch 079 [ 340/1443]  loss=0.0006  lr=3.86e-05
  Epoch 079 [ 360/1443]  loss=0.0006  lr=3.85e-05
  Epoch 079 [ 380/1443]  loss=0.0001  lr=3.85e-05
  Epoch 079 [ 400/1443]  loss=0.0002  lr=3.84e-05
  Epoch 079 [ 420/1443]  loss=0.0003  lr=3.84e-05
  Epoch 079 [ 440/1443]  loss=0.0002  lr=3.83e-05
  Epoch 079 [ 460/1443]  loss=0.0002  lr=3.83e-05
  Epoch 079 [ 480/1443]  loss=0.0002  lr=3.82e-05
  Epoch 079 [ 500/1443]  loss=0.0002  lr=3.82e-05
  Epoch 079 [ 520/1443]  loss=0.0002  lr=3.82e-05
  Epoch 079 [ 540/1443]  loss=0.0001  lr=3.81e-05
  Epoch 079 [ 560/1443]  loss=0.0007  lr=3.81e-05
  Epoch 079 [ 580/1443]  loss=0.0002  lr=3.80e-05
  Epoch 079 [ 600/1443]  loss=0.0008  lr=3.80e-05
  Epoch 079 [ 620/1443]  loss=0.0003  lr=3.79e-05
  Epoch 079 [ 640/1443]  loss=0.0006  lr=3.79e-05
  Epoch 079 [ 660/1443]  loss=0.0001  lr=3.78e-05
  Epoch 079 [ 680/1443]  loss=0.0000  lr=3.78e-05
  Epoch 079 [ 700/1443]  loss=0.0003  lr=3.77e-05
  Epoch 079 [ 720/1443]  loss=0.0002  lr=3.77e-05
  Epoch 079 [ 740/1443]  loss=0.0002  lr=3.76e-05
  Epoch 079 [ 760/1443]  loss=0.0003  lr=3.76e-05
  Epoch 079 [ 780/1443]  loss=0.0002  lr=3.75e-05
  Epoch 079 [ 800/1443]  loss=0.0002  lr=3.75e-05
  Epoch 079 [ 820/1443]  loss=0.0002  lr=3.74e-05
  Epoch 079 [ 840/1443]  loss=0.0003  lr=3.74e-05
  Epoch 079 [ 860/1443]  loss=0.0002  lr=3.73e-05
  Epoch 079 [ 880/1443]  loss=0.0001  lr=3.73e-05
  Epoch 079 [ 900/1443]  loss=0.0027  lr=3.72e-05
  Epoch 079 [ 920/1443]  loss=0.0004  lr=3.72e-05
  Epoch 079 [ 940/1443]  loss=0.0004  lr=3.72e-05
  Epoch 079 [ 960/1443]  loss=0.0004  lr=3.71e-05
  Epoch 079 [ 980/1443]  loss=0.0005  lr=3.71e-05
  Epoch 079 [1000/1443]  loss=0.0007  lr=3.70e-05
  Epoch 079 [1020/1443]  loss=0.0002  lr=3.70e-05
  Epoch 079 [1040/1443]  loss=0.0004  lr=3.69e-05
  Epoch 079 [1060/1443]  loss=0.0002  lr=3.69e-05
  Epoch 079 [1080/1443]  loss=0.0004  lr=3.68e-05
  Epoch 079 [1100/1443]  loss=0.0003  lr=3.68e-05
  Epoch 079 [1120/1443]  loss=0.0002  lr=3.67e-05
  Epoch 079 [1140/1443]  loss=0.0006  lr=3.67e-05
  Epoch 079 [1160/1443]  loss=0.0005  lr=3.66e-05
  Epoch 079 [1180/1443]  loss=0.0002  lr=3.66e-05
  Epoch 079 [1200/1443]  loss=0.0002  lr=3.65e-05
  Epoch 079 [1220/1443]  loss=0.0003  lr=3.65e-05
  Epoch 079 [1240/1443]  loss=0.0003  lr=3.64e-05
  Epoch 079 [1260/1443]  loss=0.0004  lr=3.64e-05
  Epoch 079 [1280/1443]  loss=0.0007  lr=3.64e-05
  Epoch 079 [1300/1443]  loss=0.0004  lr=3.63e-05
  Epoch 079 [1320/1443]  loss=0.0004  lr=3.63e-05
  Epoch 079 [1340/1443]  loss=0.0003  lr=3.62e-05
  Epoch 079 [1360/1443]  loss=0.0008  lr=3.62e-05
  Epoch 079 [1380/1443]  loss=0.0002  lr=3.61e-05
  Epoch 079 [1400/1443]  loss=0.0002  lr=3.61e-05
  Epoch 079 [1420/1443]  loss=0.0002  lr=3.60e-05
  Epoch 079 [1440/1443]  loss=0.0020  lr=3.60e-05

Epoch 079 done | avg_loss=0.0004 | val_mse_norm=0.0362 (α=0.0376 ζ=0.0349) | time=292.8s
  Checkpoint saved → /scratch/va2661/data/active_matter/checkpoints/supervised/latest.pt

  Epoch 080 [   0/1443]  loss=0.0005  lr=3.60e-05
  Epoch 080 [  20/1443]  loss=0.0001  lr=3.59e-05
  Epoch 080 [  40/1443]  loss=0.0003  lr=3.59e-05
  Epoch 080 [  60/1443]  loss=0.0005  lr=3.58e-05
  Epoch 080 [  80/1443]  loss=0.0002  lr=3.58e-05
  Epoch 080 [ 100/1443]  loss=0.0002  lr=3.57e-05
  Epoch 080 [ 120/1443]  loss=0.0003  lr=3.57e-05
  Epoch 080 [ 140/1443]  loss=0.0002  lr=3.57e-05
  Epoch 080 [ 160/1443]  loss=0.0003  lr=3.56e-05
  Epoch 080 [ 180/1443]  loss=0.0002  lr=3.56e-05
  Epoch 080 [ 200/1443]  loss=0.0008  lr=3.55e-05
  Epoch 080 [ 220/1443]  loss=0.0003  lr=3.55e-05
  Epoch 080 [ 240/1443]  loss=0.0003  lr=3.54e-05
  Epoch 080 [ 260/1443]  loss=0.0003  lr=3.54e-05
  Epoch 080 [ 280/1443]  loss=0.0005  lr=3.53e-05
  Epoch 080 [ 300/1443]  loss=0.0003  lr=3.53e-05
  Epoch 080 [ 320/1443]  loss=0.0018  lr=3.52e-05
  Epoch 080 [ 340/1443]  loss=0.0001  lr=3.52e-05
  Epoch 080 [ 360/1443]  loss=0.0005  lr=3.51e-05
  Epoch 080 [ 380/1443]  loss=0.0003  lr=3.51e-05
  Epoch 080 [ 400/1443]  loss=0.0004  lr=3.51e-05
  Epoch 080 [ 420/1443]  loss=0.0003  lr=3.50e-05
  Epoch 080 [ 440/1443]  loss=0.0002  lr=3.50e-05
  Epoch 080 [ 460/1443]  loss=0.0003  lr=3.49e-05
  Epoch 080 [ 480/1443]  loss=0.0003  lr=3.49e-05
  Epoch 080 [ 500/1443]  loss=0.0001  lr=3.48e-05
  Epoch 080 [ 520/1443]  loss=0.0002  lr=3.48e-05
  Epoch 080 [ 540/1443]  loss=0.0011  lr=3.47e-05
  Epoch 080 [ 560/1443]  loss=0.0002  lr=3.47e-05
  Epoch 080 [ 580/1443]  loss=0.0004  lr=3.46e-05
  Epoch 080 [ 600/1443]  loss=0.0004  lr=3.46e-05
  Epoch 080 [ 620/1443]  loss=0.0002  lr=3.45e-05
  Epoch 080 [ 640/1443]  loss=0.0006  lr=3.45e-05
  Epoch 080 [ 660/1443]  loss=0.0003  lr=3.45e-05
  Epoch 080 [ 680/1443]  loss=0.0005  lr=3.44e-05
  Epoch 080 [ 700/1443]  loss=0.0008  lr=3.44e-05
  Epoch 080 [ 720/1443]  loss=0.0001  lr=3.43e-05
  Epoch 080 [ 740/1443]  loss=0.0004  lr=3.43e-05
  Epoch 080 [ 760/1443]  loss=0.0001  lr=3.42e-05
  Epoch 080 [ 780/1443]  loss=0.0001  lr=3.42e-05
  Epoch 080 [ 800/1443]  loss=0.0004  lr=3.41e-05
  Epoch 080 [ 820/1443]  loss=0.0011  lr=3.41e-05
  Epoch 080 [ 840/1443]  loss=0.0002  lr=3.40e-05
  Epoch 080 [ 860/1443]  loss=0.0003  lr=3.40e-05
  Epoch 080 [ 880/1443]  loss=0.0002  lr=3.40e-05
  Epoch 080 [ 900/1443]  loss=0.0001  lr=3.39e-05
  Epoch 080 [ 920/1443]  loss=0.0003  lr=3.39e-05
  Epoch 080 [ 940/1443]  loss=0.0004  lr=3.38e-05
  Epoch 080 [ 960/1443]  loss=0.0003  lr=3.38e-05
  Epoch 080 [ 980/1443]  loss=0.0002  lr=3.37e-05
  Epoch 080 [1000/1443]  loss=0.0004  lr=3.37e-05
  Epoch 080 [1020/1443]  loss=0.0002  lr=3.36e-05
  Epoch 080 [1040/1443]  loss=0.0013  lr=3.36e-05
  Epoch 080 [1060/1443]  loss=0.0003  lr=3.36e-05
  Epoch 080 [1080/1443]  loss=0.0002  lr=3.35e-05
  Epoch 080 [1100/1443]  loss=0.0002  lr=3.35e-05
  Epoch 080 [1120/1443]  loss=0.0001  lr=3.34e-05
  Epoch 080 [1140/1443]  loss=0.0001  lr=3.34e-05
  Epoch 080 [1160/1443]  loss=0.0002  lr=3.33e-05
  Epoch 080 [1180/1443]  loss=0.0003  lr=3.33e-05
  Epoch 080 [1200/1443]  loss=0.0002  lr=3.32e-05
  Epoch 080 [1220/1443]  loss=0.0005  lr=3.32e-05
  Epoch 080 [1240/1443]  loss=0.0002  lr=3.31e-05
  Epoch 080 [1260/1443]  loss=0.0001  lr=3.31e-05
  Epoch 080 [1280/1443]  loss=0.0002  lr=3.31e-05
  Epoch 080 [1300/1443]  loss=0.0002  lr=3.30e-05
  Epoch 080 [1320/1443]  loss=0.0001  lr=3.30e-05
  Epoch 080 [1340/1443]  loss=0.0000  lr=3.29e-05
  Epoch 080 [1360/1443]  loss=0.0006  lr=3.29e-05
  Epoch 080 [1380/1443]  loss=0.0003  lr=3.28e-05
  Epoch 080 [1400/1443]  loss=0.0002  lr=3.28e-05
  Epoch 080 [1420/1443]  loss=0.0002  lr=3.27e-05
  Epoch 080 [1440/1443]  loss=0.0005  lr=3.27e-05

Epoch 080 done | avg_loss=0.0004 | val_mse_norm=0.0370 (α=0.0317 ζ=0.0424) | time=293.9s
  Checkpoint saved → /scratch/va2661/data/active_matter/checkpoints/supervised/latest.pt
  Checkpoint saved → /scratch/va2661/data/active_matter/checkpoints/supervised/epoch_0080.pt

  Epoch 081 [   0/1443]  loss=0.0002  lr=3.27e-05
  Epoch 081 [  20/1443]  loss=0.0005  lr=3.26e-05
  Epoch 081 [  40/1443]  loss=0.0005  lr=3.26e-05
  Epoch 081 [  60/1443]  loss=0.0003  lr=3.26e-05
  Epoch 081 [  80/1443]  loss=0.0001  lr=3.25e-05
  Epoch 081 [ 100/1443]  loss=0.0004  lr=3.25e-05
  Epoch 081 [ 120/1443]  loss=0.0002  lr=3.24e-05
  Epoch 081 [ 140/1443]  loss=0.0003  lr=3.24e-05
  Epoch 081 [ 160/1443]  loss=0.0022  lr=3.23e-05
  Epoch 081 [ 180/1443]  loss=0.0005  lr=3.23e-05
  Epoch 081 [ 200/1443]  loss=0.0002  lr=3.22e-05
  Epoch 081 [ 220/1443]  loss=0.0001  lr=3.22e-05
  Epoch 081 [ 240/1443]  loss=0.0003  lr=3.22e-05
  Epoch 081 [ 260/1443]  loss=0.0001  lr=3.21e-05
  Epoch 081 [ 280/1443]  loss=0.0003  lr=3.21e-05
  Epoch 081 [ 300/1443]  loss=0.0003  lr=3.20e-05
  Epoch 081 [ 320/1443]  loss=0.0006  lr=3.20e-05
  Epoch 081 [ 340/1443]  loss=0.0004  lr=3.19e-05
  Epoch 081 [ 360/1443]  loss=0.0002  lr=3.19e-05
  Epoch 081 [ 380/1443]  loss=0.0001  lr=3.19e-05
  Epoch 081 [ 400/1443]  loss=0.0003  lr=3.18e-05
  Epoch 081 [ 420/1443]  loss=0.0004  lr=3.18e-05
  Epoch 081 [ 440/1443]  loss=0.0002  lr=3.17e-05
  Epoch 081 [ 460/1443]  loss=0.0003  lr=3.17e-05
  Epoch 081 [ 480/1443]  loss=0.0004  lr=3.16e-05
  Epoch 081 [ 500/1443]  loss=0.0007  lr=3.16e-05
  Epoch 081 [ 520/1443]  loss=0.0003  lr=3.15e-05
  Epoch 081 [ 540/1443]  loss=0.0005  lr=3.15e-05
  Epoch 081 [ 560/1443]  loss=0.0001  lr=3.15e-05
  Epoch 081 [ 580/1443]  loss=0.0001  lr=3.14e-05
  Epoch 081 [ 600/1443]  loss=0.0004  lr=3.14e-05
  Epoch 081 [ 620/1443]  loss=0.0004  lr=3.13e-05
  Epoch 081 [ 640/1443]  loss=0.0002  lr=3.13e-05
  Epoch 081 [ 660/1443]  loss=0.0004  lr=3.12e-05
  Epoch 081 [ 680/1443]  loss=0.0002  lr=3.12e-05
  Epoch 081 [ 700/1443]  loss=0.0008  lr=3.12e-05
  Epoch 081 [ 720/1443]  loss=0.0010  lr=3.11e-05
  Epoch 081 [ 740/1443]  loss=0.0002  lr=3.11e-05
  Epoch 081 [ 760/1443]  loss=0.0002  lr=3.10e-05
  Epoch 081 [ 780/1443]  loss=0.0003  lr=3.10e-05
  Epoch 081 [ 800/1443]  loss=0.0003  lr=3.09e-05
  Epoch 081 [ 820/1443]  loss=0.0002  lr=3.09e-05
  Epoch 081 [ 840/1443]  loss=0.0002  lr=3.08e-05
  Epoch 081 [ 860/1443]  loss=0.0001  lr=3.08e-05
  Epoch 081 [ 880/1443]  loss=0.0004  lr=3.08e-05
  Epoch 081 [ 900/1443]  loss=0.0004  lr=3.07e-05
  Epoch 081 [ 920/1443]  loss=0.0002  lr=3.07e-05
  Epoch 081 [ 940/1443]  loss=0.0006  lr=3.06e-05
  Epoch 081 [ 960/1443]  loss=0.0003  lr=3.06e-05
  Epoch 081 [ 980/1443]  loss=0.0001  lr=3.05e-05
  Epoch 081 [1000/1443]  loss=0.0002  lr=3.05e-05
  Epoch 081 [1020/1443]  loss=0.0003  lr=3.05e-05
  Epoch 081 [1040/1443]  loss=0.0002  lr=3.04e-05
  Epoch 081 [1060/1443]  loss=0.0001  lr=3.04e-05
  Epoch 081 [1080/1443]  loss=0.0173  lr=3.03e-05
  Epoch 081 [1100/1443]  loss=0.0002  lr=3.03e-05
  Epoch 081 [1120/1443]  loss=0.0008  lr=3.02e-05
  Epoch 081 [1140/1443]  loss=0.0004  lr=3.02e-05
  Epoch 081 [1160/1443]  loss=0.0003  lr=3.02e-05
  Epoch 081 [1180/1443]  loss=0.0002  lr=3.01e-05
  Epoch 081 [1200/1443]  loss=0.0002  lr=3.01e-05
  Epoch 081 [1220/1443]  loss=0.0003  lr=3.00e-05
  Epoch 081 [1240/1443]  loss=0.0003  lr=3.00e-05
  Epoch 081 [1260/1443]  loss=0.0005  lr=2.99e-05
  Epoch 081 [1280/1443]  loss=0.0002  lr=2.99e-05
  Epoch 081 [1300/1443]  loss=0.0001  lr=2.99e-05
  Epoch 081 [1320/1443]  loss=0.0003  lr=2.98e-05
  Epoch 081 [1340/1443]  loss=0.0001  lr=2.98e-05
  Epoch 081 [1360/1443]  loss=0.0003  lr=2.97e-05
  Epoch 081 [1380/1443]  loss=0.0002  lr=2.97e-05
  Epoch 081 [1400/1443]  loss=0.0001  lr=2.96e-05
  Epoch 081 [1420/1443]  loss=0.0004  lr=2.96e-05
  Epoch 081 [1440/1443]  loss=0.0002  lr=2.96e-05

Epoch 081 done | avg_loss=0.0004 | val_mse_norm=0.0351 (α=0.0346 ζ=0.0356) | time=294.0s
  Checkpoint saved → /scratch/va2661/data/active_matter/checkpoints/supervised/latest.pt

  Epoch 082 [   0/1443]  loss=0.0003  lr=2.96e-05
  Epoch 082 [  20/1443]  loss=0.0001  lr=2.95e-05
  Epoch 082 [  40/1443]  loss=0.0001  lr=2.95e-05
  Epoch 082 [  60/1443]  loss=0.0003  lr=2.94e-05
  Epoch 082 [  80/1443]  loss=0.0001  lr=2.94e-05
  Epoch 082 [ 100/1443]  loss=0.0002  lr=2.93e-05
  Epoch 082 [ 120/1443]  loss=0.0003  lr=2.93e-05
  Epoch 082 [ 140/1443]  loss=0.0008  lr=2.93e-05
  Epoch 082 [ 160/1443]  loss=0.0003  lr=2.92e-05
  Epoch 082 [ 180/1443]  loss=0.0003  lr=2.92e-05
  Epoch 082 [ 200/1443]  loss=0.0002  lr=2.91e-05
  Epoch 082 [ 220/1443]  loss=0.0003  lr=2.91e-05
  Epoch 082 [ 240/1443]  loss=0.0002  lr=2.90e-05
  Epoch 082 [ 260/1443]  loss=0.0003  lr=2.90e-05
  Epoch 082 [ 280/1443]  loss=0.0002  lr=2.90e-05
  Epoch 082 [ 300/1443]  loss=0.0001  lr=2.89e-05
  Epoch 082 [ 320/1443]  loss=0.0002  lr=2.89e-05
  Epoch 082 [ 340/1443]  loss=0.0003  lr=2.88e-05
  Epoch 082 [ 360/1443]  loss=0.0002  lr=2.88e-05
  Epoch 082 [ 380/1443]  loss=0.0010  lr=2.87e-05
  Epoch 082 [ 400/1443]  loss=0.0002  lr=2.87e-05
  Epoch 082 [ 420/1443]  loss=0.0001  lr=2.87e-05
  Epoch 082 [ 440/1443]  loss=0.0002  lr=2.86e-05
  Epoch 082 [ 460/1443]  loss=0.0001  lr=2.86e-05
  Epoch 082 [ 480/1443]  loss=0.0003  lr=2.85e-05
  Epoch 082 [ 500/1443]  loss=0.0001  lr=2.85e-05
  Epoch 082 [ 520/1443]  loss=0.0001  lr=2.85e-05
  Epoch 082 [ 540/1443]  loss=0.0002  lr=2.84e-05
  Epoch 082 [ 560/1443]  loss=0.0001  lr=2.84e-05
  Epoch 082 [ 580/1443]  loss=0.0005  lr=2.83e-05
  Epoch 082 [ 600/1443]  loss=0.0011  lr=2.83e-05
  Epoch 082 [ 620/1443]  loss=0.0001  lr=2.82e-05
  Epoch 082 [ 640/1443]  loss=0.0002  lr=2.82e-05
  Epoch 082 [ 660/1443]  loss=0.0002  lr=2.82e-05
  Epoch 082 [ 680/1443]  loss=0.0002  lr=2.81e-05
  Epoch 082 [ 700/1443]  loss=0.0001  lr=2.81e-05
  Epoch 082 [ 720/1443]  loss=0.0001  lr=2.80e-05
  Epoch 082 [ 740/1443]  loss=0.0002  lr=2.80e-05
  Epoch 082 [ 760/1443]  loss=0.0002  lr=2.80e-05
  Epoch 082 [ 780/1443]  loss=0.0003  lr=2.79e-05
  Epoch 082 [ 800/1443]  loss=0.0002  lr=2.79e-05
  Epoch 082 [ 820/1443]  loss=0.0001  lr=2.78e-05
  Epoch 082 [ 840/1443]  loss=0.0003  lr=2.78e-05
  Epoch 082 [ 860/1443]  loss=0.0003  lr=2.78e-05
  Epoch 082 [ 880/1443]  loss=0.0002  lr=2.77e-05
  Epoch 082 [ 900/1443]  loss=0.0001  lr=2.77e-05
  Epoch 082 [ 920/1443]  loss=0.0001  lr=2.76e-05
  Epoch 082 [ 940/1443]  loss=0.0002  lr=2.76e-05
  Epoch 082 [ 960/1443]  loss=0.0004  lr=2.75e-05
  Epoch 082 [ 980/1443]  loss=0.0002  lr=2.75e-05
  Epoch 082 [1000/1443]  loss=0.0001  lr=2.75e-05
  Epoch 082 [1020/1443]  loss=0.0002  lr=2.74e-05
  Epoch 082 [1040/1443]  loss=0.0002  lr=2.74e-05
  Epoch 082 [1060/1443]  loss=0.0000  lr=2.73e-05
  Epoch 082 [1080/1443]  loss=0.0002  lr=2.73e-05
  Epoch 082 [1100/1443]  loss=0.0003  lr=2.73e-05
  Epoch 082 [1120/1443]  loss=0.0001  lr=2.72e-05
  Epoch 082 [1140/1443]  loss=0.0001  lr=2.72e-05
  Epoch 082 [1160/1443]  loss=0.0002  lr=2.71e-05
  Epoch 082 [1180/1443]  loss=0.0002  lr=2.71e-05
  Epoch 082 [1200/1443]  loss=0.0003  lr=2.71e-05
  Epoch 082 [1220/1443]  loss=0.0002  lr=2.70e-05
  Epoch 082 [1240/1443]  loss=0.0002  lr=2.70e-05
  Epoch 082 [1260/1443]  loss=0.0001  lr=2.69e-05
  Epoch 082 [1280/1443]  loss=0.0001  lr=2.69e-05
  Epoch 082 [1300/1443]  loss=0.0002  lr=2.68e-05
  Epoch 082 [1320/1443]  loss=0.0003  lr=2.68e-05
  Epoch 082 [1340/1443]  loss=0.0003  lr=2.68e-05
  Epoch 082 [1360/1443]  loss=0.0003  lr=2.67e-05
  Epoch 082 [1380/1443]  loss=0.0004  lr=2.67e-05
  Epoch 082 [1400/1443]  loss=0.0002  lr=2.66e-05
  Epoch 082 [1420/1443]  loss=0.0002  lr=2.66e-05
  Epoch 082 [1440/1443]  loss=0.0003  lr=2.66e-05

Epoch 082 done | avg_loss=0.0003 | val_mse_norm=0.0349 (α=0.0251 ζ=0.0447) | time=293.1s
  Checkpoint saved → /scratch/va2661/data/active_matter/checkpoints/supervised/latest.pt

  Epoch 083 [   0/1443]  loss=0.0002  lr=2.66e-05
  Epoch 083 [  20/1443]  loss=0.0001  lr=2.65e-05
  Epoch 083 [  40/1443]  loss=0.0003  lr=2.65e-05
  Epoch 083 [  60/1443]  loss=0.0003  lr=2.64e-05
  Epoch 083 [  80/1443]  loss=0.0001  lr=2.64e-05
  Epoch 083 [ 100/1443]  loss=0.0002  lr=2.64e-05
  Epoch 083 [ 120/1443]  loss=0.0002  lr=2.63e-05
  Epoch 083 [ 140/1443]  loss=0.0002  lr=2.63e-05
  Epoch 083 [ 160/1443]  loss=0.0002  lr=2.62e-05
  Epoch 083 [ 180/1443]  loss=0.0003  lr=2.62e-05
  Epoch 083 [ 200/1443]  loss=0.0022  lr=2.62e-05
  Epoch 083 [ 220/1443]  loss=0.0002  lr=2.61e-05
  Epoch 083 [ 240/1443]  loss=0.0001  lr=2.61e-05
  Epoch 083 [ 260/1443]  loss=0.0002  lr=2.60e-05
  Epoch 083 [ 280/1443]  loss=0.0002  lr=2.60e-05
  Epoch 083 [ 300/1443]  loss=0.0001  lr=2.60e-05
  Epoch 083 [ 320/1443]  loss=0.0005  lr=2.59e-05
  Epoch 083 [ 340/1443]  loss=0.0002  lr=2.59e-05
  Epoch 083 [ 360/1443]  loss=0.0005  lr=2.58e-05
  Epoch 083 [ 380/1443]  loss=0.0003  lr=2.58e-05
  Epoch 083 [ 400/1443]  loss=0.0004  lr=2.58e-05
  Epoch 083 [ 420/1443]  loss=0.0002  lr=2.57e-05
  Epoch 083 [ 440/1443]  loss=0.0001  lr=2.57e-05
  Epoch 083 [ 460/1443]  loss=0.0001  lr=2.56e-05
  Epoch 083 [ 480/1443]  loss=0.0001  lr=2.56e-05
  Epoch 083 [ 500/1443]  loss=0.0005  lr=2.56e-05
  Epoch 083 [ 520/1443]  loss=0.0002  lr=2.55e-05
  Epoch 083 [ 540/1443]  loss=0.0001  lr=2.55e-05
  Epoch 083 [ 560/1443]  loss=0.0002  lr=2.54e-05
  Epoch 083 [ 580/1443]  loss=0.0003  lr=2.54e-05
  Epoch 083 [ 600/1443]  loss=0.0004  lr=2.54e-05
  Epoch 083 [ 620/1443]  loss=0.0002  lr=2.53e-05
  Epoch 083 [ 640/1443]  loss=0.0001  lr=2.53e-05
  Epoch 083 [ 660/1443]  loss=0.0003  lr=2.52e-05
  Epoch 083 [ 680/1443]  loss=0.0001  lr=2.52e-05
  Epoch 083 [ 700/1443]  loss=0.0002  lr=2.52e-05
  Epoch 083 [ 720/1443]  loss=0.0004  lr=2.51e-05
  Epoch 083 [ 740/1443]  loss=0.0001  lr=2.51e-05
  Epoch 083 [ 760/1443]  loss=0.0002  lr=2.50e-05
  Epoch 083 [ 780/1443]  loss=0.0005  lr=2.50e-05
  Epoch 083 [ 800/1443]  loss=0.0004  lr=2.50e-05
  Epoch 083 [ 820/1443]  loss=0.0002  lr=2.49e-05
  Epoch 083 [ 840/1443]  loss=0.0001  lr=2.49e-05
  Epoch 083 [ 860/1443]  loss=0.0003  lr=2.48e-05
  Epoch 083 [ 880/1443]  loss=0.0003  lr=2.48e-05
  Epoch 083 [ 900/1443]  loss=0.0002  lr=2.48e-05
  Epoch 083 [ 920/1443]  loss=0.0001  lr=2.47e-05
  Epoch 083 [ 940/1443]  loss=0.0002  lr=2.47e-05
  Epoch 083 [ 960/1443]  loss=0.0002  lr=2.47e-05
  Epoch 083 [ 980/1443]  loss=0.0004  lr=2.46e-05
  Epoch 083 [1000/1443]  loss=0.0001  lr=2.46e-05
  Epoch 083 [1020/1443]  loss=0.0001  lr=2.45e-05
  Epoch 083 [1040/1443]  loss=0.0003  lr=2.45e-05
  Epoch 083 [1060/1443]  loss=0.0003  lr=2.45e-05
  Epoch 083 [1080/1443]  loss=0.0001  lr=2.44e-05
  Epoch 083 [1100/1443]  loss=0.0001  lr=2.44e-05
  Epoch 083 [1120/1443]  loss=0.0002  lr=2.43e-05
  Epoch 083 [1140/1443]  loss=0.0001  lr=2.43e-05
  Epoch 083 [1160/1443]  loss=0.0002  lr=2.43e-05
  Epoch 083 [1180/1443]  loss=0.0002  lr=2.42e-05
  Epoch 083 [1200/1443]  loss=0.0006  lr=2.42e-05
  Epoch 083 [1220/1443]  loss=0.0002  lr=2.41e-05
  Epoch 083 [1240/1443]  loss=0.0001  lr=2.41e-05
  Epoch 083 [1260/1443]  loss=0.0002  lr=2.41e-05
  Epoch 083 [1280/1443]  loss=0.0001  lr=2.40e-05
  Epoch 083 [1300/1443]  loss=0.0003  lr=2.40e-05
  Epoch 083 [1320/1443]  loss=0.0002  lr=2.40e-05
  Epoch 083 [1340/1443]  loss=0.0003  lr=2.39e-05
  Epoch 083 [1360/1443]  loss=0.0003  lr=2.39e-05
  Epoch 083 [1380/1443]  loss=0.0004  lr=2.38e-05
  Epoch 083 [1400/1443]  loss=0.0005  lr=2.38e-05
  Epoch 083 [1420/1443]  loss=0.0003  lr=2.38e-05
  Epoch 083 [1440/1443]  loss=0.0001  lr=2.37e-05

Epoch 083 done | avg_loss=0.0003 | val_mse_norm=0.0373 (α=0.0385 ζ=0.0362) | time=293.3s
  Checkpoint saved → /scratch/va2661/data/active_matter/checkpoints/supervised/latest.pt

  Epoch 084 [   0/1443]  loss=0.0006  lr=2.37e-05
  Epoch 084 [  20/1443]  loss=0.0003  lr=2.37e-05
  Epoch 084 [  40/1443]  loss=0.0002  lr=2.36e-05
  Epoch 084 [  60/1443]  loss=0.0004  lr=2.36e-05
  Epoch 084 [  80/1443]  loss=0.0004  lr=2.36e-05
  Epoch 084 [ 100/1443]  loss=0.0005  lr=2.35e-05
  Epoch 084 [ 120/1443]  loss=0.0008  lr=2.35e-05
  Epoch 084 [ 140/1443]  loss=0.0001  lr=2.34e-05
  Epoch 084 [ 160/1443]  loss=0.0001  lr=2.34e-05
  Epoch 084 [ 180/1443]  loss=0.0003  lr=2.34e-05
  Epoch 084 [ 200/1443]  loss=0.0003  lr=2.33e-05
  Epoch 084 [ 220/1443]  loss=0.0003  lr=2.33e-05
  Epoch 084 [ 240/1443]  loss=0.0001  lr=2.33e-05
  Epoch 084 [ 260/1443]  loss=0.0001  lr=2.32e-05
  Epoch 084 [ 280/1443]  loss=0.0001  lr=2.32e-05
  Epoch 084 [ 300/1443]  loss=0.0001  lr=2.31e-05
  Epoch 084 [ 320/1443]  loss=0.0003  lr=2.31e-05
  Epoch 084 [ 340/1443]  loss=0.0004  lr=2.31e-05
  Epoch 084 [ 360/1443]  loss=0.0002  lr=2.30e-05
  Epoch 084 [ 380/1443]  loss=0.0000  lr=2.30e-05
  Epoch 084 [ 400/1443]  loss=0.0004  lr=2.30e-05
  Epoch 084 [ 420/1443]  loss=0.0004  lr=2.29e-05
  Epoch 084 [ 440/1443]  loss=0.0004  lr=2.29e-05
  Epoch 084 [ 460/1443]  loss=0.0003  lr=2.28e-05
  Epoch 084 [ 480/1443]  loss=0.0005  lr=2.28e-05
  Epoch 084 [ 500/1443]  loss=0.0002  lr=2.28e-05
  Epoch 084 [ 520/1443]  loss=0.0005  lr=2.27e-05
  Epoch 084 [ 540/1443]  loss=0.0001  lr=2.27e-05
  Epoch 084 [ 560/1443]  loss=0.0001  lr=2.27e-05
  Epoch 084 [ 580/1443]  loss=0.0003  lr=2.26e-05
  Epoch 084 [ 600/1443]  loss=0.0014  lr=2.26e-05
  Epoch 084 [ 620/1443]  loss=0.0002  lr=2.25e-05
  Epoch 084 [ 640/1443]  loss=0.0001  lr=2.25e-05
  Epoch 084 [ 660/1443]  loss=0.0004  lr=2.25e-05
  Epoch 084 [ 680/1443]  loss=0.0001  lr=2.24e-05
  Epoch 084 [ 700/1443]  loss=0.0002  lr=2.24e-05
  Epoch 084 [ 720/1443]  loss=0.0001  lr=2.24e-05
  Epoch 084 [ 740/1443]  loss=0.0002  lr=2.23e-05
  Epoch 084 [ 760/1443]  loss=0.0001  lr=2.23e-05
  Epoch 084 [ 780/1443]  loss=0.0002  lr=2.22e-05
  Epoch 084 [ 800/1443]  loss=0.0003  lr=2.22e-05
  Epoch 084 [ 820/1443]  loss=0.0002  lr=2.22e-05
  Epoch 084 [ 840/1443]  loss=0.0001  lr=2.21e-05
  Epoch 084 [ 860/1443]  loss=0.0001  lr=2.21e-05
  Epoch 084 [ 880/1443]  loss=0.0002  lr=2.21e-05
  Epoch 084 [ 900/1443]  loss=0.0001  lr=2.20e-05
  Epoch 084 [ 920/1443]  loss=0.0002  lr=2.20e-05
  Epoch 084 [ 940/1443]  loss=0.0001  lr=2.19e-05
  Epoch 084 [ 960/1443]  loss=0.0002  lr=2.19e-05
  Epoch 084 [ 980/1443]  loss=0.0002  lr=2.19e-05
  Epoch 084 [1000/1443]  loss=0.0002  lr=2.18e-05
  Epoch 084 [1020/1443]  loss=0.0002  lr=2.18e-05
  Epoch 084 [1040/1443]  loss=0.0002  lr=2.18e-05
  Epoch 084 [1060/1443]  loss=0.0003  lr=2.17e-05
  Epoch 084 [1080/1443]  loss=0.0001  lr=2.17e-05
  Epoch 084 [1100/1443]  loss=0.0002  lr=2.17e-05
  Epoch 084 [1120/1443]  loss=0.0002  lr=2.16e-05
  Epoch 084 [1140/1443]  loss=0.0001  lr=2.16e-05
  Epoch 084 [1160/1443]  loss=0.0001  lr=2.15e-05
  Epoch 084 [1180/1443]  loss=0.0002  lr=2.15e-05
  Epoch 084 [1200/1443]  loss=0.0001  lr=2.15e-05
  Epoch 084 [1220/1443]  loss=0.0003  lr=2.14e-05
  Epoch 084 [1240/1443]  loss=0.0003  lr=2.14e-05
  Epoch 084 [1260/1443]  loss=0.0002  lr=2.14e-05
  Epoch 084 [1280/1443]  loss=0.0002  lr=2.13e-05
  Epoch 084 [1300/1443]  loss=0.0002  lr=2.13e-05
  Epoch 084 [1320/1443]  loss=0.0002  lr=2.13e-05
  Epoch 084 [1340/1443]  loss=0.0001  lr=2.12e-05
  Epoch 084 [1360/1443]  loss=0.0006  lr=2.12e-05
  Epoch 084 [1380/1443]  loss=0.0002  lr=2.11e-05
  Epoch 084 [1400/1443]  loss=0.0002  lr=2.11e-05
  Epoch 084 [1420/1443]  loss=0.0001  lr=2.11e-05
  Epoch 084 [1440/1443]  loss=0.0001  lr=2.10e-05

Epoch 084 done | avg_loss=0.0003 | val_mse_norm=0.0407 (α=0.0400 ζ=0.0414) | time=293.4s
  Checkpoint saved → /scratch/va2661/data/active_matter/checkpoints/supervised/latest.pt

  Epoch 085 [   0/1443]  loss=0.0012  lr=2.10e-05
  Epoch 085 [  20/1443]  loss=0.0002  lr=2.10e-05
  Epoch 085 [  40/1443]  loss=0.0001  lr=2.10e-05
  Epoch 085 [  60/1443]  loss=0.0002  lr=2.09e-05
  Epoch 085 [  80/1443]  loss=0.0002  lr=2.09e-05
  Epoch 085 [ 100/1443]  loss=0.0002  lr=2.08e-05
  Epoch 085 [ 120/1443]  loss=0.0003  lr=2.08e-05
  Epoch 085 [ 140/1443]  loss=0.0001  lr=2.08e-05
  Epoch 085 [ 160/1443]  loss=0.0002  lr=2.07e-05
  Epoch 085 [ 180/1443]  loss=0.0001  lr=2.07e-05
  Epoch 085 [ 200/1443]  loss=0.0003  lr=2.07e-05
  Epoch 085 [ 220/1443]  loss=0.0006  lr=2.06e-05
  Epoch 085 [ 240/1443]  loss=0.0002  lr=2.06e-05
  Epoch 085 [ 260/1443]  loss=0.0001  lr=2.06e-05
  Epoch 085 [ 280/1443]  loss=0.0001  lr=2.05e-05
  Epoch 085 [ 300/1443]  loss=0.0001  lr=2.05e-05
  Epoch 085 [ 320/1443]  loss=0.0001  lr=2.05e-05
  Epoch 085 [ 340/1443]  loss=0.0003  lr=2.04e-05
  Epoch 085 [ 360/1443]  loss=0.0001  lr=2.04e-05
  Epoch 085 [ 380/1443]  loss=0.0001  lr=2.03e-05
  Epoch 085 [ 400/1443]  loss=0.0002  lr=2.03e-05
  Epoch 085 [ 420/1443]  loss=0.0003  lr=2.03e-05
  Epoch 085 [ 440/1443]  loss=0.0006  lr=2.02e-05
  Epoch 085 [ 460/1443]  loss=0.0000  lr=2.02e-05
  Epoch 085 [ 480/1443]  loss=0.0002  lr=2.02e-05
  Epoch 085 [ 500/1443]  loss=0.0002  lr=2.01e-05
  Epoch 085 [ 520/1443]  loss=0.0001  lr=2.01e-05
  Epoch 085 [ 540/1443]  loss=0.0001  lr=2.01e-05
  Epoch 085 [ 560/1443]  loss=0.0003  lr=2.00e-05
  Epoch 085 [ 580/1443]  loss=0.0003  lr=2.00e-05
  Epoch 085 [ 600/1443]  loss=0.0002  lr=2.00e-05
  Epoch 085 [ 620/1443]  loss=0.0003  lr=1.99e-05
  Epoch 085 [ 640/1443]  loss=0.0004  lr=1.99e-05
  Epoch 085 [ 660/1443]  loss=0.0001  lr=1.99e-05
  Epoch 085 [ 680/1443]  loss=0.0003  lr=1.98e-05
  Epoch 085 [ 700/1443]  loss=0.0001  lr=1.98e-05
  Epoch 085 [ 720/1443]  loss=0.0002  lr=1.97e-05
  Epoch 085 [ 740/1443]  loss=0.0002  lr=1.97e-05
  Epoch 085 [ 760/1443]  loss=0.0001  lr=1.97e-05
  Epoch 085 [ 780/1443]  loss=0.0001  lr=1.96e-05
  Epoch 085 [ 800/1443]  loss=0.0001  lr=1.96e-05
  Epoch 085 [ 820/1443]  loss=0.0001  lr=1.96e-05
  Epoch 085 [ 840/1443]  loss=0.0003  lr=1.95e-05
  Epoch 085 [ 860/1443]  loss=0.0002  lr=1.95e-05
  Epoch 085 [ 880/1443]  loss=0.0001  lr=1.95e-05
  Epoch 085 [ 900/1443]  loss=0.0014  lr=1.94e-05
  Epoch 085 [ 920/1443]  loss=0.0006  lr=1.94e-05
  Epoch 085 [ 940/1443]  loss=0.0001  lr=1.94e-05
  Epoch 085 [ 960/1443]  loss=0.0002  lr=1.93e-05
  Epoch 085 [ 980/1443]  loss=0.0002  lr=1.93e-05
  Epoch 085 [1000/1443]  loss=0.0001  lr=1.93e-05
  Epoch 085 [1020/1443]  loss=0.0004  lr=1.92e-05
  Epoch 085 [1040/1443]  loss=0.0004  lr=1.92e-05
  Epoch 085 [1060/1443]  loss=0.0001  lr=1.92e-05
  Epoch 085 [1080/1443]  loss=0.0001  lr=1.91e-05
  Epoch 085 [1100/1443]  loss=0.0001  lr=1.91e-05
  Epoch 085 [1120/1443]  loss=0.0006  lr=1.91e-05
  Epoch 085 [1140/1443]  loss=0.0001  lr=1.90e-05
  Epoch 085 [1160/1443]  loss=0.0002  lr=1.90e-05
  Epoch 085 [1180/1443]  loss=0.0002  lr=1.89e-05
  Epoch 085 [1200/1443]  loss=0.0003  lr=1.89e-05
  Epoch 085 [1220/1443]  loss=0.0002  lr=1.89e-05
  Epoch 085 [1240/1443]  loss=0.0001  lr=1.88e-05
  Epoch 085 [1260/1443]  loss=0.0001  lr=1.88e-05
  Epoch 085 [1280/1443]  loss=0.0001  lr=1.88e-05
  Epoch 085 [1300/1443]  loss=0.0004  lr=1.87e-05
  Epoch 085 [1320/1443]  loss=0.0001  lr=1.87e-05
  Epoch 085 [1340/1443]  loss=0.0003  lr=1.87e-05
  Epoch 085 [1360/1443]  loss=0.0001  lr=1.86e-05
  Epoch 085 [1380/1443]  loss=0.0002  lr=1.86e-05
  Epoch 085 [1400/1443]  loss=0.0005  lr=1.86e-05
  Epoch 085 [1420/1443]  loss=0.0001  lr=1.85e-05
  Epoch 085 [1440/1443]  loss=0.0001  lr=1.85e-05

Epoch 085 done | avg_loss=0.0002 | val_mse_norm=0.0342 (α=0.0321 ζ=0.0362) | time=294.2s
  Checkpoint saved → /scratch/va2661/data/active_matter/checkpoints/supervised/latest.pt

  Epoch 086 [   0/1443]  loss=0.0003  lr=1.85e-05
  Epoch 086 [  20/1443]  loss=0.0001  lr=1.85e-05
  Epoch 086 [  40/1443]  loss=0.0002  lr=1.84e-05
  Epoch 086 [  60/1443]  loss=0.0003  lr=1.84e-05
  Epoch 086 [  80/1443]  loss=0.0002  lr=1.84e-05
  Epoch 086 [ 100/1443]  loss=0.0003  lr=1.83e-05
  Epoch 086 [ 120/1443]  loss=0.0001  lr=1.83e-05
  Epoch 086 [ 140/1443]  loss=0.0004  lr=1.83e-05
  Epoch 086 [ 160/1443]  loss=0.0002  lr=1.82e-05
  Epoch 086 [ 180/1443]  loss=0.0001  lr=1.82e-05
  Epoch 086 [ 200/1443]  loss=0.0002  lr=1.82e-05
  Epoch 086 [ 220/1443]  loss=0.0000  lr=1.81e-05
  Epoch 086 [ 240/1443]  loss=0.0002  lr=1.81e-05
  Epoch 086 [ 260/1443]  loss=0.0002  lr=1.81e-05
  Epoch 086 [ 280/1443]  loss=0.0002  lr=1.80e-05
  Epoch 086 [ 300/1443]  loss=0.0004  lr=1.80e-05
  Epoch 086 [ 320/1443]  loss=0.0003  lr=1.80e-05
  Epoch 086 [ 340/1443]  loss=0.0007  lr=1.79e-05
  Epoch 086 [ 360/1443]  loss=0.0003  lr=1.79e-05
  Epoch 086 [ 380/1443]  loss=0.0001  lr=1.79e-05
  Epoch 086 [ 400/1443]  loss=0.0003  lr=1.78e-05
  Epoch 086 [ 420/1443]  loss=0.0001  lr=1.78e-05
  Epoch 086 [ 440/1443]  loss=0.0001  lr=1.78e-05
  Epoch 086 [ 460/1443]  loss=0.0003  lr=1.77e-05
  Epoch 086 [ 480/1443]  loss=0.0001  lr=1.77e-05
  Epoch 086 [ 500/1443]  loss=0.0001  lr=1.77e-05
  Epoch 086 [ 520/1443]  loss=0.0001  lr=1.76e-05
  Epoch 086 [ 540/1443]  loss=0.0010  lr=1.76e-05
  Epoch 086 [ 560/1443]  loss=0.0003  lr=1.76e-05
  Epoch 086 [ 580/1443]  loss=0.0003  lr=1.75e-05
  Epoch 086 [ 600/1443]  loss=0.0002  lr=1.75e-05
  Epoch 086 [ 620/1443]  loss=0.0006  lr=1.75e-05
  Epoch 086 [ 640/1443]  loss=0.0002  lr=1.74e-05
  Epoch 086 [ 660/1443]  loss=0.0005  lr=1.74e-05
  Epoch 086 [ 680/1443]  loss=0.0001  lr=1.74e-05
  Epoch 086 [ 700/1443]  loss=0.0001  lr=1.73e-05
  Epoch 086 [ 720/1443]  loss=0.0001  lr=1.73e-05
  Epoch 086 [ 740/1443]  loss=0.0001  lr=1.73e-05
  Epoch 086 [ 760/1443]  loss=0.0001  lr=1.72e-05
  Epoch 086 [ 780/1443]  loss=0.0003  lr=1.72e-05
  Epoch 086 [ 800/1443]  loss=0.0005  lr=1.72e-05
  Epoch 086 [ 820/1443]  loss=0.0003  lr=1.71e-05
  Epoch 086 [ 840/1443]  loss=0.0001  lr=1.71e-05
  Epoch 086 [ 860/1443]  loss=0.0006  lr=1.71e-05
  Epoch 086 [ 880/1443]  loss=0.0007  lr=1.70e-05
  Epoch 086 [ 900/1443]  loss=0.0003  lr=1.70e-05
  Epoch 086 [ 920/1443]  loss=0.0001  lr=1.70e-05
  Epoch 086 [ 940/1443]  loss=0.0002  lr=1.69e-05
  Epoch 086 [ 960/1443]  loss=0.0002  lr=1.69e-05
  Epoch 086 [ 980/1443]  loss=0.0002  lr=1.69e-05
  Epoch 086 [1000/1443]  loss=0.0002  lr=1.68e-05
  Epoch 086 [1020/1443]  loss=0.0001  lr=1.68e-05
  Epoch 086 [1040/1443]  loss=0.0002  lr=1.68e-05
  Epoch 086 [1060/1443]  loss=0.0001  lr=1.67e-05
  Epoch 086 [1080/1443]  loss=0.0001  lr=1.67e-05
  Epoch 086 [1100/1443]  loss=0.0001  lr=1.67e-05
  Epoch 086 [1120/1443]  loss=0.0002  lr=1.66e-05
  Epoch 086 [1140/1443]  loss=0.0005  lr=1.66e-05
  Epoch 086 [1160/1443]  loss=0.0001  lr=1.66e-05
  Epoch 086 [1180/1443]  loss=0.0002  lr=1.65e-05
  Epoch 086 [1200/1443]  loss=0.0002  lr=1.65e-05
  Epoch 086 [1220/1443]  loss=0.0003  lr=1.65e-05
  Epoch 086 [1240/1443]  loss=0.0002  lr=1.65e-05
  Epoch 086 [1260/1443]  loss=0.0001  lr=1.64e-05
  Epoch 086 [1280/1443]  loss=0.0001  lr=1.64e-05
  Epoch 086 [1300/1443]  loss=0.0002  lr=1.64e-05
  Epoch 086 [1320/1443]  loss=0.0004  lr=1.63e-05
  Epoch 086 [1340/1443]  loss=0.0001  lr=1.63e-05
  Epoch 086 [1360/1443]  loss=0.0001  lr=1.63e-05
  Epoch 086 [1380/1443]  loss=0.0001  lr=1.62e-05
  Epoch 086 [1400/1443]  loss=0.0001  lr=1.62e-05
  Epoch 086 [1420/1443]  loss=0.0001  lr=1.62e-05
  Epoch 086 [1440/1443]  loss=0.0008  lr=1.61e-05

Epoch 086 done | avg_loss=0.0002 | val_mse_norm=0.0354 (α=0.0380 ζ=0.0328) | time=294.6s
  Checkpoint saved → /scratch/va2661/data/active_matter/checkpoints/supervised/latest.pt

  Epoch 087 [   0/1443]  loss=0.0002  lr=1.61e-05
  Epoch 087 [  20/1443]  loss=0.0001  lr=1.61e-05
  Epoch 087 [  40/1443]  loss=0.0001  lr=1.61e-05
  Epoch 087 [  60/1443]  loss=0.0002  lr=1.60e-05
  Epoch 087 [  80/1443]  loss=0.0001  lr=1.60e-05
  Epoch 087 [ 100/1443]  loss=0.0003  lr=1.60e-05
  Epoch 087 [ 120/1443]  loss=0.0002  lr=1.59e-05
  Epoch 087 [ 140/1443]  loss=0.0003  lr=1.59e-05
  Epoch 087 [ 160/1443]  loss=0.0002  lr=1.59e-05
  Epoch 087 [ 180/1443]  loss=0.0002  lr=1.58e-05
  Epoch 087 [ 200/1443]  loss=0.0002  lr=1.58e-05
  Epoch 087 [ 220/1443]  loss=0.0004  lr=1.58e-05
  Epoch 087 [ 240/1443]  loss=0.0002  lr=1.58e-05
  Epoch 087 [ 260/1443]  loss=0.0001  lr=1.57e-05
  Epoch 087 [ 280/1443]  loss=0.0003  lr=1.57e-05
  Epoch 087 [ 300/1443]  loss=0.0003  lr=1.57e-05
  Epoch 087 [ 320/1443]  loss=0.0005  lr=1.56e-05
  Epoch 087 [ 340/1443]  loss=0.0006  lr=1.56e-05
  Epoch 087 [ 360/1443]  loss=0.0001  lr=1.56e-05
  Epoch 087 [ 380/1443]  loss=0.0001  lr=1.55e-05
  Epoch 087 [ 400/1443]  loss=0.0002  lr=1.55e-05
  Epoch 087 [ 420/1443]  loss=0.0001  lr=1.55e-05
  Epoch 087 [ 440/1443]  loss=0.0001  lr=1.54e-05
  Epoch 087 [ 460/1443]  loss=0.0001  lr=1.54e-05
  Epoch 087 [ 480/1443]  loss=0.0001  lr=1.54e-05
  Epoch 087 [ 500/1443]  loss=0.0001  lr=1.53e-05
  Epoch 087 [ 520/1443]  loss=0.0002  lr=1.53e-05
  Epoch 087 [ 540/1443]  loss=0.0002  lr=1.53e-05
  Epoch 087 [ 560/1443]  loss=0.0010  lr=1.53e-05
  Epoch 087 [ 580/1443]  loss=0.0003  lr=1.52e-05
  Epoch 087 [ 600/1443]  loss=0.0003  lr=1.52e-05
  Epoch 087 [ 620/1443]  loss=0.0000  lr=1.52e-05
  Epoch 087 [ 640/1443]  loss=0.0001  lr=1.51e-05
  Epoch 087 [ 660/1443]  loss=0.0018  lr=1.51e-05
  Epoch 087 [ 680/1443]  loss=0.0002  lr=1.51e-05
  Epoch 087 [ 700/1443]  loss=0.0004  lr=1.50e-05
  Epoch 087 [ 720/1443]  loss=0.0001  lr=1.50e-05
  Epoch 087 [ 740/1443]  loss=0.0001  lr=1.50e-05
  Epoch 087 [ 760/1443]  loss=0.0001  lr=1.49e-05
  Epoch 087 [ 780/1443]  loss=0.0001  lr=1.49e-05
  Epoch 087 [ 800/1443]  loss=0.0002  lr=1.49e-05
  Epoch 087 [ 820/1443]  loss=0.0003  lr=1.49e-05
  Epoch 087 [ 840/1443]  loss=0.0002  lr=1.48e-05
  Epoch 087 [ 860/1443]  loss=0.0001  lr=1.48e-05
  Epoch 087 [ 880/1443]  loss=0.0002  lr=1.48e-05
  Epoch 087 [ 900/1443]  loss=0.0002  lr=1.47e-05
  Epoch 087 [ 920/1443]  loss=0.0001  lr=1.47e-05
  Epoch 087 [ 940/1443]  loss=0.0001  lr=1.47e-05
  Epoch 087 [ 960/1443]  loss=0.0004  lr=1.46e-05
  Epoch 087 [ 980/1443]  loss=0.0003  lr=1.46e-05
  Epoch 087 [1000/1443]  loss=0.0001  lr=1.46e-05
  Epoch 087 [1020/1443]  loss=0.0001  lr=1.46e-05
  Epoch 087 [1040/1443]  loss=0.0002  lr=1.45e-05
  Epoch 087 [1060/1443]  loss=0.0003  lr=1.45e-05
  Epoch 087 [1080/1443]  loss=0.0002  lr=1.45e-05
  Epoch 087 [1100/1443]  loss=0.0002  lr=1.44e-05
  Epoch 087 [1120/1443]  loss=0.0003  lr=1.44e-05
  Epoch 087 [1140/1443]  loss=0.0002  lr=1.44e-05
  Epoch 087 [1160/1443]  loss=0.0003  lr=1.43e-05
  Epoch 087 [1180/1443]  loss=0.0001  lr=1.43e-05
  Epoch 087 [1200/1443]  loss=0.0002  lr=1.43e-05
  Epoch 087 [1220/1443]  loss=0.0002  lr=1.43e-05
  Epoch 087 [1240/1443]  loss=0.0001  lr=1.42e-05
  Epoch 087 [1260/1443]  loss=0.0002  lr=1.42e-05
  Epoch 087 [1280/1443]  loss=0.0003  lr=1.42e-05
  Epoch 087 [1300/1443]  loss=0.0001  lr=1.41e-05
  Epoch 087 [1320/1443]  loss=0.0003  lr=1.41e-05
  Epoch 087 [1340/1443]  loss=0.0001  lr=1.41e-05
  Epoch 087 [1360/1443]  loss=0.0004  lr=1.40e-05
  Epoch 087 [1380/1443]  loss=0.0002  lr=1.40e-05
  Epoch 087 [1400/1443]  loss=0.0001  lr=1.40e-05
  Epoch 087 [1420/1443]  loss=0.0001  lr=1.40e-05
  Epoch 087 [1440/1443]  loss=0.0007  lr=1.39e-05

Epoch 087 done | avg_loss=0.0002 | val_mse_norm=0.0402 (α=0.0460 ζ=0.0343) | time=295.9s
  Checkpoint saved → /scratch/va2661/data/active_matter/checkpoints/supervised/latest.pt

  Epoch 088 [   0/1443]  loss=0.0002  lr=1.39e-05
  Epoch 088 [  20/1443]  loss=0.0001  lr=1.39e-05
  Epoch 088 [  40/1443]  loss=0.0003  lr=1.39e-05
  Epoch 088 [  60/1443]  loss=0.0002  lr=1.38e-05
  Epoch 088 [  80/1443]  loss=0.0001  lr=1.38e-05
  Epoch 088 [ 100/1443]  loss=0.0003  lr=1.38e-05
  Epoch 088 [ 120/1443]  loss=0.0001  lr=1.37e-05
  Epoch 088 [ 140/1443]  loss=0.0001  lr=1.37e-05
  Epoch 088 [ 160/1443]  loss=0.0001  lr=1.37e-05
  Epoch 088 [ 180/1443]  loss=0.0002  lr=1.37e-05
  Epoch 088 [ 200/1443]  loss=0.0003  lr=1.36e-05
  Epoch 088 [ 220/1443]  loss=0.0006  lr=1.36e-05
  Epoch 088 [ 240/1443]  loss=0.0001  lr=1.36e-05
  Epoch 088 [ 260/1443]  loss=0.0001  lr=1.35e-05
  Epoch 088 [ 280/1443]  loss=0.0003  lr=1.35e-05
  Epoch 088 [ 300/1443]  loss=0.0001  lr=1.35e-05
  Epoch 088 [ 320/1443]  loss=0.0007  lr=1.35e-05
  Epoch 088 [ 340/1443]  loss=0.0001  lr=1.34e-05
  Epoch 088 [ 360/1443]  loss=0.0002  lr=1.34e-05
  Epoch 088 [ 380/1443]  loss=0.0003  lr=1.34e-05
  Epoch 088 [ 400/1443]  loss=0.0002  lr=1.33e-05
  Epoch 088 [ 420/1443]  loss=0.0001  lr=1.33e-05
  Epoch 088 [ 440/1443]  loss=0.0001  lr=1.33e-05
  Epoch 088 [ 460/1443]  loss=0.0004  lr=1.33e-05
  Epoch 088 [ 480/1443]  loss=0.0001  lr=1.32e-05
  Epoch 088 [ 500/1443]  loss=0.0001  lr=1.32e-05
  Epoch 088 [ 520/1443]  loss=0.0001  lr=1.32e-05
  Epoch 088 [ 540/1443]  loss=0.0002  lr=1.31e-05
  Epoch 088 [ 560/1443]  loss=0.0003  lr=1.31e-05
  Epoch 088 [ 580/1443]  loss=0.0001  lr=1.31e-05
  Epoch 088 [ 600/1443]  loss=0.0001  lr=1.31e-05
  Epoch 088 [ 620/1443]  loss=0.0001  lr=1.30e-05
  Epoch 088 [ 640/1443]  loss=0.0001  lr=1.30e-05
  Epoch 088 [ 660/1443]  loss=0.0001  lr=1.30e-05
  Epoch 088 [ 680/1443]  loss=0.0001  lr=1.29e-05
  Epoch 088 [ 700/1443]  loss=0.0003  lr=1.29e-05
  Epoch 088 [ 720/1443]  loss=0.0001  lr=1.29e-05
  Epoch 088 [ 740/1443]  loss=0.0004  lr=1.29e-05
  Epoch 088 [ 760/1443]  loss=0.0004  lr=1.28e-05
  Epoch 088 [ 780/1443]  loss=0.0005  lr=1.28e-05
  Epoch 088 [ 800/1443]  loss=0.0001  lr=1.28e-05
  Epoch 088 [ 820/1443]  loss=0.0002  lr=1.27e-05
  Epoch 088 [ 840/1443]  loss=0.0001  lr=1.27e-05
  Epoch 088 [ 860/1443]  loss=0.0002  lr=1.27e-05
  Epoch 088 [ 880/1443]  loss=0.0003  lr=1.27e-05
  Epoch 088 [ 900/1443]  loss=0.0001  lr=1.26e-05
  Epoch 088 [ 920/1443]  loss=0.0002  lr=1.26e-05
  Epoch 088 [ 940/1443]  loss=0.0001  lr=1.26e-05
  Epoch 088 [ 960/1443]  loss=0.0002  lr=1.25e-05
  Epoch 088 [ 980/1443]  loss=0.0002  lr=1.25e-05
  Epoch 088 [1000/1443]  loss=0.0001  lr=1.25e-05
  Epoch 088 [1020/1443]  loss=0.0001  lr=1.25e-05
  Epoch 088 [1040/1443]  loss=0.0001  lr=1.24e-05
  Epoch 088 [1060/1443]  loss=0.0001  lr=1.24e-05
  Epoch 088 [1080/1443]  loss=0.0001  lr=1.24e-05
  Epoch 088 [1100/1443]  loss=0.0002  lr=1.24e-05
  Epoch 088 [1120/1443]  loss=0.0001  lr=1.23e-05
  Epoch 088 [1140/1443]  loss=0.0001  lr=1.23e-05
  Epoch 088 [1160/1443]  loss=0.0001  lr=1.23e-05
  Epoch 088 [1180/1443]  loss=0.0000  lr=1.22e-05
  Epoch 088 [1200/1443]  loss=0.0002  lr=1.22e-05
  Epoch 088 [1220/1443]  loss=0.0001  lr=1.22e-05
  Epoch 088 [1240/1443]  loss=0.0003  lr=1.22e-05
  Epoch 088 [1260/1443]  loss=0.0001  lr=1.21e-05
  Epoch 088 [1280/1443]  loss=0.0001  lr=1.21e-05
  Epoch 088 [1300/1443]  loss=0.0002  lr=1.21e-05
  Epoch 088 [1320/1443]  loss=0.0001  lr=1.21e-05
  Epoch 088 [1340/1443]  loss=0.0001  lr=1.20e-05
  Epoch 088 [1360/1443]  loss=0.0001  lr=1.20e-05
  Epoch 088 [1380/1443]  loss=0.0000  lr=1.20e-05
  Epoch 088 [1400/1443]  loss=0.0001  lr=1.19e-05
  Epoch 088 [1420/1443]  loss=0.0001  lr=1.19e-05
  Epoch 088 [1440/1443]  loss=0.0000  lr=1.19e-05

Epoch 088 done | avg_loss=0.0002 | val_mse_norm=0.0380 (α=0.0402 ζ=0.0358) | time=293.0s
  Checkpoint saved → /scratch/va2661/data/active_matter/checkpoints/supervised/latest.pt

  Epoch 089 [   0/1443]  loss=0.0001  lr=1.19e-05
  Epoch 089 [  20/1443]  loss=0.0001  lr=1.19e-05
  Epoch 089 [  40/1443]  loss=0.0001  lr=1.18e-05
  Epoch 089 [  60/1443]  loss=0.0001  lr=1.18e-05
  Epoch 089 [  80/1443]  loss=0.0002  lr=1.18e-05
  Epoch 089 [ 100/1443]  loss=0.0001  lr=1.18e-05
  Epoch 089 [ 120/1443]  loss=0.0002  lr=1.17e-05
  Epoch 089 [ 140/1443]  loss=0.0001  lr=1.17e-05
  Epoch 089 [ 160/1443]  loss=0.0002  lr=1.17e-05
  Epoch 089 [ 180/1443]  loss=0.0002  lr=1.16e-05
  Epoch 089 [ 200/1443]  loss=0.0001  lr=1.16e-05
  Epoch 089 [ 220/1443]  loss=0.0001  lr=1.16e-05
  Epoch 089 [ 240/1443]  loss=0.0001  lr=1.16e-05
  Epoch 089 [ 260/1443]  loss=0.0002  lr=1.15e-05
  Epoch 089 [ 280/1443]  loss=0.0003  lr=1.15e-05
  Epoch 089 [ 300/1443]  loss=0.0002  lr=1.15e-05
  Epoch 089 [ 320/1443]  loss=0.0001  lr=1.15e-05
  Epoch 089 [ 340/1443]  loss=0.0003  lr=1.14e-05
  Epoch 089 [ 360/1443]  loss=0.0000  lr=1.14e-05
  Epoch 089 [ 380/1443]  loss=0.0002  lr=1.14e-05
  Epoch 089 [ 400/1443]  loss=0.0001  lr=1.14e-05
  Epoch 089 [ 420/1443]  loss=0.0001  lr=1.13e-05
  Epoch 089 [ 440/1443]  loss=0.0000  lr=1.13e-05
  Epoch 089 [ 460/1443]  loss=0.0003  lr=1.13e-05
  Epoch 089 [ 480/1443]  loss=0.0001  lr=1.12e-05
  Epoch 089 [ 500/1443]  loss=0.0002  lr=1.12e-05
  Epoch 089 [ 520/1443]  loss=0.0001  lr=1.12e-05
  Epoch 089 [ 540/1443]  loss=0.0000  lr=1.12e-05
  Epoch 089 [ 560/1443]  loss=0.0001  lr=1.11e-05
  Epoch 089 [ 580/1443]  loss=0.0001  lr=1.11e-05
  Epoch 089 [ 600/1443]  loss=0.0003  lr=1.11e-05
  Epoch 089 [ 620/1443]  loss=0.0001  lr=1.11e-05
  Epoch 089 [ 640/1443]  loss=0.0001  lr=1.10e-05
  Epoch 089 [ 660/1443]  loss=0.0001  lr=1.10e-05
  Epoch 089 [ 680/1443]  loss=0.0001  lr=1.10e-05
  Epoch 089 [ 700/1443]  loss=0.0008  lr=1.10e-05
  Epoch 089 [ 720/1443]  loss=0.0000  lr=1.09e-05
  Epoch 089 [ 740/1443]  loss=0.0000  lr=1.09e-05
  Epoch 089 [ 760/1443]  loss=0.0002  lr=1.09e-05
  Epoch 089 [ 780/1443]  loss=0.0001  lr=1.09e-05
  Epoch 089 [ 800/1443]  loss=0.0001  lr=1.08e-05
  Epoch 089 [ 820/1443]  loss=0.0001  lr=1.08e-05
  Epoch 089 [ 840/1443]  loss=0.0001  lr=1.08e-05
  Epoch 089 [ 860/1443]  loss=0.0002  lr=1.08e-05
  Epoch 089 [ 880/1443]  loss=0.0001  lr=1.07e-05
  Epoch 089 [ 900/1443]  loss=0.0001  lr=1.07e-05
  Epoch 089 [ 920/1443]  loss=0.0002  lr=1.07e-05
  Epoch 089 [ 940/1443]  loss=0.0001  lr=1.06e-05
  Epoch 089 [ 960/1443]  loss=0.0001  lr=1.06e-05
  Epoch 089 [ 980/1443]  loss=0.0001  lr=1.06e-05
  Epoch 089 [1000/1443]  loss=0.0002  lr=1.06e-05
  Epoch 089 [1020/1443]  loss=0.0003  lr=1.05e-05
  Epoch 089 [1040/1443]  loss=0.0001  lr=1.05e-05
  Epoch 089 [1060/1443]  loss=0.0001  lr=1.05e-05
  Epoch 089 [1080/1443]  loss=0.0002  lr=1.05e-05
  Epoch 089 [1100/1443]  loss=0.0001  lr=1.04e-05
  Epoch 089 [1120/1443]  loss=0.0003  lr=1.04e-05
  Epoch 089 [1140/1443]  loss=0.0001  lr=1.04e-05
  Epoch 089 [1160/1443]  loss=0.0001  lr=1.04e-05
  Epoch 089 [1180/1443]  loss=0.0003  lr=1.03e-05
  Epoch 089 [1200/1443]  loss=0.0001  lr=1.03e-05
  Epoch 089 [1220/1443]  loss=0.0001  lr=1.03e-05
  Epoch 089 [1240/1443]  loss=0.0001  lr=1.03e-05
  Epoch 089 [1260/1443]  loss=0.0002  lr=1.02e-05
  Epoch 089 [1280/1443]  loss=0.0001  lr=1.02e-05
  Epoch 089 [1300/1443]  loss=0.0001  lr=1.02e-05
  Epoch 089 [1320/1443]  loss=0.0001  lr=1.02e-05
  Epoch 089 [1340/1443]  loss=0.0002  lr=1.01e-05
  Epoch 089 [1360/1443]  loss=0.0001  lr=1.01e-05
  Epoch 089 [1380/1443]  loss=0.0002  lr=1.01e-05
  Epoch 089 [1400/1443]  loss=0.0001  lr=1.01e-05
  Epoch 089 [1420/1443]  loss=0.0001  lr=1.00e-05
  Epoch 089 [1440/1443]  loss=0.0001  lr=1.00e-05

Epoch 089 done | avg_loss=0.0002 | val_mse_norm=0.0409 (α=0.0416 ζ=0.0402) | time=294.2s
  Checkpoint saved → /scratch/va2661/data/active_matter/checkpoints/supervised/latest.pt

  Epoch 090 [   0/1443]  loss=0.0002  lr=1.00e-05
  Epoch 090 [  20/1443]  loss=0.0001  lr=9.99e-06
  Epoch 090 [  40/1443]  loss=0.0002  lr=9.97e-06
  Epoch 090 [  60/1443]  loss=0.0003  lr=9.94e-06
  Epoch 090 [  80/1443]  loss=0.0002  lr=9.92e-06
  Epoch 090 [ 100/1443]  loss=0.0001  lr=9.89e-06
  Epoch 090 [ 120/1443]  loss=0.0003  lr=9.87e-06
  Epoch 090 [ 140/1443]  loss=0.0002  lr=9.84e-06
  Epoch 090 [ 160/1443]  loss=0.0000  lr=9.82e-06
  Epoch 090 [ 180/1443]  loss=0.0002  lr=9.79e-06
  Epoch 090 [ 200/1443]  loss=0.0002  lr=9.77e-06
  Epoch 090 [ 220/1443]  loss=0.0001  lr=9.75e-06
  Epoch 090 [ 240/1443]  loss=0.0001  lr=9.72e-06
  Epoch 090 [ 260/1443]  loss=0.0000  lr=9.70e-06
  Epoch 090 [ 280/1443]  loss=0.0001  lr=9.67e-06
  Epoch 090 [ 300/1443]  loss=0.0001  lr=9.65e-06
  Epoch 090 [ 320/1443]  loss=0.0001  lr=9.62e-06
  Epoch 090 [ 340/1443]  loss=0.0001  lr=9.60e-06
  Epoch 090 [ 360/1443]  loss=0.0001  lr=9.58e-06
  Epoch 090 [ 380/1443]  loss=0.0002  lr=9.55e-06
  Epoch 090 [ 400/1443]  loss=0.0001  lr=9.53e-06
  Epoch 090 [ 420/1443]  loss=0.0002  lr=9.50e-06
  Epoch 090 [ 440/1443]  loss=0.0002  lr=9.48e-06
  Epoch 090 [ 460/1443]  loss=0.0000  lr=9.46e-06
  Epoch 090 [ 480/1443]  loss=0.0001  lr=9.43e-06
  Epoch 090 [ 500/1443]  loss=0.0002  lr=9.41e-06
  Epoch 090 [ 520/1443]  loss=0.0003  lr=9.38e-06
  Epoch 090 [ 540/1443]  loss=0.0002  lr=9.36e-06
  Epoch 090 [ 560/1443]  loss=0.0000  lr=9.34e-06
  Epoch 090 [ 580/1443]  loss=0.0001  lr=9.31e-06
  Epoch 090 [ 600/1443]  loss=0.0001  lr=9.29e-06
  Epoch 090 [ 620/1443]  loss=0.0001  lr=9.26e-06
  Epoch 090 [ 640/1443]  loss=0.0002  lr=9.24e-06
  Epoch 090 [ 660/1443]  loss=0.0001  lr=9.22e-06
  Epoch 090 [ 680/1443]  loss=0.0002  lr=9.19e-06
  Epoch 090 [ 700/1443]  loss=0.0003  lr=9.17e-06
  Epoch 090 [ 720/1443]  loss=0.0001  lr=9.15e-06
  Epoch 090 [ 740/1443]  loss=0.0002  lr=9.12e-06
  Epoch 090 [ 760/1443]  loss=0.0001  lr=9.10e-06
  Epoch 090 [ 780/1443]  loss=0.0001  lr=9.08e-06
  Epoch 090 [ 800/1443]  loss=0.0001  lr=9.05e-06
  Epoch 090 [ 820/1443]  loss=0.0001  lr=9.03e-06
  Epoch 090 [ 840/1443]  loss=0.0001  lr=9.01e-06
  Epoch 090 [ 860/1443]  loss=0.0000  lr=8.98e-06
  Epoch 090 [ 880/1443]  loss=0.0001  lr=8.96e-06
  Epoch 090 [ 900/1443]  loss=0.0001  lr=8.94e-06
  Epoch 090 [ 920/1443]  loss=0.0001  lr=8.91e-06
  Epoch 090 [ 940/1443]  loss=0.0001  lr=8.89e-06
  Epoch 090 [ 960/1443]  loss=0.0001  lr=8.87e-06
  Epoch 090 [ 980/1443]  loss=0.0001  lr=8.84e-06
  Epoch 090 [1000/1443]  loss=0.0001  lr=8.82e-06
  Epoch 090 [1020/1443]  loss=0.0001  lr=8.80e-06
  Epoch 090 [1040/1443]  loss=0.0003  lr=8.77e-06
  Epoch 090 [1060/1443]  loss=0.0004  lr=8.75e-06
  Epoch 090 [1080/1443]  loss=0.0002  lr=8.73e-06
  Epoch 090 [1100/1443]  loss=0.0002  lr=8.71e-06
  Epoch 090 [1120/1443]  loss=0.0003  lr=8.68e-06
  Epoch 090 [1140/1443]  loss=0.0004  lr=8.66e-06
  Epoch 090 [1160/1443]  loss=0.0003  lr=8.64e-06
  Epoch 090 [1180/1443]  loss=0.0002  lr=8.61e-06
  Epoch 090 [1200/1443]  loss=0.0003  lr=8.59e-06
  Epoch 090 [1220/1443]  loss=0.0001  lr=8.57e-06
  Epoch 090 [1240/1443]  loss=0.0002  lr=8.55e-06
  Epoch 090 [1260/1443]  loss=0.0001  lr=8.52e-06
  Epoch 090 [1280/1443]  loss=0.0004  lr=8.50e-06
  Epoch 090 [1300/1443]  loss=0.0002  lr=8.48e-06
  Epoch 090 [1320/1443]  loss=0.0002  lr=8.46e-06
  Epoch 090 [1340/1443]  loss=0.0002  lr=8.43e-06
  Epoch 090 [1360/1443]  loss=0.0002  lr=8.41e-06
  Epoch 090 [1380/1443]  loss=0.0001  lr=8.39e-06
  Epoch 090 [1400/1443]  loss=0.0002  lr=8.37e-06
  Epoch 090 [1420/1443]  loss=0.0008  lr=8.34e-06
  Epoch 090 [1440/1443]  loss=0.0003  lr=8.32e-06

Epoch 090 done | avg_loss=0.0002 | val_mse_norm=0.0387 (α=0.0398 ζ=0.0376) | time=293.5s
  Checkpoint saved → /scratch/va2661/data/active_matter/checkpoints/supervised/latest.pt
  Checkpoint saved → /scratch/va2661/data/active_matter/checkpoints/supervised/epoch_0090.pt

  Epoch 091 [   0/1443]  loss=0.0001  lr=8.32e-06
  Epoch 091 [  20/1443]  loss=0.0001  lr=8.29e-06
  Epoch 091 [  40/1443]  loss=0.0002  lr=8.27e-06
  Epoch 091 [  60/1443]  loss=0.0001  lr=8.25e-06
  Epoch 091 [  80/1443]  loss=0.0002  lr=8.23e-06
  Epoch 091 [ 100/1443]  loss=0.0002  lr=8.21e-06
  Epoch 091 [ 120/1443]  loss=0.0002  lr=8.18e-06
  Epoch 091 [ 140/1443]  loss=0.0001  lr=8.16e-06
  Epoch 091 [ 160/1443]  loss=0.0002  lr=8.14e-06
  Epoch 091 [ 180/1443]  loss=0.0002  lr=8.12e-06
  Epoch 091 [ 200/1443]  loss=0.0001  lr=8.10e-06
  Epoch 091 [ 220/1443]  loss=0.0002  lr=8.07e-06
  Epoch 091 [ 240/1443]  loss=0.0004  lr=8.05e-06
  Epoch 091 [ 260/1443]  loss=0.0001  lr=8.03e-06
  Epoch 091 [ 280/1443]  loss=0.0001  lr=8.01e-06
  Epoch 091 [ 300/1443]  loss=0.0001  lr=7.99e-06
  Epoch 091 [ 320/1443]  loss=0.0000  lr=7.96e-06
  Epoch 091 [ 340/1443]  loss=0.0004  lr=7.94e-06
  Epoch 091 [ 360/1443]  loss=0.0003  lr=7.92e-06
  Epoch 091 [ 380/1443]  loss=0.0001  lr=7.90e-06
  Epoch 091 [ 400/1443]  loss=0.0001  lr=7.88e-06
  Epoch 091 [ 420/1443]  loss=0.0002  lr=7.86e-06
  Epoch 091 [ 440/1443]  loss=0.0002  lr=7.83e-06
  Epoch 091 [ 460/1443]  loss=0.0000  lr=7.81e-06
  Epoch 091 [ 480/1443]  loss=0.0001  lr=7.79e-06
  Epoch 091 [ 500/1443]  loss=0.0001  lr=7.77e-06
  Epoch 091 [ 520/1443]  loss=0.0002  lr=7.75e-06
  Epoch 091 [ 540/1443]  loss=0.0003  lr=7.73e-06
  Epoch 091 [ 560/1443]  loss=0.0001  lr=7.70e-06
  Epoch 091 [ 580/1443]  loss=0.0001  lr=7.68e-06
  Epoch 091 [ 600/1443]  loss=0.0001  lr=7.66e-06
  Epoch 091 [ 620/1443]  loss=0.0000  lr=7.64e-06
  Epoch 091 [ 640/1443]  loss=0.0001  lr=7.62e-06
  Epoch 091 [ 660/1443]  loss=0.0005  lr=7.60e-06
  Epoch 091 [ 680/1443]  loss=0.0001  lr=7.58e-06
  Epoch 091 [ 700/1443]  loss=0.0002  lr=7.56e-06
  Epoch 091 [ 720/1443]  loss=0.0001  lr=7.53e-06
  Epoch 091 [ 740/1443]  loss=0.0001  lr=7.51e-06
  Epoch 091 [ 760/1443]  loss=0.0002  lr=7.49e-06
  Epoch 091 [ 780/1443]  loss=0.0001  lr=7.47e-06
  Epoch 091 [ 800/1443]  loss=0.0002  lr=7.45e-06
  Epoch 091 [ 820/1443]  loss=0.0001  lr=7.43e-06
  Epoch 091 [ 840/1443]  loss=0.0001  lr=7.41e-06
  Epoch 091 [ 860/1443]  loss=0.0000  lr=7.39e-06
  Epoch 091 [ 880/1443]  loss=0.0001  lr=7.37e-06
  Epoch 091 [ 900/1443]  loss=0.0001  lr=7.35e-06
  Epoch 091 [ 920/1443]  loss=0.0001  lr=7.32e-06
  Epoch 091 [ 940/1443]  loss=0.0001  lr=7.30e-06
  Epoch 091 [ 960/1443]  loss=0.0002  lr=7.28e-06
  Epoch 091 [ 980/1443]  loss=0.0001  lr=7.26e-06
  Epoch 091 [1000/1443]  loss=0.0001  lr=7.24e-06
  Epoch 091 [1020/1443]  loss=0.0001  lr=7.22e-06
  Epoch 091 [1040/1443]  loss=0.0005  lr=7.20e-06
  Epoch 091 [1060/1443]  loss=0.0001  lr=7.18e-06
  Epoch 091 [1080/1443]  loss=0.0003  lr=7.16e-06
  Epoch 091 [1100/1443]  loss=0.0002  lr=7.14e-06
  Epoch 091 [1120/1443]  loss=0.0002  lr=7.12e-06
  Epoch 091 [1140/1443]  loss=0.0001  lr=7.10e-06
  Epoch 091 [1160/1443]  loss=0.0001  lr=7.08e-06
  Epoch 091 [1180/1443]  loss=0.0002  lr=7.06e-06
  Epoch 091 [1200/1443]  loss=0.0004  lr=7.04e-06
  Epoch 091 [1220/1443]  loss=0.0002  lr=7.02e-06
  Epoch 091 [1240/1443]  loss=0.0001  lr=7.00e-06
  Epoch 091 [1260/1443]  loss=0.0002  lr=6.98e-06
  Epoch 091 [1280/1443]  loss=0.0001  lr=6.95e-06
  Epoch 091 [1300/1443]  loss=0.0001  lr=6.93e-06
  Epoch 091 [1320/1443]  loss=0.0002  lr=6.91e-06
  Epoch 091 [1340/1443]  loss=0.0000  lr=6.89e-06
  Epoch 091 [1360/1443]  loss=0.0004  lr=6.87e-06
  Epoch 091 [1380/1443]  loss=0.0001  lr=6.85e-06
  Epoch 091 [1400/1443]  loss=0.0003  lr=6.83e-06
  Epoch 091 [1420/1443]  loss=0.0001  lr=6.81e-06
  Epoch 091 [1440/1443]  loss=0.0001  lr=6.79e-06

Epoch 091 done | avg_loss=0.0002 | val_mse_norm=0.0359 (α=0.0341 ζ=0.0376) | time=292.1s
  Checkpoint saved → /scratch/va2661/data/active_matter/checkpoints/supervised/latest.pt

  Epoch 092 [   0/1443]  loss=0.0002  lr=6.79e-06
  Epoch 092 [  20/1443]  loss=0.0001  lr=6.77e-06
  Epoch 092 [  40/1443]  loss=0.0003  lr=6.75e-06
  Epoch 092 [  60/1443]  loss=0.0001  lr=6.73e-06
  Epoch 092 [  80/1443]  loss=0.0001  lr=6.71e-06
  Epoch 092 [ 100/1443]  loss=0.0001  lr=6.69e-06
  Epoch 092 [ 120/1443]  loss=0.0001  lr=6.67e-06
  Epoch 092 [ 140/1443]  loss=0.0001  lr=6.65e-06
  Epoch 092 [ 160/1443]  loss=0.0001  lr=6.63e-06
  Epoch 092 [ 180/1443]  loss=0.0001  lr=6.61e-06
  Epoch 092 [ 200/1443]  loss=0.0001  lr=6.59e-06
  Epoch 092 [ 220/1443]  loss=0.0002  lr=6.57e-06
  Epoch 092 [ 240/1443]  loss=0.0001  lr=6.55e-06
  Epoch 092 [ 260/1443]  loss=0.0002  lr=6.54e-06
  Epoch 092 [ 280/1443]  loss=0.0001  lr=6.52e-06
  Epoch 092 [ 300/1443]  loss=0.0001  lr=6.50e-06
  Epoch 092 [ 320/1443]  loss=0.0000  lr=6.48e-06
  Epoch 092 [ 340/1443]  loss=0.0003  lr=6.46e-06
  Epoch 092 [ 360/1443]  loss=0.0001  lr=6.44e-06
  Epoch 092 [ 380/1443]  loss=0.0001  lr=6.42e-06
  Epoch 092 [ 400/1443]  loss=0.0002  lr=6.40e-06
  Epoch 092 [ 420/1443]  loss=0.0003  lr=6.38e-06
  Epoch 092 [ 440/1443]  loss=0.0001  lr=6.36e-06
  Epoch 092 [ 460/1443]  loss=0.0000  lr=6.34e-06
  Epoch 092 [ 480/1443]  loss=0.0003  lr=6.32e-06
  Epoch 092 [ 500/1443]  loss=0.0000  lr=6.30e-06
  Epoch 092 [ 520/1443]  loss=0.0001  lr=6.28e-06
  Epoch 092 [ 540/1443]  loss=0.0002  lr=6.27e-06
  Epoch 092 [ 560/1443]  loss=0.0002  lr=6.25e-06
  Epoch 092 [ 580/1443]  loss=0.0002  lr=6.23e-06
  Epoch 092 [ 600/1443]  loss=0.0002  lr=6.21e-06
  Epoch 092 [ 620/1443]  loss=0.0001  lr=6.19e-06
  Epoch 092 [ 640/1443]  loss=0.0001  lr=6.17e-06
  Epoch 092 [ 660/1443]  loss=0.0003  lr=6.15e-06
  Epoch 092 [ 680/1443]  loss=0.0001  lr=6.13e-06
  Epoch 092 [ 700/1443]  loss=0.0002  lr=6.11e-06
  Epoch 092 [ 720/1443]  loss=0.0001  lr=6.10e-06
  Epoch 092 [ 740/1443]  loss=0.0001  lr=6.08e-06
  Epoch 092 [ 760/1443]  loss=0.0001  lr=6.06e-06
  Epoch 092 [ 780/1443]  loss=0.0002  lr=6.04e-06
  Epoch 092 [ 800/1443]  loss=0.0001  lr=6.02e-06
  Epoch 092 [ 820/1443]  loss=0.0001  lr=6.00e-06
  Epoch 092 [ 840/1443]  loss=0.0000  lr=5.98e-06
  Epoch 092 [ 860/1443]  loss=0.0002  lr=5.97e-06
  Epoch 092 [ 880/1443]  loss=0.0002  lr=5.95e-06
  Epoch 092 [ 900/1443]  loss=0.0000  lr=5.93e-06
  Epoch 092 [ 920/1443]  loss=0.0002  lr=5.91e-06
  Epoch 092 [ 940/1443]  loss=0.0001  lr=5.89e-06
  Epoch 092 [ 960/1443]  loss=0.0004  lr=5.87e-06
  Epoch 092 [ 980/1443]  loss=0.0001  lr=5.85e-06
  Epoch 092 [1000/1443]  loss=0.0001  lr=5.84e-06
  Epoch 092 [1020/1443]  loss=0.0001  lr=5.82e-06
  Epoch 092 [1040/1443]  loss=0.0001  lr=5.80e-06
  Epoch 092 [1060/1443]  loss=0.0001  lr=5.78e-06
  Epoch 092 [1080/1443]  loss=0.0000  lr=5.76e-06
  Epoch 092 [1100/1443]  loss=0.0000  lr=5.75e-06
  Epoch 092 [1120/1443]  loss=0.0001  lr=5.73e-06
  Epoch 092 [1140/1443]  loss=0.0001  lr=5.71e-06
  Epoch 092 [1160/1443]  loss=0.0001  lr=5.69e-06
  Epoch 092 [1180/1443]  loss=0.0003  lr=5.67e-06
  Epoch 092 [1200/1443]  loss=0.0001  lr=5.66e-06
  Epoch 092 [1220/1443]  loss=0.0002  lr=5.64e-06
  Epoch 092 [1240/1443]  loss=0.0000  lr=5.62e-06
  Epoch 092 [1260/1443]  loss=0.0001  lr=5.60e-06
  Epoch 092 [1280/1443]  loss=0.0000  lr=5.58e-06
  Epoch 092 [1300/1443]  loss=0.0001  lr=5.57e-06
  Epoch 092 [1320/1443]  loss=0.0001  lr=5.55e-06
  Epoch 092 [1340/1443]  loss=0.0000  lr=5.53e-06
  Epoch 092 [1360/1443]  loss=0.0000  lr=5.51e-06
  Epoch 092 [1380/1443]  loss=0.0008  lr=5.50e-06
  Epoch 092 [1400/1443]  loss=0.0001  lr=5.48e-06
  Epoch 092 [1420/1443]  loss=0.0001  lr=5.46e-06
  Epoch 092 [1440/1443]  loss=0.0002  lr=5.44e-06

Epoch 092 done | avg_loss=0.0001 | val_mse_norm=0.0387 (α=0.0396 ζ=0.0377) | time=292.9s
  Checkpoint saved → /scratch/va2661/data/active_matter/checkpoints/supervised/latest.pt

  Epoch 093 [   0/1443]  loss=0.0001  lr=5.44e-06
  Epoch 093 [  20/1443]  loss=0.0004  lr=5.42e-06
  Epoch 093 [  40/1443]  loss=0.0001  lr=5.41e-06
  Epoch 093 [  60/1443]  loss=0.0002  lr=5.39e-06
  Epoch 093 [  80/1443]  loss=0.0000  lr=5.37e-06
  Epoch 093 [ 100/1443]  loss=0.0001  lr=5.35e-06
  Epoch 093 [ 120/1443]  loss=0.0001  lr=5.34e-06
  Epoch 093 [ 140/1443]  loss=0.0001  lr=5.32e-06
  Epoch 093 [ 160/1443]  loss=0.0001  lr=5.30e-06
  Epoch 093 [ 180/1443]  loss=0.0004  lr=5.28e-06
  Epoch 093 [ 200/1443]  loss=0.0002  lr=5.27e-06
  Epoch 093 [ 220/1443]  loss=0.0001  lr=5.25e-06
  Epoch 093 [ 240/1443]  loss=0.0001  lr=5.23e-06
  Epoch 093 [ 260/1443]  loss=0.0001  lr=5.22e-06
  Epoch 093 [ 280/1443]  loss=0.0000  lr=5.20e-06
  Epoch 093 [ 300/1443]  loss=0.0000  lr=5.18e-06
  Epoch 093 [ 320/1443]  loss=0.0001  lr=5.17e-06
  Epoch 093 [ 340/1443]  loss=0.0002  lr=5.15e-06
  Epoch 093 [ 360/1443]  loss=0.0003  lr=5.13e-06
  Epoch 093 [ 380/1443]  loss=0.0001  lr=5.11e-06
  Epoch 093 [ 400/1443]  loss=0.0001  lr=5.10e-06
  Epoch 093 [ 420/1443]  loss=0.0000  lr=5.08e-06
  Epoch 093 [ 440/1443]  loss=0.0002  lr=5.06e-06
  Epoch 093 [ 460/1443]  loss=0.0000  lr=5.05e-06
  Epoch 093 [ 480/1443]  loss=0.0001  lr=5.03e-06
  Epoch 093 [ 500/1443]  loss=0.0001  lr=5.01e-06
  Epoch 093 [ 520/1443]  loss=0.0002  lr=5.00e-06
  Epoch 093 [ 540/1443]  loss=0.0002  lr=4.98e-06
  Epoch 093 [ 560/1443]  loss=0.0002  lr=4.96e-06
  Epoch 093 [ 580/1443]  loss=0.0001  lr=4.95e-06
  Epoch 093 [ 600/1443]  loss=0.0001  lr=4.93e-06
  Epoch 093 [ 620/1443]  loss=0.0001  lr=4.91e-06
  Epoch 093 [ 640/1443]  loss=0.0000  lr=4.90e-06
  Epoch 093 [ 660/1443]  loss=0.0002  lr=4.88e-06
  Epoch 093 [ 680/1443]  loss=0.0002  lr=4.87e-06
  Epoch 093 [ 700/1443]  loss=0.0002  lr=4.85e-06
  Epoch 093 [ 720/1443]  loss=0.0001  lr=4.83e-06
  Epoch 093 [ 740/1443]  loss=0.0003  lr=4.82e-06
  Epoch 093 [ 760/1443]  loss=0.0001  lr=4.80e-06
  Epoch 093 [ 780/1443]  loss=0.0002  lr=4.78e-06
  Epoch 093 [ 800/1443]  loss=0.0001  lr=4.77e-06
  Epoch 093 [ 820/1443]  loss=0.0001  lr=4.75e-06
  Epoch 093 [ 840/1443]  loss=0.0001  lr=4.74e-06
  Epoch 093 [ 860/1443]  loss=0.0002  lr=4.72e-06
  Epoch 093 [ 880/1443]  loss=0.0001  lr=4.70e-06
  Epoch 093 [ 900/1443]  loss=0.0001  lr=4.69e-06
  Epoch 093 [ 920/1443]  loss=0.0001  lr=4.67e-06
  Epoch 093 [ 940/1443]  loss=0.0002  lr=4.66e-06
  Epoch 093 [ 960/1443]  loss=0.0002  lr=4.64e-06
  Epoch 093 [ 980/1443]  loss=0.0002  lr=4.62e-06
  Epoch 093 [1000/1443]  loss=0.0001  lr=4.61e-06
  Epoch 093 [1020/1443]  loss=0.0000  lr=4.59e-06
  Epoch 093 [1040/1443]  loss=0.0001  lr=4.58e-06
  Epoch 093 [1060/1443]  loss=0.0002  lr=4.56e-06
  Epoch 093 [1080/1443]  loss=0.0001  lr=4.55e-06
  Epoch 093 [1100/1443]  loss=0.0002  lr=4.53e-06
  Epoch 093 [1120/1443]  loss=0.0001  lr=4.51e-06
  Epoch 093 [1140/1443]  loss=0.0003  lr=4.50e-06
  Epoch 093 [1160/1443]  loss=0.0001  lr=4.48e-06
  Epoch 093 [1180/1443]  loss=0.0000  lr=4.47e-06
  Epoch 093 [1200/1443]  loss=0.0004  lr=4.45e-06
  Epoch 093 [1220/1443]  loss=0.0001  lr=4.44e-06
  Epoch 093 [1240/1443]  loss=0.0002  lr=4.42e-06
  Epoch 093 [1260/1443]  loss=0.0004  lr=4.41e-06
  Epoch 093 [1280/1443]  loss=0.0000  lr=4.39e-06
  Epoch 093 [1300/1443]  loss=0.0002  lr=4.38e-06
  Epoch 093 [1320/1443]  loss=0.0001  lr=4.36e-06
  Epoch 093 [1340/1443]  loss=0.0001  lr=4.34e-06
  Epoch 093 [1360/1443]  loss=0.0002  lr=4.33e-06
  Epoch 093 [1380/1443]  loss=0.0001  lr=4.31e-06
  Epoch 093 [1400/1443]  loss=0.0001  lr=4.30e-06
  Epoch 093 [1420/1443]  loss=0.0001  lr=4.28e-06
  Epoch 093 [1440/1443]  loss=0.0001  lr=4.27e-06

Epoch 093 done | avg_loss=0.0002 | val_mse_norm=0.0387 (α=0.0405 ζ=0.0368) | time=292.8s
  Checkpoint saved → /scratch/va2661/data/active_matter/checkpoints/supervised/latest.pt

  Epoch 094 [   0/1443]  loss=0.0000  lr=4.27e-06
  Epoch 094 [  20/1443]  loss=0.0000  lr=4.25e-06
  Epoch 094 [  40/1443]  loss=0.0001  lr=4.24e-06
  Epoch 094 [  60/1443]  loss=0.0000  lr=4.22e-06
  Epoch 094 [  80/1443]  loss=0.0001  lr=4.21e-06
  Epoch 094 [ 100/1443]  loss=0.0001  lr=4.19e-06
  Epoch 094 [ 120/1443]  loss=0.0001  lr=4.18e-06
  Epoch 094 [ 140/1443]  loss=0.0001  lr=4.16e-06
  Epoch 094 [ 160/1443]  loss=0.0002  lr=4.15e-06
  Epoch 094 [ 180/1443]  loss=0.0001  lr=4.13e-06
  Epoch 094 [ 200/1443]  loss=0.0001  lr=4.12e-06
  Epoch 094 [ 220/1443]  loss=0.0003  lr=4.10e-06
  Epoch 094 [ 240/1443]  loss=0.0001  lr=4.09e-06
  Epoch 094 [ 260/1443]  loss=0.0001  lr=4.07e-06
  Epoch 094 [ 280/1443]  loss=0.0001  lr=4.06e-06
  Epoch 094 [ 300/1443]  loss=0.0001  lr=4.05e-06
  Epoch 094 [ 320/1443]  loss=0.0002  lr=4.03e-06
  Epoch 094 [ 340/1443]  loss=0.0000  lr=4.02e-06
  Epoch 094 [ 360/1443]  loss=0.0000  lr=4.00e-06
  Epoch 094 [ 380/1443]  loss=0.0001  lr=3.99e-06
  Epoch 094 [ 400/1443]  loss=0.0001  lr=3.97e-06
  Epoch 094 [ 420/1443]  loss=0.0001  lr=3.96e-06
  Epoch 094 [ 440/1443]  loss=0.0000  lr=3.94e-06
  Epoch 094 [ 460/1443]  loss=0.0002  lr=3.93e-06
  Epoch 094 [ 480/1443]  loss=0.0001  lr=3.92e-06
  Epoch 094 [ 500/1443]  loss=0.0001  lr=3.90e-06
  Epoch 094 [ 520/1443]  loss=0.0001  lr=3.89e-06
  Epoch 094 [ 540/1443]  loss=0.0001  lr=3.87e-06
  Epoch 094 [ 560/1443]  loss=0.0001  lr=3.86e-06
  Epoch 094 [ 580/1443]  loss=0.0001  lr=3.85e-06
  Epoch 094 [ 600/1443]  loss=0.0001  lr=3.83e-06
  Epoch 094 [ 620/1443]  loss=0.0002  lr=3.82e-06
  Epoch 094 [ 640/1443]  loss=0.0001  lr=3.80e-06
  Epoch 094 [ 660/1443]  loss=0.0001  lr=3.79e-06
  Epoch 094 [ 680/1443]  loss=0.0001  lr=3.78e-06
  Epoch 094 [ 700/1443]  loss=0.0001  lr=3.76e-06
  Epoch 094 [ 720/1443]  loss=0.0001  lr=3.75e-06
  Epoch 094 [ 740/1443]  loss=0.0001  lr=3.73e-06
  Epoch 094 [ 760/1443]  loss=0.0001  lr=3.72e-06
  Epoch 094 [ 780/1443]  loss=0.0001  lr=3.71e-06
  Epoch 094 [ 800/1443]  loss=0.0000  lr=3.69e-06
  Epoch 094 [ 820/1443]  loss=0.0001  lr=3.68e-06
  Epoch 094 [ 840/1443]  loss=0.0001  lr=3.67e-06
  Epoch 094 [ 860/1443]  loss=0.0001  lr=3.65e-06
  Epoch 094 [ 880/1443]  loss=0.0001  lr=3.64e-06
  Epoch 094 [ 900/1443]  loss=0.0001  lr=3.62e-06
  Epoch 094 [ 920/1443]  loss=0.0002  lr=3.61e-06
  Epoch 094 [ 940/1443]  loss=0.0001  lr=3.60e-06
  Epoch 094 [ 960/1443]  loss=0.0001  lr=3.58e-06
  Epoch 094 [ 980/1443]  loss=0.0003  lr=3.57e-06
  Epoch 094 [1000/1443]  loss=0.0001  lr=3.56e-06
  Epoch 094 [1020/1443]  loss=0.0001  lr=3.54e-06
  Epoch 094 [1040/1443]  loss=0.0001  lr=3.53e-06
  Epoch 094 [1060/1443]  loss=0.0001  lr=3.52e-06
  Epoch 094 [1080/1443]  loss=0.0001  lr=3.50e-06
  Epoch 094 [1100/1443]  loss=0.0001  lr=3.49e-06
  Epoch 094 [1120/1443]  loss=0.0001  lr=3.48e-06
  Epoch 094 [1140/1443]  loss=0.0001  lr=3.47e-06
  Epoch 094 [1160/1443]  loss=0.0002  lr=3.45e-06
  Epoch 094 [1180/1443]  loss=0.0001  lr=3.44e-06
  Epoch 094 [1200/1443]  loss=0.0001  lr=3.43e-06
  Epoch 094 [1220/1443]  loss=0.0000  lr=3.41e-06
  Epoch 094 [1240/1443]  loss=0.0002  lr=3.40e-06
  Epoch 094 [1260/1443]  loss=0.0000  lr=3.39e-06
  Epoch 094 [1280/1443]  loss=0.0001  lr=3.37e-06
  Epoch 094 [1300/1443]  loss=0.0001  lr=3.36e-06
  Epoch 094 [1320/1443]  loss=0.0001  lr=3.35e-06
  Epoch 094 [1340/1443]  loss=0.0001  lr=3.34e-06
  Epoch 094 [1360/1443]  loss=0.0001  lr=3.32e-06
  Epoch 094 [1380/1443]  loss=0.0001  lr=3.31e-06
  Epoch 094 [1400/1443]  loss=0.0002  lr=3.30e-06
  Epoch 094 [1420/1443]  loss=0.0001  lr=3.29e-06
  Epoch 094 [1440/1443]  loss=0.0001  lr=3.27e-06

Epoch 094 done | avg_loss=0.0001 | val_mse_norm=0.0377 (α=0.0393 ζ=0.0362) | time=295.0s
  Checkpoint saved → /scratch/va2661/data/active_matter/checkpoints/supervised/latest.pt

  Epoch 095 [   0/1443]  loss=0.0001  lr=3.27e-06
  Epoch 095 [  20/1443]  loss=0.0000  lr=3.26e-06
  Epoch 095 [  40/1443]  loss=0.0001  lr=3.25e-06
  Epoch 095 [  60/1443]  loss=0.0001  lr=3.23e-06
  Epoch 095 [  80/1443]  loss=0.0000  lr=3.22e-06
  Epoch 095 [ 100/1443]  loss=0.0001  lr=3.21e-06
  Epoch 095 [ 120/1443]  loss=0.0001  lr=3.20e-06
  Epoch 095 [ 140/1443]  loss=0.0002  lr=3.18e-06
  Epoch 095 [ 160/1443]  loss=0.0003  lr=3.17e-06
  Epoch 095 [ 180/1443]  loss=0.0001  lr=3.16e-06
  Epoch 095 [ 200/1443]  loss=0.0000  lr=3.15e-06
  Epoch 095 [ 220/1443]  loss=0.0001  lr=3.14e-06
  Epoch 095 [ 240/1443]  loss=0.0002  lr=3.12e-06
  Epoch 095 [ 260/1443]  loss=0.0000  lr=3.11e-06
  Epoch 095 [ 280/1443]  loss=0.0001  lr=3.10e-06
  Epoch 095 [ 300/1443]  loss=0.0001  lr=3.09e-06
  Epoch 095 [ 320/1443]  loss=0.0002  lr=3.07e-06
  Epoch 095 [ 340/1443]  loss=0.0001  lr=3.06e-06
  Epoch 095 [ 360/1443]  loss=0.0001  lr=3.05e-06
  Epoch 095 [ 380/1443]  loss=0.0002  lr=3.04e-06
  Epoch 095 [ 400/1443]  loss=0.0001  lr=3.03e-06
  Epoch 095 [ 420/1443]  loss=0.0001  lr=3.02e-06
  Epoch 095 [ 440/1443]  loss=0.0001  lr=3.00e-06
  Epoch 095 [ 460/1443]  loss=0.0001  lr=2.99e-06
  Epoch 095 [ 480/1443]  loss=0.0002  lr=2.98e-06
  Epoch 095 [ 500/1443]  loss=0.0000  lr=2.97e-06
  Epoch 095 [ 520/1443]  loss=0.0001  lr=2.96e-06
  Epoch 095 [ 540/1443]  loss=0.0000  lr=2.94e-06
  Epoch 095 [ 560/1443]  loss=0.0000  lr=2.93e-06
  Epoch 095 [ 580/1443]  loss=0.0002  lr=2.92e-06
  Epoch 095 [ 600/1443]  loss=0.0001  lr=2.91e-06
  Epoch 095 [ 620/1443]  loss=0.0001  lr=2.90e-06
  Epoch 095 [ 640/1443]  loss=0.0000  lr=2.89e-06
  Epoch 095 [ 660/1443]  loss=0.0001  lr=2.88e-06
  Epoch 095 [ 680/1443]  loss=0.0002  lr=2.86e-06
  Epoch 095 [ 700/1443]  loss=0.0001  lr=2.85e-06
  Epoch 095 [ 720/1443]  loss=0.0001  lr=2.84e-06
  Epoch 095 [ 740/1443]  loss=0.0000  lr=2.83e-06
  Epoch 095 [ 760/1443]  loss=0.0001  lr=2.82e-06
  Epoch 095 [ 780/1443]  loss=0.0001  lr=2.81e-06
  Epoch 095 [ 800/1443]  loss=0.0000  lr=2.80e-06
  Epoch 095 [ 820/1443]  loss=0.0001  lr=2.79e-06
  Epoch 095 [ 840/1443]  loss=0.0003  lr=2.77e-06
  Epoch 095 [ 860/1443]  loss=0.0001  lr=2.76e-06
  Epoch 095 [ 880/1443]  loss=0.0001  lr=2.75e-06
  Epoch 095 [ 900/1443]  loss=0.0001  lr=2.74e-06
  Epoch 095 [ 920/1443]  loss=0.0001  lr=2.73e-06
  Epoch 095 [ 940/1443]  loss=0.0001  lr=2.72e-06
  Epoch 095 [ 960/1443]  loss=0.0001  lr=2.71e-06
  Epoch 095 [ 980/1443]  loss=0.0000  lr=2.70e-06
  Epoch 095 [1000/1443]  loss=0.0001  lr=2.69e-06
  Epoch 095 [1020/1443]  loss=0.0087  lr=2.68e-06
  Epoch 095 [1040/1443]  loss=0.0001  lr=2.66e-06
  Epoch 095 [1060/1443]  loss=0.0001  lr=2.65e-06
  Epoch 095 [1080/1443]  loss=0.0002  lr=2.64e-06
  Epoch 095 [1100/1443]  loss=0.0002  lr=2.63e-06
  Epoch 095 [1120/1443]  loss=0.0002  lr=2.62e-06
  Epoch 095 [1140/1443]  loss=0.0001  lr=2.61e-06
  Epoch 095 [1160/1443]  loss=0.0001  lr=2.60e-06
  Epoch 095 [1180/1443]  loss=0.0001  lr=2.59e-06
  Epoch 095 [1200/1443]  loss=0.0001  lr=2.58e-06
  Epoch 095 [1220/1443]  loss=0.0001  lr=2.57e-06
  Epoch 095 [1240/1443]  loss=0.0001  lr=2.56e-06
  Epoch 095 [1260/1443]  loss=0.0001  lr=2.55e-06
  Epoch 095 [1280/1443]  loss=0.0000  lr=2.54e-06
  Epoch 095 [1300/1443]  loss=0.0001  lr=2.53e-06
  Epoch 095 [1320/1443]  loss=0.0001  lr=2.52e-06
  Epoch 095 [1340/1443]  loss=0.0006  lr=2.51e-06
  Epoch 095 [1360/1443]  loss=0.0001  lr=2.50e-06
  Epoch 095 [1380/1443]  loss=0.0003  lr=2.49e-06
  Epoch 095 [1400/1443]  loss=0.0001  lr=2.48e-06
  Epoch 095 [1420/1443]  loss=0.0002  lr=2.47e-06
  Epoch 095 [1440/1443]  loss=0.0001  lr=2.46e-06

Epoch 095 done | avg_loss=0.0001 | val_mse_norm=0.0384 (α=0.0384 ζ=0.0385) | time=292.8s
  Checkpoint saved → /scratch/va2661/data/active_matter/checkpoints/supervised/latest.pt

  Epoch 096 [   0/1443]  loss=0.0001  lr=2.45e-06
  Epoch 096 [  20/1443]  loss=0.0002  lr=2.44e-06
  Epoch 096 [  40/1443]  loss=0.0000  lr=2.43e-06
  Epoch 096 [  60/1443]  loss=0.0002  lr=2.42e-06
  Epoch 096 [  80/1443]  loss=0.0002  lr=2.41e-06
  Epoch 096 [ 100/1443]  loss=0.0001  lr=2.41e-06
  Epoch 096 [ 120/1443]  loss=0.0001  lr=2.40e-06
  Epoch 096 [ 140/1443]  loss=0.0001  lr=2.39e-06
  Epoch 096 [ 160/1443]  loss=0.0001  lr=2.38e-06
  Epoch 096 [ 180/1443]  loss=0.0002  lr=2.37e-06
  Epoch 096 [ 200/1443]  loss=0.0001  lr=2.36e-06
  Epoch 096 [ 220/1443]  loss=0.0002  lr=2.35e-06
  Epoch 096 [ 240/1443]  loss=0.0002  lr=2.34e-06
  Epoch 096 [ 260/1443]  loss=0.0001  lr=2.33e-06
  Epoch 096 [ 280/1443]  loss=0.0000  lr=2.32e-06
  Epoch 096 [ 300/1443]  loss=0.0003  lr=2.31e-06
  Epoch 096 [ 320/1443]  loss=0.0001  lr=2.30e-06
  Epoch 096 [ 340/1443]  loss=0.0001  lr=2.29e-06
  Epoch 096 [ 360/1443]  loss=0.0001  lr=2.28e-06
  Epoch 096 [ 380/1443]  loss=0.0001  lr=2.27e-06
  Epoch 096 [ 400/1443]  loss=0.0002  lr=2.26e-06
  Epoch 096 [ 420/1443]  loss=0.0001  lr=2.25e-06
  Epoch 096 [ 440/1443]  loss=0.0001  lr=2.24e-06
  Epoch 096 [ 460/1443]  loss=0.0000  lr=2.23e-06
  Epoch 096 [ 480/1443]  loss=0.0001  lr=2.22e-06
  Epoch 096 [ 500/1443]  loss=0.0000  lr=2.21e-06
  Epoch 096 [ 520/1443]  loss=0.0001  lr=2.20e-06
  Epoch 096 [ 540/1443]  loss=0.0001  lr=2.20e-06
  Epoch 096 [ 560/1443]  loss=0.0001  lr=2.19e-06
  Epoch 096 [ 580/1443]  loss=0.0001  lr=2.18e-06
  Epoch 096 [ 600/1443]  loss=0.0006  lr=2.17e-06
  Epoch 096 [ 620/1443]  loss=0.0001  lr=2.16e-06
  Epoch 096 [ 640/1443]  loss=0.0001  lr=2.15e-06
  Epoch 096 [ 660/1443]  loss=0.0001  lr=2.14e-06
  Epoch 096 [ 680/1443]  loss=0.0002  lr=2.13e-06
  Epoch 096 [ 700/1443]  loss=0.0002  lr=2.12e-06
  Epoch 096 [ 720/1443]  loss=0.0001  lr=2.12e-06
  Epoch 096 [ 740/1443]  loss=0.0001  lr=2.11e-06
  Epoch 096 [ 760/1443]  loss=0.0001  lr=2.10e-06
  Epoch 096 [ 780/1443]  loss=0.0001  lr=2.09e-06
  Epoch 096 [ 800/1443]  loss=0.0000  lr=2.08e-06
  Epoch 096 [ 820/1443]  loss=0.0001  lr=2.07e-06
  Epoch 096 [ 840/1443]  loss=0.0001  lr=2.06e-06
  Epoch 096 [ 860/1443]  loss=0.0002  lr=2.05e-06
  Epoch 096 [ 880/1443]  loss=0.0001  lr=2.05e-06
  Epoch 096 [ 900/1443]  loss=0.0001  lr=2.04e-06
  Epoch 096 [ 920/1443]  loss=0.0001  lr=2.03e-06
  Epoch 096 [ 940/1443]  loss=0.0001  lr=2.02e-06
  Epoch 096 [ 960/1443]  loss=0.0001  lr=2.01e-06
  Epoch 096 [ 980/1443]  loss=0.0002  lr=2.00e-06
  Epoch 096 [1000/1443]  loss=0.0001  lr=1.99e-06
  Epoch 096 [1020/1443]  loss=0.0001  lr=1.99e-06
  Epoch 096 [1040/1443]  loss=0.0002  lr=1.98e-06
  Epoch 096 [1060/1443]  loss=0.0001  lr=1.97e-06
  Epoch 096 [1080/1443]  loss=0.0001  lr=1.96e-06
  Epoch 096 [1100/1443]  loss=0.0001  lr=1.95e-06
  Epoch 096 [1120/1443]  loss=0.0001  lr=1.95e-06
  Epoch 096 [1140/1443]  loss=0.0000  lr=1.94e-06
  Epoch 096 [1160/1443]  loss=0.0000  lr=1.93e-06
  Epoch 096 [1180/1443]  loss=0.0001  lr=1.92e-06
  Epoch 096 [1200/1443]  loss=0.0004  lr=1.91e-06
  Epoch 096 [1220/1443]  loss=0.0003  lr=1.91e-06
  Epoch 096 [1240/1443]  loss=0.0000  lr=1.90e-06
  Epoch 096 [1260/1443]  loss=0.0000  lr=1.89e-06
  Epoch 096 [1280/1443]  loss=0.0005  lr=1.88e-06
  Epoch 096 [1300/1443]  loss=0.0002  lr=1.87e-06
  Epoch 096 [1320/1443]  loss=0.0000  lr=1.87e-06
  Epoch 096 [1340/1443]  loss=0.0001  lr=1.86e-06
  Epoch 096 [1360/1443]  loss=0.0001  lr=1.85e-06
  Epoch 096 [1380/1443]  loss=0.0001  lr=1.84e-06
  Epoch 096 [1400/1443]  loss=0.0000  lr=1.84e-06
  Epoch 096 [1420/1443]  loss=0.0001  lr=1.83e-06
  Epoch 096 [1440/1443]  loss=0.0000  lr=1.82e-06

Epoch 096 done | avg_loss=0.0001 | val_mse_norm=0.0377 (α=0.0365 ζ=0.0389) | time=294.1s
  Checkpoint saved → /scratch/va2661/data/active_matter/checkpoints/supervised/latest.pt

  Epoch 097 [   0/1443]  loss=0.0001  lr=1.82e-06
  Epoch 097 [  20/1443]  loss=0.0001  lr=1.81e-06
  Epoch 097 [  40/1443]  loss=0.0001  lr=1.80e-06
  Epoch 097 [  60/1443]  loss=0.0001  lr=1.80e-06
  Epoch 097 [  80/1443]  loss=0.0002  lr=1.79e-06
  Epoch 097 [ 100/1443]  loss=0.0001  lr=1.78e-06
  Epoch 097 [ 120/1443]  loss=0.0001  lr=1.77e-06
  Epoch 097 [ 140/1443]  loss=0.0001  lr=1.77e-06
  Epoch 097 [ 160/1443]  loss=0.0001  lr=1.76e-06
  Epoch 097 [ 180/1443]  loss=0.0002  lr=1.75e-06
  Epoch 097 [ 200/1443]  loss=0.0002  lr=1.75e-06
  Epoch 097 [ 220/1443]  loss=0.0002  lr=1.74e-06
  Epoch 097 [ 240/1443]  loss=0.0001  lr=1.73e-06
  Epoch 097 [ 260/1443]  loss=0.0001  lr=1.72e-06
  Epoch 097 [ 280/1443]  loss=0.0001  lr=1.72e-06
  Epoch 097 [ 300/1443]  loss=0.0001  lr=1.71e-06
  Epoch 097 [ 320/1443]  loss=0.0001  lr=1.70e-06
  Epoch 097 [ 340/1443]  loss=0.0001  lr=1.70e-06
  Epoch 097 [ 360/1443]  loss=0.0001  lr=1.69e-06
  Epoch 097 [ 380/1443]  loss=0.0001  lr=1.68e-06
  Epoch 097 [ 400/1443]  loss=0.0001  lr=1.67e-06
  Epoch 097 [ 420/1443]  loss=0.0001  lr=1.67e-06
  Epoch 097 [ 440/1443]  loss=0.0001  lr=1.66e-06
  Epoch 097 [ 460/1443]  loss=0.0000  lr=1.65e-06
  Epoch 097 [ 480/1443]  loss=0.0001  lr=1.65e-06
  Epoch 097 [ 500/1443]  loss=0.0001  lr=1.64e-06
  Epoch 097 [ 520/1443]  loss=0.0001  lr=1.63e-06
  Epoch 097 [ 540/1443]  loss=0.0002  lr=1.63e-06
  Epoch 097 [ 560/1443]  loss=0.0006  lr=1.62e-06
  Epoch 097 [ 580/1443]  loss=0.0000  lr=1.61e-06
  Epoch 097 [ 600/1443]  loss=0.0000  lr=1.61e-06
  Epoch 097 [ 620/1443]  loss=0.0002  lr=1.60e-06
  Epoch 097 [ 640/1443]  loss=0.0001  lr=1.59e-06
  Epoch 097 [ 660/1443]  loss=0.0000  lr=1.59e-06
  Epoch 097 [ 680/1443]  loss=0.0001  lr=1.58e-06
  Epoch 097 [ 700/1443]  loss=0.0001  lr=1.58e-06
  Epoch 097 [ 720/1443]  loss=0.0001  lr=1.57e-06
  Epoch 097 [ 740/1443]  loss=0.0002  lr=1.56e-06
  Epoch 097 [ 760/1443]  loss=0.0002  lr=1.56e-06
  Epoch 097 [ 780/1443]  loss=0.0001  lr=1.55e-06
  Epoch 097 [ 800/1443]  loss=0.0001  lr=1.54e-06
  Epoch 097 [ 820/1443]  loss=0.0001  lr=1.54e-06
  Epoch 097 [ 840/1443]  loss=0.0002  lr=1.53e-06
  Epoch 097 [ 860/1443]  loss=0.0001  lr=1.53e-06
  Epoch 097 [ 880/1443]  loss=0.0000  lr=1.52e-06
  Epoch 097 [ 900/1443]  loss=0.0001  lr=1.51e-06
  Epoch 097 [ 920/1443]  loss=0.0001  lr=1.51e-06
  Epoch 097 [ 940/1443]  loss=0.0002  lr=1.50e-06
  Epoch 097 [ 960/1443]  loss=0.0001  lr=1.50e-06
  Epoch 097 [ 980/1443]  loss=0.0001  lr=1.49e-06
  Epoch 097 [1000/1443]  loss=0.0001  lr=1.48e-06
  Epoch 097 [1020/1443]  loss=0.0001  lr=1.48e-06
  Epoch 097 [1040/1443]  loss=0.0002  lr=1.47e-06
  Epoch 097 [1060/1443]  loss=0.0001  lr=1.47e-06
  Epoch 097 [1080/1443]  loss=0.0000  lr=1.46e-06
  Epoch 097 [1100/1443]  loss=0.0001  lr=1.46e-06
  Epoch 097 [1120/1443]  loss=0.0001  lr=1.45e-06
  Epoch 097 [1140/1443]  loss=0.0001  lr=1.44e-06
  Epoch 097 [1160/1443]  loss=0.0002  lr=1.44e-06
  Epoch 097 [1180/1443]  loss=0.0002  lr=1.43e-06
  Epoch 097 [1200/1443]  loss=0.0002  lr=1.43e-06
  Epoch 097 [1220/1443]  loss=0.0001  lr=1.42e-06
  Epoch 097 [1240/1443]  loss=0.0001  lr=1.42e-06
  Epoch 097 [1260/1443]  loss=0.0002  lr=1.41e-06
  Epoch 097 [1280/1443]  loss=0.0002  lr=1.41e-06
  Epoch 097 [1300/1443]  loss=0.0001  lr=1.40e-06
  Epoch 097 [1320/1443]  loss=0.0001  lr=1.40e-06
  Epoch 097 [1340/1443]  loss=0.0001  lr=1.39e-06
  Epoch 097 [1360/1443]  loss=0.0000  lr=1.39e-06
  Epoch 097 [1380/1443]  loss=0.0000  lr=1.38e-06
  Epoch 097 [1400/1443]  loss=0.0002  lr=1.38e-06
  Epoch 097 [1420/1443]  loss=0.0000  lr=1.37e-06
  Epoch 097 [1440/1443]  loss=0.0006  lr=1.36e-06

Epoch 097 done | avg_loss=0.0001 | val_mse_norm=0.0380 (α=0.0386 ζ=0.0375) | time=293.0s
  Checkpoint saved → /scratch/va2661/data/active_matter/checkpoints/supervised/latest.pt

  Epoch 098 [   0/1443]  loss=0.0004  lr=1.36e-06
  Epoch 098 [  20/1443]  loss=0.0001  lr=1.36e-06
  Epoch 098 [  40/1443]  loss=0.0001  lr=1.35e-06
  Epoch 098 [  60/1443]  loss=0.0000  lr=1.35e-06
  Epoch 098 [  80/1443]  loss=0.0001  lr=1.34e-06
  Epoch 098 [ 100/1443]  loss=0.0000  lr=1.34e-06
  Epoch 098 [ 120/1443]  loss=0.0002  lr=1.33e-06
  Epoch 098 [ 140/1443]  loss=0.0001  lr=1.33e-06
  Epoch 098 [ 160/1443]  loss=0.0002  lr=1.32e-06
  Epoch 098 [ 180/1443]  loss=0.0002  lr=1.32e-06
  Epoch 098 [ 200/1443]  loss=0.0000  lr=1.32e-06
  Epoch 098 [ 220/1443]  loss=0.0001  lr=1.31e-06
  Epoch 098 [ 240/1443]  loss=0.0005  lr=1.31e-06
  Epoch 098 [ 260/1443]  loss=0.0002  lr=1.30e-06
  Epoch 098 [ 280/1443]  loss=0.0002  lr=1.30e-06
  Epoch 098 [ 300/1443]  loss=0.0003  lr=1.29e-06
  Epoch 098 [ 320/1443]  loss=0.0004  lr=1.29e-06
  Epoch 098 [ 340/1443]  loss=0.0001  lr=1.28e-06
  Epoch 098 [ 360/1443]  loss=0.0004  lr=1.28e-06
  Epoch 098 [ 380/1443]  loss=0.0001  lr=1.27e-06
  Epoch 098 [ 400/1443]  loss=0.0001  lr=1.27e-06
  Epoch 098 [ 420/1443]  loss=0.0001  lr=1.27e-06
  Epoch 098 [ 440/1443]  loss=0.0000  lr=1.26e-06
  Epoch 098 [ 460/1443]  loss=0.0001  lr=1.26e-06
  Epoch 098 [ 480/1443]  loss=0.0001  lr=1.25e-06
  Epoch 098 [ 500/1443]  loss=0.0001  lr=1.25e-06
  Epoch 098 [ 520/1443]  loss=0.0001  lr=1.24e-06
  Epoch 098 [ 540/1443]  loss=0.0001  lr=1.24e-06
  Epoch 098 [ 560/1443]  loss=0.0001  lr=1.24e-06
  Epoch 098 [ 580/1443]  loss=0.0002  lr=1.23e-06
  Epoch 098 [ 600/1443]  loss=0.0000  lr=1.23e-06
  Epoch 098 [ 620/1443]  loss=0.0001  lr=1.22e-06
  Epoch 098 [ 640/1443]  loss=0.0001  lr=1.22e-06
  Epoch 098 [ 660/1443]  loss=0.0001  lr=1.22e-06
  Epoch 098 [ 680/1443]  loss=0.0003  lr=1.21e-06
  Epoch 098 [ 700/1443]  loss=0.0001  lr=1.21e-06
  Epoch 098 [ 720/1443]  loss=0.0002  lr=1.21e-06
  Epoch 098 [ 740/1443]  loss=0.0001  lr=1.20e-06
  Epoch 098 [ 760/1443]  loss=0.0001  lr=1.20e-06
  Epoch 098 [ 780/1443]  loss=0.0003  lr=1.19e-06
  Epoch 098 [ 800/1443]  loss=0.0003  lr=1.19e-06
  Epoch 098 [ 820/1443]  loss=0.0003  lr=1.19e-06
  Epoch 098 [ 840/1443]  loss=0.0001  lr=1.18e-06
  Epoch 098 [ 860/1443]  loss=0.0001  lr=1.18e-06
  Epoch 098 [ 880/1443]  loss=0.0000  lr=1.18e-06
  Epoch 098 [ 900/1443]  loss=0.0001  lr=1.17e-06
  Epoch 098 [ 920/1443]  loss=0.0001  lr=1.17e-06
  Epoch 098 [ 940/1443]  loss=0.0001  lr=1.17e-06
  Epoch 098 [ 960/1443]  loss=0.0001  lr=1.16e-06
  Epoch 098 [ 980/1443]  loss=0.0001  lr=1.16e-06
  Epoch 098 [1000/1443]  loss=0.0001  lr=1.16e-06
  Epoch 098 [1020/1443]  loss=0.0001  lr=1.15e-06
  Epoch 098 [1040/1443]  loss=0.0001  lr=1.15e-06
  Epoch 098 [1060/1443]  loss=0.0001  lr=1.15e-06
  Epoch 098 [1080/1443]  loss=0.0000  lr=1.14e-06
  Epoch 098 [1100/1443]  loss=0.0005  lr=1.14e-06
  Epoch 098 [1120/1443]  loss=0.0001  lr=1.14e-06
  Epoch 098 [1140/1443]  loss=0.0005  lr=1.13e-06
  Epoch 098 [1160/1443]  loss=0.0001  lr=1.13e-06
  Epoch 098 [1180/1443]  loss=0.0001  lr=1.13e-06
  Epoch 098 [1200/1443]  loss=0.0002  lr=1.12e-06
  Epoch 098 [1220/1443]  loss=0.0001  lr=1.12e-06
  Epoch 098 [1240/1443]  loss=0.0001  lr=1.12e-06
  Epoch 098 [1260/1443]  loss=0.0001  lr=1.12e-06
  Epoch 098 [1280/1443]  loss=0.0003  lr=1.11e-06
  Epoch 098 [1300/1443]  loss=0.0000  lr=1.11e-06
  Epoch 098 [1320/1443]  loss=0.0001  lr=1.11e-06
  Epoch 098 [1340/1443]  loss=0.0001  lr=1.10e-06
  Epoch 098 [1360/1443]  loss=0.0001  lr=1.10e-06
  Epoch 098 [1380/1443]  loss=0.0001  lr=1.10e-06
  Epoch 098 [1400/1443]  loss=0.0001  lr=1.10e-06
  Epoch 098 [1420/1443]  loss=0.0001  lr=1.09e-06
  Epoch 098 [1440/1443]  loss=0.0002  lr=1.09e-06

Epoch 098 done | avg_loss=0.0001 | val_mse_norm=0.0377 (α=0.0372 ζ=0.0383) | time=293.8s
  Checkpoint saved → /scratch/va2661/data/active_matter/checkpoints/supervised/latest.pt

  Epoch 099 [   0/1443]  loss=0.0001  lr=1.09e-06
  Epoch 099 [  20/1443]  loss=0.0001  lr=1.09e-06
  Epoch 099 [  40/1443]  loss=0.0002  lr=1.09e-06
  Epoch 099 [  60/1443]  loss=0.0001  lr=1.08e-06
  Epoch 099 [  80/1443]  loss=0.0001  lr=1.08e-06
  Epoch 099 [ 100/1443]  loss=0.0002  lr=1.08e-06
  Epoch 099 [ 120/1443]  loss=0.0002  lr=1.08e-06
  Epoch 099 [ 140/1443]  loss=0.0001  lr=1.07e-06
  Epoch 099 [ 160/1443]  loss=0.0002  lr=1.07e-06
  Epoch 099 [ 180/1443]  loss=0.0001  lr=1.07e-06
  Epoch 099 [ 200/1443]  loss=0.0001  lr=1.07e-06
  Epoch 099 [ 220/1443]  loss=0.0002  lr=1.07e-06
  Epoch 099 [ 240/1443]  loss=0.0002  lr=1.06e-06
  Epoch 099 [ 260/1443]  loss=0.0002  lr=1.06e-06
  Epoch 099 [ 280/1443]  loss=0.0000  lr=1.06e-06
  Epoch 099 [ 300/1443]  loss=0.0001  lr=1.06e-06
  Epoch 099 [ 320/1443]  loss=0.0001  lr=1.06e-06
  Epoch 099 [ 340/1443]  loss=0.0001  lr=1.05e-06
  Epoch 099 [ 360/1443]  loss=0.0001  lr=1.05e-06
  Epoch 099 [ 380/1443]  loss=0.0002  lr=1.05e-06
  Epoch 099 [ 400/1443]  loss=0.0000  lr=1.05e-06
  Epoch 099 [ 420/1443]  loss=0.0001  lr=1.05e-06
  Epoch 099 [ 440/1443]  loss=0.0001  lr=1.04e-06
  Epoch 099 [ 460/1443]  loss=0.0000  lr=1.04e-06
  Epoch 099 [ 480/1443]  loss=0.0001  lr=1.04e-06
  Epoch 099 [ 500/1443]  loss=0.0002  lr=1.04e-06
  Epoch 099 [ 520/1443]  loss=0.0002  lr=1.04e-06
  Epoch 099 [ 540/1443]  loss=0.0001  lr=1.04e-06
  Epoch 099 [ 560/1443]  loss=0.0001  lr=1.03e-06
  Epoch 099 [ 580/1443]  loss=0.0001  lr=1.03e-06
  Epoch 099 [ 600/1443]  loss=0.0001  lr=1.03e-06
  Epoch 099 [ 620/1443]  loss=0.0002  lr=1.03e-06
  Epoch 099 [ 640/1443]  loss=0.0000  lr=1.03e-06
  Epoch 099 [ 660/1443]  loss=0.0001  lr=1.03e-06
  Epoch 099 [ 680/1443]  loss=0.0001  lr=1.03e-06
  Epoch 099 [ 700/1443]  loss=0.0001  lr=1.02e-06
  Epoch 099 [ 720/1443]  loss=0.0002  lr=1.02e-06
  Epoch 099 [ 740/1443]  loss=0.0001  lr=1.02e-06
  Epoch 099 [ 760/1443]  loss=0.0001  lr=1.02e-06
  Epoch 099 [ 780/1443]  loss=0.0002  lr=1.02e-06
  Epoch 099 [ 800/1443]  loss=0.0001  lr=1.02e-06
  Epoch 099 [ 820/1443]  loss=0.0003  lr=1.02e-06
  Epoch 099 [ 840/1443]  loss=0.0000  lr=1.02e-06
  Epoch 099 [ 860/1443]  loss=0.0000  lr=1.01e-06
  Epoch 099 [ 880/1443]  loss=0.0001  lr=1.01e-06
  Epoch 099 [ 900/1443]  loss=0.0001  lr=1.01e-06
  Epoch 099 [ 920/1443]  loss=0.0000  lr=1.01e-06
  Epoch 099 [ 940/1443]  loss=0.0001  lr=1.01e-06
  Epoch 099 [ 960/1443]  loss=0.0004  lr=1.01e-06
  Epoch 099 [ 980/1443]  loss=0.0002  lr=1.01e-06
  Epoch 099 [1000/1443]  loss=0.0001  lr=1.01e-06
  Epoch 099 [1020/1443]  loss=0.0001  lr=1.01e-06
  Epoch 099 [1040/1443]  loss=0.0000  lr=1.01e-06
  Epoch 099 [1060/1443]  loss=0.0001  lr=1.01e-06
  Epoch 099 [1080/1443]  loss=0.0001  lr=1.01e-06
  Epoch 099 [1100/1443]  loss=0.0001  lr=1.01e-06
  Epoch 099 [1120/1443]  loss=0.0002  lr=1.00e-06
  Epoch 099 [1140/1443]  loss=0.0001  lr=1.00e-06
  Epoch 099 [1160/1443]  loss=0.0006  lr=1.00e-06
  Epoch 099 [1180/1443]  loss=0.0001  lr=1.00e-06
  Epoch 099 [1200/1443]  loss=0.0001  lr=1.00e-06
  Epoch 099 [1220/1443]  loss=0.0003  lr=1.00e-06
  Epoch 099 [1240/1443]  loss=0.0001  lr=1.00e-06
  Epoch 099 [1260/1443]  loss=0.0002  lr=1.00e-06
  Epoch 099 [1280/1443]  loss=0.0002  lr=1.00e-06
  Epoch 099 [1300/1443]  loss=0.0002  lr=1.00e-06
  Epoch 099 [1320/1443]  loss=0.0000  lr=1.00e-06
  Epoch 099 [1340/1443]  loss=0.0001  lr=1.00e-06
  Epoch 099 [1360/1443]  loss=0.0001  lr=1.00e-06
  Epoch 099 [1380/1443]  loss=0.0000  lr=1.00e-06
  Epoch 099 [1400/1443]  loss=0.0000  lr=1.00e-06
  Epoch 099 [1420/1443]  loss=0.0001  lr=1.00e-06
  Epoch 099 [1440/1443]  loss=0.0001  lr=1.00e-06

Epoch 099 done | avg_loss=0.0001 | val_mse_norm=0.0379 (α=0.0370 ζ=0.0389) | time=295.0s
  Checkpoint saved → /scratch/va2661/data/active_matter/checkpoints/supervised/latest.pt


=======================================================
Supervised baseline — test results
=======================================================
  MSE (normalised, combined) : 0.1336
  MSE alpha (normalised)     : 0.2286
  MSE zeta  (normalised)     : 0.0387

Results saved → /scratch/va2661/data/active_matter/checkpoints/supervised/supervised_results.yaml
End time : Sat Apr 11 00:54:33 EDT 2026
