Job ID     : 162604
Node       : b-19-1
Start time : Fri Apr 10 18:55:11 EDT 2026
Starting training...
Device: cuda
  GPU: NVIDIA A100-SXM4-40GB
Loaded channel stats from /scratch/va2661/data/active_matter/stats.yaml
  Raw stats keys: ['mean', 'mean_delta', 'rms', 'rms_delta', 'std', 'std_delta']
  mean: ['1.0000', '-0.0000', '0.0000', '0.5018', '-0.0062', '-0.0062', '0.4982', '0.0000', '0.0000', '0.0000', '-0.0000']
  std : ['0.0030', '0.5772', '0.5671', '0.3201', '0.3311', '0.3311', '0.3202', '0.4073', '0.4322', '0.4322', '0.4073']
Dataset sizes  — train: 11,550  val: 1,584  test: 1,716
Batches/epoch  — train: 721  val: 99

Model parameters: encoder=23.46M  predictor=3.12M  total=26.58M

Starting training from epoch 0 / 100

  Epoch 000 [   0/721]  loss=0.4517  lr=0.00e+00  ema_tau=0.99600
  Epoch 000 [  20/721]  loss=0.4486  lr=4.16e-07  ema_tau=0.99600
  Epoch 000 [  40/721]  loss=0.4362  lr=8.32e-07  ema_tau=0.99600
  Epoch 000 [  60/721]  loss=0.4273  lr=1.25e-06  ema_tau=0.99600
  Epoch 000 [  80/721]  loss=0.4116  lr=1.66e-06  ema_tau=0.99600
  Epoch 000 [ 100/721]  loss=0.4010  lr=2.08e-06  ema_tau=0.99600
  Epoch 000 [ 120/721]  loss=0.3925  lr=2.50e-06  ema_tau=0.99600
  Epoch 000 [ 140/721]  loss=0.3812  lr=2.91e-06  ema_tau=0.99600
  Epoch 000 [ 160/721]  loss=0.3770  lr=3.33e-06  ema_tau=0.99600
  Epoch 000 [ 180/721]  loss=0.3691  lr=3.74e-06  ema_tau=0.99600
  Epoch 000 [ 200/721]  loss=0.3635  lr=4.16e-06  ema_tau=0.99600
  Epoch 000 [ 220/721]  loss=0.3614  lr=4.58e-06  ema_tau=0.99600
  Epoch 000 [ 240/721]  loss=0.3518  lr=4.99e-06  ema_tau=0.99600
  Epoch 000 [ 260/721]  loss=0.3492  lr=5.41e-06  ema_tau=0.99600
  Epoch 000 [ 280/721]  loss=0.3447  lr=5.83e-06  ema_tau=0.99600
  Epoch 000 [ 300/721]  loss=0.3410  lr=6.24e-06  ema_tau=0.99600
  Epoch 000 [ 320/721]  loss=0.3373  lr=6.66e-06  ema_tau=0.99600
  Epoch 000 [ 340/721]  loss=0.3286  lr=7.07e-06  ema_tau=0.99600
  Epoch 000 [ 360/721]  loss=0.3272  lr=7.49e-06  ema_tau=0.99600
  Epoch 000 [ 380/721]  loss=0.3236  lr=7.91e-06  ema_tau=0.99600
  Epoch 000 [ 400/721]  loss=0.3122  lr=8.32e-06  ema_tau=0.99600
  Epoch 000 [ 420/721]  loss=0.3070  lr=8.74e-06  ema_tau=0.99600
  Epoch 000 [ 440/721]  loss=0.3049  lr=9.15e-06  ema_tau=0.99600
  Epoch 000 [ 460/721]  loss=0.2970  lr=9.57e-06  ema_tau=0.99600
  Epoch 000 [ 480/721]  loss=0.2846  lr=9.99e-06  ema_tau=0.99600
  Epoch 000 [ 500/721]  loss=0.2787  lr=1.04e-05  ema_tau=0.99600
  Epoch 000 [ 520/721]  loss=0.2782  lr=1.08e-05  ema_tau=0.99600
  Epoch 000 [ 540/721]  loss=0.2711  lr=1.12e-05  ema_tau=0.99600
  Epoch 000 [ 560/721]  loss=0.2686  lr=1.17e-05  ema_tau=0.99600
  Epoch 000 [ 580/721]  loss=0.2621  lr=1.21e-05  ema_tau=0.99600
  Epoch 000 [ 600/721]  loss=0.2496  lr=1.25e-05  ema_tau=0.99600
  Epoch 000 [ 620/721]  loss=0.2517  lr=1.29e-05  ema_tau=0.99600
  Epoch 000 [ 640/721]  loss=0.2436  lr=1.33e-05  ema_tau=0.99600
  Epoch 000 [ 660/721]  loss=0.2388  lr=1.37e-05  ema_tau=0.99600
  Epoch 000 [ 680/721]  loss=0.2261  lr=1.41e-05  ema_tau=0.99600
  Epoch 000 [ 700/721]  loss=0.2292  lr=1.46e-05  ema_tau=0.99600
  Epoch 000 [ 720/721]  loss=0.2271  lr=1.50e-05  ema_tau=0.99600

Epoch 000 done | avg_loss=0.3264 | time=391.0s
  Collapse check — embed_std=0.0172  mean_cos_sim=0.8739
  Val loss: 0.2052
  Checkpoint saved → /scratch/va2661/data/active_matter/checkpoints/jepa/latest.pt
  Checkpoint saved → /scratch/va2661/data/active_matter/checkpoints/jepa/epoch_0000.pt
  Checkpoint saved → /scratch/va2661/data/active_matter/checkpoints/jepa/best.pt

  Epoch 001 [   0/721]  loss=0.2187  lr=1.50e-05  ema_tau=0.99600
  Epoch 001 [  20/721]  loss=0.2244  lr=1.54e-05  ema_tau=0.99600
  Epoch 001 [  40/721]  loss=0.2111  lr=1.58e-05  ema_tau=0.99600
  Epoch 001 [  60/721]  loss=0.2228  lr=1.62e-05  ema_tau=0.99600
  Epoch 001 [  80/721]  loss=0.2045  lr=1.67e-05  ema_tau=0.99600
  Epoch 001 [ 100/721]  loss=0.2199  lr=1.71e-05  ema_tau=0.99600
  Epoch 001 [ 120/721]  loss=0.2080  lr=1.75e-05  ema_tau=0.99600
  Epoch 001 [ 140/721]  loss=0.2051  lr=1.79e-05  ema_tau=0.99600
  Epoch 001 [ 160/721]  loss=0.2106  lr=1.83e-05  ema_tau=0.99600
  Epoch 001 [ 180/721]  loss=0.2051  lr=1.87e-05  ema_tau=0.99600
  Epoch 001 [ 200/721]  loss=0.2054  lr=1.92e-05  ema_tau=0.99600
  Epoch 001 [ 220/721]  loss=0.2125  lr=1.96e-05  ema_tau=0.99600
  Epoch 001 [ 240/721]  loss=0.2320  lr=2.00e-05  ema_tau=0.99600
  Epoch 001 [ 260/721]  loss=0.2183  lr=2.04e-05  ema_tau=0.99600
  Epoch 001 [ 280/721]  loss=0.2215  lr=2.08e-05  ema_tau=0.99600
  Epoch 001 [ 300/721]  loss=0.2269  lr=2.12e-05  ema_tau=0.99600
  Epoch 001 [ 320/721]  loss=0.2207  lr=2.17e-05  ema_tau=0.99600
  Epoch 001 [ 340/721]  loss=0.2575  lr=2.21e-05  ema_tau=0.99600
  Epoch 001 [ 360/721]  loss=0.2379  lr=2.25e-05  ema_tau=0.99600
  Epoch 001 [ 380/721]  loss=0.2260  lr=2.29e-05  ema_tau=0.99600
  Epoch 001 [ 400/721]  loss=0.2357  lr=2.33e-05  ema_tau=0.99600
  Epoch 001 [ 420/721]  loss=0.2393  lr=2.37e-05  ema_tau=0.99600
  Epoch 001 [ 440/721]  loss=0.2678  lr=2.42e-05  ema_tau=0.99600
  Epoch 001 [ 460/721]  loss=0.2568  lr=2.46e-05  ema_tau=0.99600
  Epoch 001 [ 480/721]  loss=0.2578  lr=2.50e-05  ema_tau=0.99600
  Epoch 001 [ 500/721]  loss=0.2473  lr=2.54e-05  ema_tau=0.99600
  Epoch 001 [ 520/721]  loss=0.2928  lr=2.58e-05  ema_tau=0.99600
  Epoch 001 [ 540/721]  loss=0.2762  lr=2.62e-05  ema_tau=0.99600
  Epoch 001 [ 560/721]  loss=0.2774  lr=2.67e-05  ema_tau=0.99600
  Epoch 001 [ 580/721]  loss=0.2854  lr=2.71e-05  ema_tau=0.99600
  Epoch 001 [ 600/721]  loss=0.2871  lr=2.75e-05  ema_tau=0.99600
  Epoch 001 [ 620/721]  loss=0.2848  lr=2.79e-05  ema_tau=0.99600
  Epoch 001 [ 640/721]  loss=0.2972  lr=2.83e-05  ema_tau=0.99600
  Epoch 001 [ 660/721]  loss=0.2972  lr=2.87e-05  ema_tau=0.99600
  Epoch 001 [ 680/721]  loss=0.2795  lr=2.91e-05  ema_tau=0.99600
  Epoch 001 [ 700/721]  loss=0.2717  lr=2.96e-05  ema_tau=0.99600
  Epoch 001 [ 720/721]  loss=0.2742  lr=3.00e-05  ema_tau=0.99600

Epoch 001 done | avg_loss=0.2417 | time=292.0s
  Val loss: 0.2671
  Checkpoint saved → /scratch/va2661/data/active_matter/checkpoints/jepa/latest.pt

  Epoch 002 [   0/721]  loss=0.2713  lr=3.00e-05  ema_tau=0.99600
  Epoch 002 [  20/721]  loss=0.2906  lr=3.04e-05  ema_tau=0.99600
  Epoch 002 [  40/721]  loss=0.2833  lr=3.08e-05  ema_tau=0.99600
  Epoch 002 [  60/721]  loss=0.3013  lr=3.12e-05  ema_tau=0.99600
  Epoch 002 [  80/721]  loss=0.3134  lr=3.17e-05  ema_tau=0.99600
  Epoch 002 [ 100/721]  loss=0.3118  lr=3.21e-05  ema_tau=0.99600
  Epoch 002 [ 120/721]  loss=0.3004  lr=3.25e-05  ema_tau=0.99600
  Epoch 002 [ 140/721]  loss=0.3053  lr=3.29e-05  ema_tau=0.99600
  Epoch 002 [ 160/721]  loss=0.2767  lr=3.33e-05  ema_tau=0.99600
  Epoch 002 [ 180/721]  loss=0.2923  lr=3.37e-05  ema_tau=0.99600
  Epoch 002 [ 200/721]  loss=0.2889  lr=3.42e-05  ema_tau=0.99601
  Epoch 002 [ 220/721]  loss=0.3107  lr=3.46e-05  ema_tau=0.99601
  Epoch 002 [ 240/721]  loss=0.2824  lr=3.50e-05  ema_tau=0.99601
  Epoch 002 [ 260/721]  loss=0.2984  lr=3.54e-05  ema_tau=0.99601
  Epoch 002 [ 280/721]  loss=0.2662  lr=3.58e-05  ema_tau=0.99601
  Epoch 002 [ 300/721]  loss=0.2894  lr=3.62e-05  ema_tau=0.99601
  Epoch 002 [ 320/721]  loss=0.3053  lr=3.67e-05  ema_tau=0.99601
  Epoch 002 [ 340/721]  loss=0.3039  lr=3.71e-05  ema_tau=0.99601
  Epoch 002 [ 360/721]  loss=0.3024  lr=3.75e-05  ema_tau=0.99601
  Epoch 002 [ 380/721]  loss=0.2912  lr=3.79e-05  ema_tau=0.99601
  Epoch 002 [ 400/721]  loss=0.3134  lr=3.83e-05  ema_tau=0.99601
  Epoch 002 [ 420/721]  loss=0.3099  lr=3.87e-05  ema_tau=0.99601
  Epoch 002 [ 440/721]  loss=0.2992  lr=3.92e-05  ema_tau=0.99601
  Epoch 002 [ 460/721]  loss=0.3216  lr=3.96e-05  ema_tau=0.99601
  Epoch 002 [ 480/721]  loss=0.2909  lr=4.00e-05  ema_tau=0.99601
  Epoch 002 [ 500/721]  loss=0.3185  lr=4.04e-05  ema_tau=0.99601
  Epoch 002 [ 520/721]  loss=0.3187  lr=4.08e-05  ema_tau=0.99601
  Epoch 002 [ 540/721]  loss=0.2987  lr=4.12e-05  ema_tau=0.99601
  Epoch 002 [ 560/721]  loss=0.3099  lr=4.17e-05  ema_tau=0.99601
  Epoch 002 [ 580/721]  loss=0.3169  lr=4.21e-05  ema_tau=0.99601
  Epoch 002 [ 600/721]  loss=0.2899  lr=4.25e-05  ema_tau=0.99601
  Epoch 002 [ 620/721]  loss=0.3225  lr=4.29e-05  ema_tau=0.99601
  Epoch 002 [ 640/721]  loss=0.3037  lr=4.33e-05  ema_tau=0.99601
  Epoch 002 [ 660/721]  loss=0.3004  lr=4.37e-05  ema_tau=0.99601
  Epoch 002 [ 680/721]  loss=0.3088  lr=4.41e-05  ema_tau=0.99601
  Epoch 002 [ 700/721]  loss=0.3018  lr=4.46e-05  ema_tau=0.99601
  Epoch 002 [ 720/721]  loss=0.2941  lr=4.50e-05  ema_tau=0.99601

Epoch 002 done | avg_loss=0.3007 | time=291.8s
  Val loss: 0.2830
  Checkpoint saved → /scratch/va2661/data/active_matter/checkpoints/jepa/latest.pt

  Epoch 003 [   0/721]  loss=0.2881  lr=4.50e-05  ema_tau=0.99601
  Epoch 003 [  20/721]  loss=0.2972  lr=4.54e-05  ema_tau=0.99601
  Epoch 003 [  40/721]  loss=0.3177  lr=4.58e-05  ema_tau=0.99601
  Epoch 003 [  60/721]  loss=0.3017  lr=4.62e-05  ema_tau=0.99601
  Epoch 003 [  80/721]  loss=0.2978  lr=4.67e-05  ema_tau=0.99601
  Epoch 003 [ 100/721]  loss=0.2975  lr=4.71e-05  ema_tau=0.99601
  Epoch 003 [ 120/721]  loss=0.2891  lr=4.75e-05  ema_tau=0.99601
  Epoch 003 [ 140/721]  loss=0.3011  lr=4.79e-05  ema_tau=0.99601
  Epoch 003 [ 160/721]  loss=0.2580  lr=4.83e-05  ema_tau=0.99601
  Epoch 003 [ 180/721]  loss=0.2883  lr=4.87e-05  ema_tau=0.99601
  Epoch 003 [ 200/721]  loss=0.2990  lr=4.92e-05  ema_tau=0.99601
  Epoch 003 [ 220/721]  loss=0.2879  lr=4.96e-05  ema_tau=0.99601
  Epoch 003 [ 240/721]  loss=0.2882  lr=5.00e-05  ema_tau=0.99601
  Epoch 003 [ 260/721]  loss=0.2803  lr=5.04e-05  ema_tau=0.99601
  Epoch 003 [ 280/721]  loss=0.3010  lr=5.08e-05  ema_tau=0.99601
  Epoch 003 [ 300/721]  loss=0.2808  lr=5.12e-05  ema_tau=0.99601
  Epoch 003 [ 320/721]  loss=0.3041  lr=5.17e-05  ema_tau=0.99601
  Epoch 003 [ 340/721]  loss=0.2973  lr=5.21e-05  ema_tau=0.99601
  Epoch 003 [ 360/721]  loss=0.2991  lr=5.25e-05  ema_tau=0.99601
  Epoch 003 [ 380/721]  loss=0.3053  lr=5.29e-05  ema_tau=0.99601
  Epoch 003 [ 400/721]  loss=0.3033  lr=5.33e-05  ema_tau=0.99601
  Epoch 003 [ 420/721]  loss=0.2770  lr=5.37e-05  ema_tau=0.99601
  Epoch 003 [ 440/721]  loss=0.2759  lr=5.42e-05  ema_tau=0.99601
  Epoch 003 [ 460/721]  loss=0.3122  lr=5.46e-05  ema_tau=0.99601
  Epoch 003 [ 480/721]  loss=0.2965  lr=5.50e-05  ema_tau=0.99601
  Epoch 003 [ 500/721]  loss=0.2720  lr=5.54e-05  ema_tau=0.99601
  Epoch 003 [ 520/721]  loss=0.3194  lr=5.58e-05  ema_tau=0.99601
  Epoch 003 [ 540/721]  loss=0.2793  lr=5.62e-05  ema_tau=0.99601
  Epoch 003 [ 560/721]  loss=0.2883  lr=5.67e-05  ema_tau=0.99601
  Epoch 003 [ 580/721]  loss=0.2655  lr=5.71e-05  ema_tau=0.99601
  Epoch 003 [ 600/721]  loss=0.2868  lr=5.75e-05  ema_tau=0.99601
  Epoch 003 [ 620/721]  loss=0.2644  lr=5.79e-05  ema_tau=0.99601
  Epoch 003 [ 640/721]  loss=0.2959  lr=5.83e-05  ema_tau=0.99601
  Epoch 003 [ 660/721]  loss=0.2861  lr=5.87e-05  ema_tau=0.99602
  Epoch 003 [ 680/721]  loss=0.2843  lr=5.91e-05  ema_tau=0.99602
  Epoch 003 [ 700/721]  loss=0.2862  lr=5.96e-05  ema_tau=0.99602
  Epoch 003 [ 720/721]  loss=0.2785  lr=6.00e-05  ema_tau=0.99602

Epoch 003 done | avg_loss=0.2903 | time=291.5s
  Val loss: 0.2628
  Checkpoint saved → /scratch/va2661/data/active_matter/checkpoints/jepa/latest.pt

  Epoch 004 [   0/721]  loss=0.2628  lr=6.00e-05  ema_tau=0.99602
  Epoch 004 [  20/721]  loss=0.2834  lr=6.04e-05  ema_tau=0.99602
  Epoch 004 [  40/721]  loss=0.2866  lr=6.08e-05  ema_tau=0.99602
  Epoch 004 [  60/721]  loss=0.2925  lr=6.12e-05  ema_tau=0.99602
  Epoch 004 [  80/721]  loss=0.2893  lr=6.17e-05  ema_tau=0.99602
  Epoch 004 [ 100/721]  loss=0.2679  lr=6.21e-05  ema_tau=0.99602
  Epoch 004 [ 120/721]  loss=0.2703  lr=6.25e-05  ema_tau=0.99602
  Epoch 004 [ 140/721]  loss=0.2781  lr=6.29e-05  ema_tau=0.99602
  Epoch 004 [ 160/721]  loss=0.3172  lr=6.33e-05  ema_tau=0.99602
  Epoch 004 [ 180/721]  loss=0.2631  lr=6.37e-05  ema_tau=0.99602
  Epoch 004 [ 200/721]  loss=0.2688  lr=6.42e-05  ema_tau=0.99602
  Epoch 004 [ 220/721]  loss=0.2641  lr=6.46e-05  ema_tau=0.99602
  Epoch 004 [ 240/721]  loss=0.2906  lr=6.50e-05  ema_tau=0.99602
  Epoch 004 [ 260/721]  loss=0.2789  lr=6.54e-05  ema_tau=0.99602
  Epoch 004 [ 280/721]  loss=0.2444  lr=6.58e-05  ema_tau=0.99602
  Epoch 004 [ 300/721]  loss=0.2678  lr=6.62e-05  ema_tau=0.99602
  Epoch 004 [ 320/721]  loss=0.3015  lr=6.67e-05  ema_tau=0.99602
  Epoch 004 [ 340/721]  loss=0.2574  lr=6.71e-05  ema_tau=0.99602
  Epoch 004 [ 360/721]  loss=0.2752  lr=6.75e-05  ema_tau=0.99602
  Epoch 004 [ 380/721]  loss=0.2896  lr=6.79e-05  ema_tau=0.99602
  Epoch 004 [ 400/721]  loss=0.2729  lr=6.83e-05  ema_tau=0.99602
  Epoch 004 [ 420/721]  loss=0.2499  lr=6.87e-05  ema_tau=0.99602
  Epoch 004 [ 440/721]  loss=0.2613  lr=6.92e-05  ema_tau=0.99602
  Epoch 004 [ 460/721]  loss=0.2725  lr=6.96e-05  ema_tau=0.99602
  Epoch 004 [ 480/721]  loss=0.2667  lr=7.00e-05  ema_tau=0.99602
  Epoch 004 [ 500/721]  loss=0.2611  lr=7.04e-05  ema_tau=0.99602
  Epoch 004 [ 520/721]  loss=0.2654  lr=7.08e-05  ema_tau=0.99602
  Epoch 004 [ 540/721]  loss=0.2973  lr=7.12e-05  ema_tau=0.99602
  Epoch 004 [ 560/721]  loss=0.2885  lr=7.17e-05  ema_tau=0.99602
  Epoch 004 [ 580/721]  loss=0.2756  lr=7.21e-05  ema_tau=0.99602
  Epoch 004 [ 600/721]  loss=0.2447  lr=7.25e-05  ema_tau=0.99602
  Epoch 004 [ 620/721]  loss=0.2489  lr=7.29e-05  ema_tau=0.99602
  Epoch 004 [ 640/721]  loss=0.2658  lr=7.33e-05  ema_tau=0.99602
  Epoch 004 [ 660/721]  loss=0.2266  lr=7.37e-05  ema_tau=0.99602
  Epoch 004 [ 680/721]  loss=0.2736  lr=7.41e-05  ema_tau=0.99602
  Epoch 004 [ 700/721]  loss=0.2311  lr=7.46e-05  ema_tau=0.99602
  Epoch 004 [ 720/721]  loss=0.2340  lr=7.50e-05  ema_tau=0.99602

Epoch 004 done | avg_loss=0.2662 | time=291.9s
  Val loss: 0.2253
  Checkpoint saved → /scratch/va2661/data/active_matter/checkpoints/jepa/latest.pt

  Epoch 005 [   0/721]  loss=0.2500  lr=7.50e-05  ema_tau=0.99602
  Epoch 005 [  20/721]  loss=0.2336  lr=7.54e-05  ema_tau=0.99602
  Epoch 005 [  40/721]  loss=0.2343  lr=7.58e-05  ema_tau=0.99603
  Epoch 005 [  60/721]  loss=0.2313  lr=7.62e-05  ema_tau=0.99603
  Epoch 005 [  80/721]  loss=0.2517  lr=7.67e-05  ema_tau=0.99603
  Epoch 005 [ 100/721]  loss=0.2496  lr=7.71e-05  ema_tau=0.99603
  Epoch 005 [ 120/721]  loss=0.2366  lr=7.75e-05  ema_tau=0.99603
  Epoch 005 [ 140/721]  loss=0.2256  lr=7.79e-05  ema_tau=0.99603
  Epoch 005 [ 160/721]  loss=0.2266  lr=7.83e-05  ema_tau=0.99603
  Epoch 005 [ 180/721]  loss=0.2325  lr=7.87e-05  ema_tau=0.99603
  Epoch 005 [ 200/721]  loss=0.2328  lr=7.92e-05  ema_tau=0.99603
  Epoch 005 [ 220/721]  loss=0.2441  lr=7.96e-05  ema_tau=0.99603
  Epoch 005 [ 240/721]  loss=0.2264  lr=8.00e-05  ema_tau=0.99603
  Epoch 005 [ 260/721]  loss=0.2191  lr=8.04e-05  ema_tau=0.99603
  Epoch 005 [ 280/721]  loss=0.2032  lr=8.08e-05  ema_tau=0.99603
  Epoch 005 [ 300/721]  loss=0.2378  lr=8.12e-05  ema_tau=0.99603
  Epoch 005 [ 320/721]  loss=0.1877  lr=8.17e-05  ema_tau=0.99603
  Epoch 005 [ 340/721]  loss=0.2167  lr=8.21e-05  ema_tau=0.99603
  Epoch 005 [ 360/721]  loss=0.1979  lr=8.25e-05  ema_tau=0.99603
  Epoch 005 [ 380/721]  loss=0.1946  lr=8.29e-05  ema_tau=0.99603
  Epoch 005 [ 400/721]  loss=0.1944  lr=8.33e-05  ema_tau=0.99603
  Epoch 005 [ 420/721]  loss=0.1600  lr=8.37e-05  ema_tau=0.99603
  Epoch 005 [ 440/721]  loss=0.1788  lr=8.42e-05  ema_tau=0.99603
  Epoch 005 [ 460/721]  loss=0.1706  lr=8.46e-05  ema_tau=0.99603
  Epoch 005 [ 480/721]  loss=0.1646  lr=8.50e-05  ema_tau=0.99603
  Epoch 005 [ 500/721]  loss=0.1700  lr=8.54e-05  ema_tau=0.99603
  Epoch 005 [ 520/721]  loss=0.1656  lr=8.58e-05  ema_tau=0.99603
  Epoch 005 [ 540/721]  loss=0.1407  lr=8.62e-05  ema_tau=0.99603
  Epoch 005 [ 560/721]  loss=0.1394  lr=8.67e-05  ema_tau=0.99603
  Epoch 005 [ 580/721]  loss=0.1431  lr=8.71e-05  ema_tau=0.99603
  Epoch 005 [ 600/721]  loss=0.1381  lr=8.75e-05  ema_tau=0.99603
  Epoch 005 [ 620/721]  loss=0.1125  lr=8.79e-05  ema_tau=0.99603
  Epoch 005 [ 640/721]  loss=0.1164  lr=8.83e-05  ema_tau=0.99603
  Epoch 005 [ 660/721]  loss=0.1416  lr=8.87e-05  ema_tau=0.99603
  Epoch 005 [ 680/721]  loss=0.1430  lr=8.91e-05  ema_tau=0.99603
  Epoch 005 [ 700/721]  loss=0.1287  lr=8.96e-05  ema_tau=0.99604
  Epoch 005 [ 720/721]  loss=0.1441  lr=9.00e-05  ema_tau=0.99604

Epoch 005 done | avg_loss=0.1900 | time=292.6s
  Collapse check — embed_std=0.0440  mean_cos_sim=0.1957
  Val loss: 0.1056
  Checkpoint saved → /scratch/va2661/data/active_matter/checkpoints/jepa/latest.pt
  Checkpoint saved → /scratch/va2661/data/active_matter/checkpoints/jepa/best.pt

  Epoch 006 [   0/721]  loss=0.1264  lr=9.00e-05  ema_tau=0.99604
  Epoch 006 [  20/721]  loss=0.1172  lr=9.04e-05  ema_tau=0.99604
  Epoch 006 [  40/721]  loss=0.1139  lr=9.08e-05  ema_tau=0.99604
  Epoch 006 [  60/721]  loss=0.1225  lr=9.12e-05  ema_tau=0.99604
  Epoch 006 [  80/721]  loss=0.1005  lr=9.17e-05  ema_tau=0.99604
  Epoch 006 [ 100/721]  loss=0.1067  lr=9.21e-05  ema_tau=0.99604
  Epoch 006 [ 120/721]  loss=0.1071  lr=9.25e-05  ema_tau=0.99604
  Epoch 006 [ 140/721]  loss=0.0934  lr=9.29e-05  ema_tau=0.99604
  Epoch 006 [ 160/721]  loss=0.0917  lr=9.33e-05  ema_tau=0.99604
  Epoch 006 [ 180/721]  loss=0.0839  lr=9.37e-05  ema_tau=0.99604
  Epoch 006 [ 200/721]  loss=0.1142  lr=9.42e-05  ema_tau=0.99604
  Epoch 006 [ 220/721]  loss=0.1000  lr=9.46e-05  ema_tau=0.99604
  Epoch 006 [ 240/721]  loss=0.1018  lr=9.50e-05  ema_tau=0.99604
  Epoch 006 [ 260/721]  loss=0.1080  lr=9.54e-05  ema_tau=0.99604
  Epoch 006 [ 280/721]  loss=0.1053  lr=9.58e-05  ema_tau=0.99604
  Epoch 006 [ 300/721]  loss=0.1001  lr=9.62e-05  ema_tau=0.99604
  Epoch 006 [ 320/721]  loss=0.0920  lr=9.67e-05  ema_tau=0.99604
  Epoch 006 [ 340/721]  loss=0.0884  lr=9.71e-05  ema_tau=0.99604
  Epoch 006 [ 360/721]  loss=0.0870  lr=9.75e-05  ema_tau=0.99604
  Epoch 006 [ 380/721]  loss=0.0884  lr=9.79e-05  ema_tau=0.99604
  Epoch 006 [ 400/721]  loss=0.0784  lr=9.83e-05  ema_tau=0.99604
  Epoch 006 [ 420/721]  loss=0.0954  lr=9.87e-05  ema_tau=0.99604
  Epoch 006 [ 440/721]  loss=0.0962  lr=9.92e-05  ema_tau=0.99604
  Epoch 006 [ 460/721]  loss=0.0921  lr=9.96e-05  ema_tau=0.99604
  Epoch 006 [ 480/721]  loss=0.0866  lr=1.00e-04  ema_tau=0.99604
  Epoch 006 [ 500/721]  loss=0.0857  lr=1.00e-04  ema_tau=0.99604
  Epoch 006 [ 520/721]  loss=0.0928  lr=1.01e-04  ema_tau=0.99604
  Epoch 006 [ 540/721]  loss=0.0940  lr=1.01e-04  ema_tau=0.99604
  Epoch 006 [ 560/721]  loss=0.0949  lr=1.02e-04  ema_tau=0.99605
  Epoch 006 [ 580/721]  loss=0.1011  lr=1.02e-04  ema_tau=0.99605
  Epoch 006 [ 600/721]  loss=0.1015  lr=1.02e-04  ema_tau=0.99605
  Epoch 006 [ 620/721]  loss=0.0824  lr=1.03e-04  ema_tau=0.99605
  Epoch 006 [ 640/721]  loss=0.0871  lr=1.03e-04  ema_tau=0.99605
  Epoch 006 [ 660/721]  loss=0.0900  lr=1.04e-04  ema_tau=0.99605
  Epoch 006 [ 680/721]  loss=0.0806  lr=1.04e-04  ema_tau=0.99605
  Epoch 006 [ 700/721]  loss=0.0933  lr=1.05e-04  ema_tau=0.99605
  Epoch 006 [ 720/721]  loss=0.0745  lr=1.05e-04  ema_tau=0.99605

Epoch 006 done | avg_loss=0.0972 | time=291.8s
  Val loss: 0.0770
  Checkpoint saved → /scratch/va2661/data/active_matter/checkpoints/jepa/latest.pt
  Checkpoint saved → /scratch/va2661/data/active_matter/checkpoints/jepa/best.pt

  Epoch 007 [   0/721]  loss=0.0866  lr=1.05e-04  ema_tau=0.99605
  Epoch 007 [  20/721]  loss=0.0971  lr=1.05e-04  ema_tau=0.99605
  Epoch 007 [  40/721]  loss=0.0790  lr=1.06e-04  ema_tau=0.99605
  Epoch 007 [  60/721]  loss=0.0861  lr=1.06e-04  ema_tau=0.99605
  Epoch 007 [  80/721]  loss=0.0858  lr=1.07e-04  ema_tau=0.99605
  Epoch 007 [ 100/721]  loss=0.0783  lr=1.07e-04  ema_tau=0.99605
  Epoch 007 [ 120/721]  loss=0.0891  lr=1.07e-04  ema_tau=0.99605
  Epoch 007 [ 140/721]  loss=0.0805  lr=1.08e-04  ema_tau=0.99605
  Epoch 007 [ 160/721]  loss=0.0757  lr=1.08e-04  ema_tau=0.99605
  Epoch 007 [ 180/721]  loss=0.0909  lr=1.09e-04  ema_tau=0.99605
  Epoch 007 [ 200/721]  loss=0.0867  lr=1.09e-04  ema_tau=0.99605
  Epoch 007 [ 220/721]  loss=0.0833  lr=1.10e-04  ema_tau=0.99605
  Epoch 007 [ 240/721]  loss=0.0803  lr=1.10e-04  ema_tau=0.99605
  Epoch 007 [ 260/721]  loss=0.0845  lr=1.10e-04  ema_tau=0.99605
  Epoch 007 [ 280/721]  loss=0.0981  lr=1.11e-04  ema_tau=0.99605
  Epoch 007 [ 300/721]  loss=0.0879  lr=1.11e-04  ema_tau=0.99605
  Epoch 007 [ 320/721]  loss=0.0989  lr=1.12e-04  ema_tau=0.99605
  Epoch 007 [ 340/721]  loss=0.0817  lr=1.12e-04  ema_tau=0.99605
  Epoch 007 [ 360/721]  loss=0.0907  lr=1.12e-04  ema_tau=0.99606
  Epoch 007 [ 380/721]  loss=0.0849  lr=1.13e-04  ema_tau=0.99606
  Epoch 007 [ 400/721]  loss=0.0887  lr=1.13e-04  ema_tau=0.99606
  Epoch 007 [ 420/721]  loss=0.0911  lr=1.14e-04  ema_tau=0.99606
  Epoch 007 [ 440/721]  loss=0.0869  lr=1.14e-04  ema_tau=0.99606
  Epoch 007 [ 460/721]  loss=0.0893  lr=1.15e-04  ema_tau=0.99606
  Epoch 007 [ 480/721]  loss=0.0946  lr=1.15e-04  ema_tau=0.99606
  Epoch 007 [ 500/721]  loss=0.0840  lr=1.15e-04  ema_tau=0.99606
  Epoch 007 [ 520/721]  loss=0.0938  lr=1.16e-04  ema_tau=0.99606
  Epoch 007 [ 540/721]  loss=0.0916  lr=1.16e-04  ema_tau=0.99606
  Epoch 007 [ 560/721]  loss=0.0908  lr=1.17e-04  ema_tau=0.99606
  Epoch 007 [ 580/721]  loss=0.0922  lr=1.17e-04  ema_tau=0.99606
  Epoch 007 [ 600/721]  loss=0.0953  lr=1.17e-04  ema_tau=0.99606
  Epoch 007 [ 620/721]  loss=0.0892  lr=1.18e-04  ema_tau=0.99606
  Epoch 007 [ 640/721]  loss=0.0792  lr=1.18e-04  ema_tau=0.99606
  Epoch 007 [ 660/721]  loss=0.0969  lr=1.19e-04  ema_tau=0.99606
  Epoch 007 [ 680/721]  loss=0.0944  lr=1.19e-04  ema_tau=0.99606
  Epoch 007 [ 700/721]  loss=0.0865  lr=1.20e-04  ema_tau=0.99606
  Epoch 007 [ 720/721]  loss=0.1012  lr=1.20e-04  ema_tau=0.99606

Epoch 007 done | avg_loss=0.0883 | time=292.4s
  Val loss: 0.0778
  Checkpoint saved → /scratch/va2661/data/active_matter/checkpoints/jepa/latest.pt

  Epoch 008 [   0/721]  loss=0.0982  lr=1.20e-04  ema_tau=0.99606
  Epoch 008 [  20/721]  loss=0.0832  lr=1.20e-04  ema_tau=0.99606
  Epoch 008 [  40/721]  loss=0.1031  lr=1.21e-04  ema_tau=0.99606
  Epoch 008 [  60/721]  loss=0.0994  lr=1.21e-04  ema_tau=0.99606
  Epoch 008 [  80/721]  loss=0.0937  lr=1.22e-04  ema_tau=0.99606
  Epoch 008 [ 100/721]  loss=0.0830  lr=1.22e-04  ema_tau=0.99607
  Epoch 008 [ 120/721]  loss=0.0846  lr=1.22e-04  ema_tau=0.99607
  Epoch 008 [ 140/721]  loss=0.0927  lr=1.23e-04  ema_tau=0.99607
  Epoch 008 [ 160/721]  loss=0.0939  lr=1.23e-04  ema_tau=0.99607
  Epoch 008 [ 180/721]  loss=0.0899  lr=1.24e-04  ema_tau=0.99607
  Epoch 008 [ 200/721]  loss=0.0908  lr=1.24e-04  ema_tau=0.99607
  Epoch 008 [ 220/721]  loss=0.1007  lr=1.25e-04  ema_tau=0.99607
  Epoch 008 [ 240/721]  loss=0.0876  lr=1.25e-04  ema_tau=0.99607
  Epoch 008 [ 260/721]  loss=0.0893  lr=1.25e-04  ema_tau=0.99607
  Epoch 008 [ 280/721]  loss=0.0854  lr=1.26e-04  ema_tau=0.99607
  Epoch 008 [ 300/721]  loss=0.0891  lr=1.26e-04  ema_tau=0.99607
  Epoch 008 [ 320/721]  loss=0.0783  lr=1.27e-04  ema_tau=0.99607
  Epoch 008 [ 340/721]  loss=0.0892  lr=1.27e-04  ema_tau=0.99607
  Epoch 008 [ 360/721]  loss=0.0878  lr=1.27e-04  ema_tau=0.99607
  Epoch 008 [ 380/721]  loss=0.0889  lr=1.28e-04  ema_tau=0.99607
  Epoch 008 [ 400/721]  loss=0.0861  lr=1.28e-04  ema_tau=0.99607
  Epoch 008 [ 420/721]  loss=0.0831  lr=1.29e-04  ema_tau=0.99607
  Epoch 008 [ 440/721]  loss=0.1058  lr=1.29e-04  ema_tau=0.99607
  Epoch 008 [ 460/721]  loss=0.0920  lr=1.30e-04  ema_tau=0.99607
  Epoch 008 [ 480/721]  loss=0.0900  lr=1.30e-04  ema_tau=0.99607
  Epoch 008 [ 500/721]  loss=0.0901  lr=1.30e-04  ema_tau=0.99607
  Epoch 008 [ 520/721]  loss=0.0871  lr=1.31e-04  ema_tau=0.99607
  Epoch 008 [ 540/721]  loss=0.0844  lr=1.31e-04  ema_tau=0.99608
  Epoch 008 [ 560/721]  loss=0.0748  lr=1.32e-04  ema_tau=0.99608
  Epoch 008 [ 580/721]  loss=0.0907  lr=1.32e-04  ema_tau=0.99608
  Epoch 008 [ 600/721]  loss=0.0993  lr=1.32e-04  ema_tau=0.99608
  Epoch 008 [ 620/721]  loss=0.0876  lr=1.33e-04  ema_tau=0.99608
  Epoch 008 [ 640/721]  loss=0.0982  lr=1.33e-04  ema_tau=0.99608
  Epoch 008 [ 660/721]  loss=0.1006  lr=1.34e-04  ema_tau=0.99608
  Epoch 008 [ 680/721]  loss=0.1028  lr=1.34e-04  ema_tau=0.99608
  Epoch 008 [ 700/721]  loss=0.0870  lr=1.35e-04  ema_tau=0.99608
  Epoch 008 [ 720/721]  loss=0.0997  lr=1.35e-04  ema_tau=0.99608

Epoch 008 done | avg_loss=0.0911 | time=291.4s
  Val loss: 0.0810
  Checkpoint saved → /scratch/va2661/data/active_matter/checkpoints/jepa/latest.pt

  Epoch 009 [   0/721]  loss=0.1025  lr=1.35e-04  ema_tau=0.99608
  Epoch 009 [  20/721]  loss=0.0878  lr=1.35e-04  ema_tau=0.99608
  Epoch 009 [  40/721]  loss=0.1005  lr=1.36e-04  ema_tau=0.99608
  Epoch 009 [  60/721]  loss=0.0957  lr=1.36e-04  ema_tau=0.99608
  Epoch 009 [  80/721]  loss=0.0928  lr=1.37e-04  ema_tau=0.99608
  Epoch 009 [ 100/721]  loss=0.0866  lr=1.37e-04  ema_tau=0.99608
  Epoch 009 [ 120/721]  loss=0.1019  lr=1.37e-04  ema_tau=0.99608
  Epoch 009 [ 140/721]  loss=0.0900  lr=1.38e-04  ema_tau=0.99608
  Epoch 009 [ 160/721]  loss=0.0970  lr=1.38e-04  ema_tau=0.99608
  Epoch 009 [ 180/721]  loss=0.0992  lr=1.39e-04  ema_tau=0.99608
  Epoch 009 [ 200/721]  loss=0.0910  lr=1.39e-04  ema_tau=0.99608
  Epoch 009 [ 220/721]  loss=0.0993  lr=1.40e-04  ema_tau=0.99608
  Epoch 009 [ 240/721]  loss=0.0999  lr=1.40e-04  ema_tau=0.99609
  Epoch 009 [ 260/721]  loss=0.1036  lr=1.40e-04  ema_tau=0.99609
  Epoch 009 [ 280/721]  loss=0.1039  lr=1.41e-04  ema_tau=0.99609
  Epoch 009 [ 300/721]  loss=0.0941  lr=1.41e-04  ema_tau=0.99609
  Epoch 009 [ 320/721]  loss=0.1029  lr=1.42e-04  ema_tau=0.99609
  Epoch 009 [ 340/721]  loss=0.1042  lr=1.42e-04  ema_tau=0.99609
  Epoch 009 [ 360/721]  loss=0.0877  lr=1.42e-04  ema_tau=0.99609
  Epoch 009 [ 380/721]  loss=0.1027  lr=1.43e-04  ema_tau=0.99609
  Epoch 009 [ 400/721]  loss=0.0955  lr=1.43e-04  ema_tau=0.99609
  Epoch 009 [ 420/721]  loss=0.1026  lr=1.44e-04  ema_tau=0.99609
  Epoch 009 [ 440/721]  loss=0.0967  lr=1.44e-04  ema_tau=0.99609
  Epoch 009 [ 460/721]  loss=0.0942  lr=1.45e-04  ema_tau=0.99609
  Epoch 009 [ 480/721]  loss=0.0928  lr=1.45e-04  ema_tau=0.99609
  Epoch 009 [ 500/721]  loss=0.0978  lr=1.45e-04  ema_tau=0.99609
  Epoch 009 [ 520/721]  loss=0.0959  lr=1.46e-04  ema_tau=0.99609
  Epoch 009 [ 540/721]  loss=0.1010  lr=1.46e-04  ema_tau=0.99609
  Epoch 009 [ 560/721]  loss=0.0954  lr=1.47e-04  ema_tau=0.99609
  Epoch 009 [ 580/721]  loss=0.1007  lr=1.47e-04  ema_tau=0.99609
  Epoch 009 [ 600/721]  loss=0.1029  lr=1.47e-04  ema_tau=0.99609
  Epoch 009 [ 620/721]  loss=0.1203  lr=1.48e-04  ema_tau=0.99610
  Epoch 009 [ 640/721]  loss=0.1001  lr=1.48e-04  ema_tau=0.99610
  Epoch 009 [ 660/721]  loss=0.0968  lr=1.49e-04  ema_tau=0.99610
  Epoch 009 [ 680/721]  loss=0.1072  lr=1.49e-04  ema_tau=0.99610
  Epoch 009 [ 700/721]  loss=0.1005  lr=1.50e-04  ema_tau=0.99610
  Epoch 009 [ 720/721]  loss=0.0967  lr=1.50e-04  ema_tau=0.99610

Epoch 009 done | avg_loss=0.0988 | time=291.4s
  Val loss: 0.0876
  Checkpoint saved → /scratch/va2661/data/active_matter/checkpoints/jepa/latest.pt

  Epoch 010 [   0/721]  loss=0.1163  lr=1.50e-04  ema_tau=0.99610
  Epoch 010 [  20/721]  loss=0.1025  lr=1.50e-04  ema_tau=0.99610
  Epoch 010 [  40/721]  loss=0.1038  lr=1.50e-04  ema_tau=0.99610
  Epoch 010 [  60/721]  loss=0.1113  lr=1.50e-04  ema_tau=0.99610
  Epoch 010 [  80/721]  loss=0.1003  lr=1.50e-04  ema_tau=0.99610
  Epoch 010 [ 100/721]  loss=0.1145  lr=1.50e-04  ema_tau=0.99610
  Epoch 010 [ 120/721]  loss=0.1056  lr=1.50e-04  ema_tau=0.99610
  Epoch 010 [ 140/721]  loss=0.1036  lr=1.50e-04  ema_tau=0.99610
  Epoch 010 [ 160/721]  loss=0.1062  lr=1.50e-04  ema_tau=0.99610
  Epoch 010 [ 180/721]  loss=0.1025  lr=1.50e-04  ema_tau=0.99610
  Epoch 010 [ 200/721]  loss=0.1038  lr=1.50e-04  ema_tau=0.99610
  Epoch 010 [ 220/721]  loss=0.0994  lr=1.50e-04  ema_tau=0.99610
  Epoch 010 [ 240/721]  loss=0.1028  lr=1.50e-04  ema_tau=0.99610
  Epoch 010 [ 260/721]  loss=0.1061  lr=1.50e-04  ema_tau=0.99611
  Epoch 010 [ 280/721]  loss=0.0968  lr=1.50e-04  ema_tau=0.99611
  Epoch 010 [ 300/721]  loss=0.1093  lr=1.50e-04  ema_tau=0.99611
  Epoch 010 [ 320/721]  loss=0.1159  lr=1.50e-04  ema_tau=0.99611
  Epoch 010 [ 340/721]  loss=0.1116  lr=1.50e-04  ema_tau=0.99611
  Epoch 010 [ 360/721]  loss=0.1141  lr=1.50e-04  ema_tau=0.99611
  Epoch 010 [ 380/721]  loss=0.1156  lr=1.50e-04  ema_tau=0.99611
  Epoch 010 [ 400/721]  loss=0.0974  lr=1.50e-04  ema_tau=0.99611
  Epoch 010 [ 420/721]  loss=0.1101  lr=1.50e-04  ema_tau=0.99611
  Epoch 010 [ 440/721]  loss=0.1018  lr=1.50e-04  ema_tau=0.99611
  Epoch 010 [ 460/721]  loss=0.1108  lr=1.50e-04  ema_tau=0.99611
  Epoch 010 [ 480/721]  loss=0.1057  lr=1.50e-04  ema_tau=0.99611
  Epoch 010 [ 500/721]  loss=0.1228  lr=1.50e-04  ema_tau=0.99611
  Epoch 010 [ 520/721]  loss=0.1043  lr=1.50e-04  ema_tau=0.99611
  Epoch 010 [ 540/721]  loss=0.1047  lr=1.50e-04  ema_tau=0.99611
  Epoch 010 [ 560/721]  loss=0.1079  lr=1.50e-04  ema_tau=0.99611
  Epoch 010 [ 580/721]  loss=0.1100  lr=1.50e-04  ema_tau=0.99611
  Epoch 010 [ 600/721]  loss=0.1091  lr=1.50e-04  ema_tau=0.99611
  Epoch 010 [ 620/721]  loss=0.0909  lr=1.50e-04  ema_tau=0.99612
  Epoch 010 [ 640/721]  loss=0.1035  lr=1.50e-04  ema_tau=0.99612
  Epoch 010 [ 660/721]  loss=0.1154  lr=1.50e-04  ema_tau=0.99612
  Epoch 010 [ 680/721]  loss=0.1043  lr=1.50e-04  ema_tau=0.99612
  Epoch 010 [ 700/721]  loss=0.0986  lr=1.50e-04  ema_tau=0.99612
  Epoch 010 [ 720/721]  loss=0.1137  lr=1.50e-04  ema_tau=0.99612

Epoch 010 done | avg_loss=0.1069 | time=293.4s
  Collapse check — embed_std=0.0414  mean_cos_sim=0.2738
  Val loss: 0.0934
  Checkpoint saved → /scratch/va2661/data/active_matter/checkpoints/jepa/latest.pt
  Checkpoint saved → /scratch/va2661/data/active_matter/checkpoints/jepa/epoch_0010.pt

  Epoch 011 [   0/721]  loss=0.0987  lr=1.50e-04  ema_tau=0.99612
  Epoch 011 [  20/721]  loss=0.1138  lr=1.50e-04  ema_tau=0.99612
  Epoch 011 [  40/721]  loss=0.1117  lr=1.50e-04  ema_tau=0.99612
  Epoch 011 [  60/721]  loss=0.1156  lr=1.50e-04  ema_tau=0.99612
  Epoch 011 [  80/721]  loss=0.1187  lr=1.50e-04  ema_tau=0.99612
  Epoch 011 [ 100/721]  loss=0.1216  lr=1.50e-04  ema_tau=0.99612
  Epoch 011 [ 120/721]  loss=0.1122  lr=1.50e-04  ema_tau=0.99612
  Epoch 011 [ 140/721]  loss=0.1187  lr=1.50e-04  ema_tau=0.99612
  Epoch 011 [ 160/721]  loss=0.1163  lr=1.50e-04  ema_tau=0.99612
  Epoch 011 [ 180/721]  loss=0.1121  lr=1.50e-04  ema_tau=0.99612
  Epoch 011 [ 200/721]  loss=0.1095  lr=1.50e-04  ema_tau=0.99612
  Epoch 011 [ 220/721]  loss=0.1187  lr=1.50e-04  ema_tau=0.99612
  Epoch 011 [ 240/721]  loss=0.1099  lr=1.50e-04  ema_tau=0.99613
  Epoch 011 [ 260/721]  loss=0.1090  lr=1.50e-04  ema_tau=0.99613
  Epoch 011 [ 280/721]  loss=0.1150  lr=1.50e-04  ema_tau=0.99613
  Epoch 011 [ 300/721]  loss=0.1175  lr=1.50e-04  ema_tau=0.99613
  Epoch 011 [ 320/721]  loss=0.1101  lr=1.50e-04  ema_tau=0.99613
  Epoch 011 [ 340/721]  loss=0.1204  lr=1.50e-04  ema_tau=0.99613
  Epoch 011 [ 360/721]  loss=0.1109  lr=1.50e-04  ema_tau=0.99613
  Epoch 011 [ 380/721]  loss=0.1126  lr=1.50e-04  ema_tau=0.99613
  Epoch 011 [ 400/721]  loss=0.1262  lr=1.50e-04  ema_tau=0.99613
  Epoch 011 [ 420/721]  loss=0.1093  lr=1.50e-04  ema_tau=0.99613
  Epoch 011 [ 440/721]  loss=0.1100  lr=1.50e-04  ema_tau=0.99613
  Epoch 011 [ 460/721]  loss=0.0953  lr=1.50e-04  ema_tau=0.99613
  Epoch 011 [ 480/721]  loss=0.1228  lr=1.50e-04  ema_tau=0.99613
  Epoch 011 [ 500/721]  loss=0.1072  lr=1.50e-04  ema_tau=0.99613
  Epoch 011 [ 520/721]  loss=0.1125  lr=1.50e-04  ema_tau=0.99613
  Epoch 011 [ 540/721]  loss=0.1144  lr=1.50e-04  ema_tau=0.99613
  Epoch 011 [ 560/721]  loss=0.1137  lr=1.50e-04  ema_tau=0.99614
  Epoch 011 [ 580/721]  loss=0.1173  lr=1.50e-04  ema_tau=0.99614
  Epoch 011 [ 600/721]  loss=0.1059  lr=1.50e-04  ema_tau=0.99614
  Epoch 011 [ 620/721]  loss=0.1154  lr=1.50e-04  ema_tau=0.99614
  Epoch 011 [ 640/721]  loss=0.1122  lr=1.50e-04  ema_tau=0.99614
  Epoch 011 [ 660/721]  loss=0.1082  lr=1.50e-04  ema_tau=0.99614
  Epoch 011 [ 680/721]  loss=0.1154  lr=1.50e-04  ema_tau=0.99614
  Epoch 011 [ 700/721]  loss=0.1153  lr=1.50e-04  ema_tau=0.99614
  Epoch 011 [ 720/721]  loss=0.1157  lr=1.50e-04  ema_tau=0.99614

Epoch 011 done | avg_loss=0.1131 | time=292.3s
  Val loss: 0.0976
  Checkpoint saved → /scratch/va2661/data/active_matter/checkpoints/jepa/latest.pt

  Epoch 012 [   0/721]  loss=0.1185  lr=1.50e-04  ema_tau=0.99614
  Epoch 012 [  20/721]  loss=0.1204  lr=1.50e-04  ema_tau=0.99614
  Epoch 012 [  40/721]  loss=0.1288  lr=1.50e-04  ema_tau=0.99614
  Epoch 012 [  60/721]  loss=0.1208  lr=1.50e-04  ema_tau=0.99614
  Epoch 012 [  80/721]  loss=0.1046  lr=1.50e-04  ema_tau=0.99614
  Epoch 012 [ 100/721]  loss=0.1071  lr=1.50e-04  ema_tau=0.99614
  Epoch 012 [ 120/721]  loss=0.1039  lr=1.50e-04  ema_tau=0.99614
  Epoch 012 [ 140/721]  loss=0.1097  lr=1.50e-04  ema_tau=0.99614
  Epoch 012 [ 160/721]  loss=0.1154  lr=1.50e-04  ema_tau=0.99615
  Epoch 012 [ 180/721]  loss=0.1198  lr=1.50e-04  ema_tau=0.99615
  Epoch 012 [ 200/721]  loss=0.1154  lr=1.50e-04  ema_tau=0.99615
  Epoch 012 [ 220/721]  loss=0.1221  lr=1.50e-04  ema_tau=0.99615
  Epoch 012 [ 240/721]  loss=0.1089  lr=1.50e-04  ema_tau=0.99615
  Epoch 012 [ 260/721]  loss=0.1156  lr=1.50e-04  ema_tau=0.99615
  Epoch 012 [ 280/721]  loss=0.1301  lr=1.50e-04  ema_tau=0.99615
  Epoch 012 [ 300/721]  loss=0.1231  lr=1.50e-04  ema_tau=0.99615
  Epoch 012 [ 320/721]  loss=0.1114  lr=1.50e-04  ema_tau=0.99615
  Epoch 012 [ 340/721]  loss=0.1301  lr=1.50e-04  ema_tau=0.99615
  Epoch 012 [ 360/721]  loss=0.1047  lr=1.50e-04  ema_tau=0.99615
  Epoch 012 [ 380/721]  loss=0.1292  lr=1.50e-04  ema_tau=0.99615
  Epoch 012 [ 400/721]  loss=0.1222  lr=1.50e-04  ema_tau=0.99615
  Epoch 012 [ 420/721]  loss=0.1191  lr=1.50e-04  ema_tau=0.99615
  Epoch 012 [ 440/721]  loss=0.1276  lr=1.50e-04  ema_tau=0.99615
  Epoch 012 [ 460/721]  loss=0.1167  lr=1.50e-04  ema_tau=0.99616
  Epoch 012 [ 480/721]  loss=0.1246  lr=1.50e-04  ema_tau=0.99616
  Epoch 012 [ 500/721]  loss=0.1224  lr=1.50e-04  ema_tau=0.99616
  Epoch 012 [ 520/721]  loss=0.1090  lr=1.50e-04  ema_tau=0.99616
  Epoch 012 [ 540/721]  loss=0.1288  lr=1.50e-04  ema_tau=0.99616
  Epoch 012 [ 560/721]  loss=0.1286  lr=1.50e-04  ema_tau=0.99616
  Epoch 012 [ 580/721]  loss=0.1287  lr=1.50e-04  ema_tau=0.99616
  Epoch 012 [ 600/721]  loss=0.1163  lr=1.50e-04  ema_tau=0.99616
  Epoch 012 [ 620/721]  loss=0.1138  lr=1.50e-04  ema_tau=0.99616
  Epoch 012 [ 640/721]  loss=0.1360  lr=1.50e-04  ema_tau=0.99616
  Epoch 012 [ 660/721]  loss=0.1223  lr=1.50e-04  ema_tau=0.99616
  Epoch 012 [ 680/721]  loss=0.1120  lr=1.50e-04  ema_tau=0.99616
  Epoch 012 [ 700/721]  loss=0.1261  lr=1.50e-04  ema_tau=0.99616
  Epoch 012 [ 720/721]  loss=0.1209  lr=1.50e-04  ema_tau=0.99616

Epoch 012 done | avg_loss=0.1183 | time=291.2s
  Val loss: 0.1044
  Checkpoint saved → /scratch/va2661/data/active_matter/checkpoints/jepa/latest.pt

  Epoch 013 [   0/721]  loss=0.1198  lr=1.50e-04  ema_tau=0.99616
  Epoch 013 [  20/721]  loss=0.1196  lr=1.50e-04  ema_tau=0.99617
  Epoch 013 [  40/721]  loss=0.1137  lr=1.50e-04  ema_tau=0.99617
  Epoch 013 [  60/721]  loss=0.1200  lr=1.50e-04  ema_tau=0.99617
  Epoch 013 [  80/721]  loss=0.1189  lr=1.50e-04  ema_tau=0.99617
  Epoch 013 [ 100/721]  loss=0.1267  lr=1.50e-04  ema_tau=0.99617
  Epoch 013 [ 120/721]  loss=0.1250  lr=1.50e-04  ema_tau=0.99617
  Epoch 013 [ 140/721]  loss=0.1201  lr=1.50e-04  ema_tau=0.99617
  Epoch 013 [ 160/721]  loss=0.1166  lr=1.50e-04  ema_tau=0.99617
  Epoch 013 [ 180/721]  loss=0.1279  lr=1.50e-04  ema_tau=0.99617
  Epoch 013 [ 200/721]  loss=0.1325  lr=1.50e-04  ema_tau=0.99617
  Epoch 013 [ 220/721]  loss=0.1324  lr=1.50e-04  ema_tau=0.99617
  Epoch 013 [ 240/721]  loss=0.1240  lr=1.49e-04  ema_tau=0.99617
  Epoch 013 [ 260/721]  loss=0.1086  lr=1.49e-04  ema_tau=0.99617
  Epoch 013 [ 280/721]  loss=0.1257  lr=1.49e-04  ema_tau=0.99617
  Epoch 013 [ 300/721]  loss=0.1051  lr=1.49e-04  ema_tau=0.99618
  Epoch 013 [ 320/721]  loss=0.1304  lr=1.49e-04  ema_tau=0.99618
  Epoch 013 [ 340/721]  loss=0.1166  lr=1.49e-04  ema_tau=0.99618
  Epoch 013 [ 360/721]  loss=0.1256  lr=1.49e-04  ema_tau=0.99618
  Epoch 013 [ 380/721]  loss=0.1302  lr=1.49e-04  ema_tau=0.99618
  Epoch 013 [ 400/721]  loss=0.1084  lr=1.49e-04  ema_tau=0.99618
  Epoch 013 [ 420/721]  loss=0.1203  lr=1.49e-04  ema_tau=0.99618
  Epoch 013 [ 440/721]  loss=0.1136  lr=1.49e-04  ema_tau=0.99618
  Epoch 013 [ 460/721]  loss=0.1110  lr=1.49e-04  ema_tau=0.99618
  Epoch 013 [ 480/721]  loss=0.1262  lr=1.49e-04  ema_tau=0.99618
  Epoch 013 [ 500/721]  loss=0.1073  lr=1.49e-04  ema_tau=0.99618
  Epoch 013 [ 520/721]  loss=0.1317  lr=1.49e-04  ema_tau=0.99618
  Epoch 013 [ 540/721]  loss=0.1361  lr=1.49e-04  ema_tau=0.99618
  Epoch 013 [ 560/721]  loss=0.1304  lr=1.49e-04  ema_tau=0.99618
  Epoch 013 [ 580/721]  loss=0.1251  lr=1.49e-04  ema_tau=0.99619
  Epoch 013 [ 600/721]  loss=0.1103  lr=1.49e-04  ema_tau=0.99619
  Epoch 013 [ 620/721]  loss=0.1150  lr=1.49e-04  ema_tau=0.99619
  Epoch 013 [ 640/721]  loss=0.1302  lr=1.49e-04  ema_tau=0.99619
  Epoch 013 [ 660/721]  loss=0.1228  lr=1.49e-04  ema_tau=0.99619
  Epoch 013 [ 680/721]  loss=0.1272  lr=1.49e-04  ema_tau=0.99619
  Epoch 013 [ 700/721]  loss=0.1413  lr=1.49e-04  ema_tau=0.99619
  Epoch 013 [ 720/721]  loss=0.1176  lr=1.49e-04  ema_tau=0.99619

Epoch 013 done | avg_loss=0.1239 | time=291.2s
  Val loss: 0.1069
  Checkpoint saved → /scratch/va2661/data/active_matter/checkpoints/jepa/latest.pt

  Epoch 014 [   0/721]  loss=0.1414  lr=1.49e-04  ema_tau=0.99619
  Epoch 014 [  20/721]  loss=0.1220  lr=1.49e-04  ema_tau=0.99619
  Epoch 014 [  40/721]  loss=0.1214  lr=1.49e-04  ema_tau=0.99619
  Epoch 014 [  60/721]  loss=0.1364  lr=1.49e-04  ema_tau=0.99619
  Epoch 014 [  80/721]  loss=0.1219  lr=1.49e-04  ema_tau=0.99619
  Epoch 014 [ 100/721]  loss=0.1059  lr=1.49e-04  ema_tau=0.99619
  Epoch 014 [ 120/721]  loss=0.1290  lr=1.49e-04  ema_tau=0.99619
  Epoch 014 [ 140/721]  loss=0.1191  lr=1.49e-04  ema_tau=0.99620
  Epoch 014 [ 160/721]  loss=0.1316  lr=1.49e-04  ema_tau=0.99620
  Epoch 014 [ 180/721]  loss=0.1293  lr=1.49e-04  ema_tau=0.99620
  Epoch 014 [ 200/721]  loss=0.1094  lr=1.49e-04  ema_tau=0.99620
  Epoch 014 [ 220/721]  loss=0.1329  lr=1.49e-04  ema_tau=0.99620
  Epoch 014 [ 240/721]  loss=0.1123  lr=1.49e-04  ema_tau=0.99620
  Epoch 014 [ 260/721]  loss=0.1342  lr=1.49e-04  ema_tau=0.99620
  Epoch 014 [ 280/721]  loss=0.1224  lr=1.49e-04  ema_tau=0.99620
  Epoch 014 [ 300/721]  loss=0.1363  lr=1.49e-04  ema_tau=0.99620
  Epoch 014 [ 320/721]  loss=0.1276  lr=1.49e-04  ema_tau=0.99620
  Epoch 014 [ 340/721]  loss=0.1284  lr=1.49e-04  ema_tau=0.99620
  Epoch 014 [ 360/721]  loss=0.1136  lr=1.49e-04  ema_tau=0.99620
  Epoch 014 [ 380/721]  loss=0.1246  lr=1.49e-04  ema_tau=0.99620
  Epoch 014 [ 400/721]  loss=0.1232  lr=1.49e-04  ema_tau=0.99621
  Epoch 014 [ 420/721]  loss=0.1284  lr=1.49e-04  ema_tau=0.99621
  Epoch 014 [ 440/721]  loss=0.1188  lr=1.49e-04  ema_tau=0.99621
  Epoch 014 [ 460/721]  loss=0.1376  lr=1.49e-04  ema_tau=0.99621
  Epoch 014 [ 480/721]  loss=0.1285  lr=1.49e-04  ema_tau=0.99621
  Epoch 014 [ 500/721]  loss=0.1239  lr=1.49e-04  ema_tau=0.99621
  Epoch 014 [ 520/721]  loss=0.1291  lr=1.49e-04  ema_tau=0.99621
  Epoch 014 [ 540/721]  loss=0.1154  lr=1.49e-04  ema_tau=0.99621
  Epoch 014 [ 560/721]  loss=0.1314  lr=1.49e-04  ema_tau=0.99621
  Epoch 014 [ 580/721]  loss=0.1257  lr=1.49e-04  ema_tau=0.99621
  Epoch 014 [ 600/721]  loss=0.1245  lr=1.49e-04  ema_tau=0.99621
  Epoch 014 [ 620/721]  loss=0.1341  lr=1.49e-04  ema_tau=0.99621
  Epoch 014 [ 640/721]  loss=0.1153  lr=1.49e-04  ema_tau=0.99621
  Epoch 014 [ 660/721]  loss=0.1346  lr=1.49e-04  ema_tau=0.99622
  Epoch 014 [ 680/721]  loss=0.1219  lr=1.49e-04  ema_tau=0.99622
  Epoch 014 [ 700/721]  loss=0.1305  lr=1.49e-04  ema_tau=0.99622
  Epoch 014 [ 720/721]  loss=0.1260  lr=1.49e-04  ema_tau=0.99622

Epoch 014 done | avg_loss=0.1275 | time=291.8s
  Val loss: 0.1111
  Checkpoint saved → /scratch/va2661/data/active_matter/checkpoints/jepa/latest.pt

  Epoch 015 [   0/721]  loss=0.1291  lr=1.49e-04  ema_tau=0.99622
  Epoch 015 [  20/721]  loss=0.1205  lr=1.49e-04  ema_tau=0.99622
  Epoch 015 [  40/721]  loss=0.1257  lr=1.49e-04  ema_tau=0.99622
  Epoch 015 [  60/721]  loss=0.1457  lr=1.49e-04  ema_tau=0.99622
  Epoch 015 [  80/721]  loss=0.1374  lr=1.49e-04  ema_tau=0.99622
  Epoch 015 [ 100/721]  loss=0.1301  lr=1.49e-04  ema_tau=0.99622
  Epoch 015 [ 120/721]  loss=0.1385  lr=1.49e-04  ema_tau=0.99622
  Epoch 015 [ 140/721]  loss=0.1363  lr=1.49e-04  ema_tau=0.99622
  Epoch 015 [ 160/721]  loss=0.1441  lr=1.49e-04  ema_tau=0.99622
  Epoch 015 [ 180/721]  loss=0.1216  lr=1.49e-04  ema_tau=0.99623
  Epoch 015 [ 200/721]  loss=0.1377  lr=1.49e-04  ema_tau=0.99623
  Epoch 015 [ 220/721]  loss=0.1278  lr=1.49e-04  ema_tau=0.99623
  Epoch 015 [ 240/721]  loss=0.1368  lr=1.49e-04  ema_tau=0.99623
  Epoch 015 [ 260/721]  loss=0.1219  lr=1.49e-04  ema_tau=0.99623
  Epoch 015 [ 280/721]  loss=0.1285  lr=1.49e-04  ema_tau=0.99623
  Epoch 015 [ 300/721]  loss=0.1301  lr=1.49e-04  ema_tau=0.99623
  Epoch 015 [ 320/721]  loss=0.1254  lr=1.49e-04  ema_tau=0.99623
  Epoch 015 [ 340/721]  loss=0.1254  lr=1.49e-04  ema_tau=0.99623
  Epoch 015 [ 360/721]  loss=0.1244  lr=1.49e-04  ema_tau=0.99623
  Epoch 015 [ 380/721]  loss=0.1407  lr=1.49e-04  ema_tau=0.99623
  Epoch 015 [ 400/721]  loss=0.1411  lr=1.49e-04  ema_tau=0.99623
  Epoch 015 [ 420/721]  loss=0.1437  lr=1.49e-04  ema_tau=0.99623
  Epoch 015 [ 440/721]  loss=0.1244  lr=1.49e-04  ema_tau=0.99624
  Epoch 015 [ 460/721]  loss=0.1330  lr=1.49e-04  ema_tau=0.99624
  Epoch 015 [ 480/721]  loss=0.1218  lr=1.49e-04  ema_tau=0.99624
  Epoch 015 [ 500/721]  loss=0.1318  lr=1.49e-04  ema_tau=0.99624
  Epoch 015 [ 520/721]  loss=0.1194  lr=1.49e-04  ema_tau=0.99624
  Epoch 015 [ 540/721]  loss=0.1230  lr=1.49e-04  ema_tau=0.99624
  Epoch 015 [ 560/721]  loss=0.1465  lr=1.48e-04  ema_tau=0.99624
  Epoch 015 [ 580/721]  loss=0.1316  lr=1.48e-04  ema_tau=0.99624
  Epoch 015 [ 600/721]  loss=0.1205  lr=1.48e-04  ema_tau=0.99624
  Epoch 015 [ 620/721]  loss=0.1161  lr=1.48e-04  ema_tau=0.99624
  Epoch 015 [ 640/721]  loss=0.1344  lr=1.48e-04  ema_tau=0.99624
  Epoch 015 [ 660/721]  loss=0.1363  lr=1.48e-04  ema_tau=0.99624
  Epoch 015 [ 680/721]  loss=0.1164  lr=1.48e-04  ema_tau=0.99625
  Epoch 015 [ 700/721]  loss=0.1283  lr=1.48e-04  ema_tau=0.99625
  Epoch 015 [ 720/721]  loss=0.1346  lr=1.48e-04  ema_tau=0.99625

Epoch 015 done | avg_loss=0.1304 | time=290.9s
  Collapse check — embed_std=0.0440  mean_cos_sim=0.2672
  Val loss: 0.1118
  Checkpoint saved → /scratch/va2661/data/active_matter/checkpoints/jepa/latest.pt

  Epoch 016 [   0/721]  loss=0.1437  lr=1.48e-04  ema_tau=0.99625
  Epoch 016 [  20/721]  loss=0.1253  lr=1.48e-04  ema_tau=0.99625
  Epoch 016 [  40/721]  loss=0.1336  lr=1.48e-04  ema_tau=0.99625
  Epoch 016 [  60/721]  loss=0.1320  lr=1.48e-04  ema_tau=0.99625
  Epoch 016 [  80/721]  loss=0.1301  lr=1.48e-04  ema_tau=0.99625
  Epoch 016 [ 100/721]  loss=0.1303  lr=1.48e-04  ema_tau=0.99625
  Epoch 016 [ 120/721]  loss=0.1336  lr=1.48e-04  ema_tau=0.99625
  Epoch 016 [ 140/721]  loss=0.1159  lr=1.48e-04  ema_tau=0.99625
  Epoch 016 [ 160/721]  loss=0.1366  lr=1.48e-04  ema_tau=0.99625
  Epoch 016 [ 180/721]  loss=0.1394  lr=1.48e-04  ema_tau=0.99625
  Epoch 016 [ 200/721]  loss=0.1375  lr=1.48e-04  ema_tau=0.99626
  Epoch 016 [ 220/721]  loss=0.1469  lr=1.48e-04  ema_tau=0.99626
  Epoch 016 [ 240/721]  loss=0.1454  lr=1.48e-04  ema_tau=0.99626
  Epoch 016 [ 260/721]  loss=0.1304  lr=1.48e-04  ema_tau=0.99626
  Epoch 016 [ 280/721]  loss=0.1298  lr=1.48e-04  ema_tau=0.99626
  Epoch 016 [ 300/721]  loss=0.1413  lr=1.48e-04  ema_tau=0.99626
  Epoch 016 [ 320/721]  loss=0.1354  lr=1.48e-04  ema_tau=0.99626
  Epoch 016 [ 340/721]  loss=0.1351  lr=1.48e-04  ema_tau=0.99626
  Epoch 016 [ 360/721]  loss=0.1378  lr=1.48e-04  ema_tau=0.99626
  Epoch 016 [ 380/721]  loss=0.1518  lr=1.48e-04  ema_tau=0.99626
  Epoch 016 [ 400/721]  loss=0.1320  lr=1.48e-04  ema_tau=0.99626
  Epoch 016 [ 420/721]  loss=0.1384  lr=1.48e-04  ema_tau=0.99627
  Epoch 016 [ 440/721]  loss=0.1353  lr=1.48e-04  ema_tau=0.99627
  Epoch 016 [ 460/721]  loss=0.1189  lr=1.48e-04  ema_tau=0.99627
  Epoch 016 [ 480/721]  loss=0.1330  lr=1.48e-04  ema_tau=0.99627
  Epoch 016 [ 500/721]  loss=0.1345  lr=1.48e-04  ema_tau=0.99627
  Epoch 016 [ 520/721]  loss=0.1341  lr=1.48e-04  ema_tau=0.99627
  Epoch 016 [ 540/721]  loss=0.1301  lr=1.48e-04  ema_tau=0.99627
  Epoch 016 [ 560/721]  loss=0.1328  lr=1.48e-04  ema_tau=0.99627
  Epoch 016 [ 580/721]  loss=0.1217  lr=1.48e-04  ema_tau=0.99627
  Epoch 016 [ 600/721]  loss=0.1203  lr=1.48e-04  ema_tau=0.99627
  Epoch 016 [ 620/721]  loss=0.1313  lr=1.48e-04  ema_tau=0.99627
  Epoch 016 [ 640/721]  loss=0.1335  lr=1.48e-04  ema_tau=0.99627
  Epoch 016 [ 660/721]  loss=0.1163  lr=1.48e-04  ema_tau=0.99628
  Epoch 016 [ 680/721]  loss=0.1155  lr=1.48e-04  ema_tau=0.99628
  Epoch 016 [ 700/721]  loss=0.1476  lr=1.48e-04  ema_tau=0.99628
  Epoch 016 [ 720/721]  loss=0.1409  lr=1.48e-04  ema_tau=0.99628

Epoch 016 done | avg_loss=0.1329 | time=291.8s
  Val loss: 0.1162
  Checkpoint saved → /scratch/va2661/data/active_matter/checkpoints/jepa/latest.pt

  Epoch 017 [   0/721]  loss=0.1275  lr=1.48e-04  ema_tau=0.99628
  Epoch 017 [  20/721]  loss=0.1383  lr=1.48e-04  ema_tau=0.99628
  Epoch 017 [  40/721]  loss=0.1308  lr=1.48e-04  ema_tau=0.99628
  Epoch 017 [  60/721]  loss=0.1452  lr=1.48e-04  ema_tau=0.99628
  Epoch 017 [  80/721]  loss=0.1445  lr=1.48e-04  ema_tau=0.99628
  Epoch 017 [ 100/721]  loss=0.1272  lr=1.48e-04  ema_tau=0.99628
  Epoch 017 [ 120/721]  loss=0.1320  lr=1.48e-04  ema_tau=0.99628
  Epoch 017 [ 140/721]  loss=0.1249  lr=1.48e-04  ema_tau=0.99628
  Epoch 017 [ 160/721]  loss=0.1202  lr=1.48e-04  ema_tau=0.99629
  Epoch 017 [ 180/721]  loss=0.1297  lr=1.48e-04  ema_tau=0.99629
  Epoch 017 [ 200/721]  loss=0.1246  lr=1.48e-04  ema_tau=0.99629
  Epoch 017 [ 220/721]  loss=0.1522  lr=1.48e-04  ema_tau=0.99629
  Epoch 017 [ 240/721]  loss=0.1350  lr=1.48e-04  ema_tau=0.99629
  Epoch 017 [ 260/721]  loss=0.1452  lr=1.48e-04  ema_tau=0.99629
  Epoch 017 [ 280/721]  loss=0.1410  lr=1.48e-04  ema_tau=0.99629
  Epoch 017 [ 300/721]  loss=0.1425  lr=1.48e-04  ema_tau=0.99629
  Epoch 017 [ 320/721]  loss=0.1406  lr=1.47e-04  ema_tau=0.99629
  Epoch 017 [ 340/721]  loss=0.1248  lr=1.47e-04  ema_tau=0.99629
  Epoch 017 [ 360/721]  loss=0.1379  lr=1.47e-04  ema_tau=0.99629
  Epoch 017 [ 380/721]  loss=0.1318  lr=1.47e-04  ema_tau=0.99630
  Epoch 017 [ 400/721]  loss=0.1369  lr=1.47e-04  ema_tau=0.99630
  Epoch 017 [ 420/721]  loss=0.1375  lr=1.47e-04  ema_tau=0.99630
  Epoch 017 [ 440/721]  loss=0.1218  lr=1.47e-04  ema_tau=0.99630
  Epoch 017 [ 460/721]  loss=0.1225  lr=1.47e-04  ema_tau=0.99630
  Epoch 017 [ 480/721]  loss=0.1392  lr=1.47e-04  ema_tau=0.99630
  Epoch 017 [ 500/721]  loss=0.1287  lr=1.47e-04  ema_tau=0.99630
  Epoch 017 [ 520/721]  loss=0.1296  lr=1.47e-04  ema_tau=0.99630
  Epoch 017 [ 540/721]  loss=0.1408  lr=1.47e-04  ema_tau=0.99630
  Epoch 017 [ 560/721]  loss=0.1437  lr=1.47e-04  ema_tau=0.99630
  Epoch 017 [ 580/721]  loss=0.1426  lr=1.47e-04  ema_tau=0.99630
  Epoch 017 [ 600/721]  loss=0.1318  lr=1.47e-04  ema_tau=0.99631
  Epoch 017 [ 620/721]  loss=0.1380  lr=1.47e-04  ema_tau=0.99631
  Epoch 017 [ 640/721]  loss=0.1447  lr=1.47e-04  ema_tau=0.99631
  Epoch 017 [ 660/721]  loss=0.1437  lr=1.47e-04  ema_tau=0.99631
  Epoch 017 [ 680/721]  loss=0.1279  lr=1.47e-04  ema_tau=0.99631
  Epoch 017 [ 700/721]  loss=0.1384  lr=1.47e-04  ema_tau=0.99631
  Epoch 017 [ 720/721]  loss=0.1266  lr=1.47e-04  ema_tau=0.99631

Epoch 017 done | avg_loss=0.1342 | time=293.0s
  Val loss: 0.1139
  Checkpoint saved → /scratch/va2661/data/active_matter/checkpoints/jepa/latest.pt

  Epoch 018 [   0/721]  loss=0.1358  lr=1.47e-04  ema_tau=0.99631
  Epoch 018 [  20/721]  loss=0.1225  lr=1.47e-04  ema_tau=0.99631
  Epoch 018 [  40/721]  loss=0.1294  lr=1.47e-04  ema_tau=0.99631
  Epoch 018 [  60/721]  loss=0.1469  lr=1.47e-04  ema_tau=0.99631
  Epoch 018 [  80/721]  loss=0.1386  lr=1.47e-04  ema_tau=0.99632
  Epoch 018 [ 100/721]  loss=0.1393  lr=1.47e-04  ema_tau=0.99632
  Epoch 018 [ 120/721]  loss=0.1372  lr=1.47e-04  ema_tau=0.99632
  Epoch 018 [ 140/721]  loss=0.1323  lr=1.47e-04  ema_tau=0.99632
  Epoch 018 [ 160/721]  loss=0.1491  lr=1.47e-04  ema_tau=0.99632
  Epoch 018 [ 180/721]  loss=0.1485  lr=1.47e-04  ema_tau=0.99632
  Epoch 018 [ 200/721]  loss=0.1556  lr=1.47e-04  ema_tau=0.99632
  Epoch 018 [ 220/721]  loss=0.1502  lr=1.47e-04  ema_tau=0.99632
  Epoch 018 [ 240/721]  loss=0.1379  lr=1.47e-04  ema_tau=0.99632
  Epoch 018 [ 260/721]  loss=0.1411  lr=1.47e-04  ema_tau=0.99632
  Epoch 018 [ 280/721]  loss=0.1241  lr=1.47e-04  ema_tau=0.99632
  Epoch 018 [ 300/721]  loss=0.1453  lr=1.47e-04  ema_tau=0.99633
  Epoch 018 [ 320/721]  loss=0.1347  lr=1.47e-04  ema_tau=0.99633
  Epoch 018 [ 340/721]  loss=0.1329  lr=1.47e-04  ema_tau=0.99633
  Epoch 018 [ 360/721]  loss=0.1311  lr=1.47e-04  ema_tau=0.99633
  Epoch 018 [ 380/721]  loss=0.1212  lr=1.47e-04  ema_tau=0.99633
  Epoch 018 [ 400/721]  loss=0.1359  lr=1.47e-04  ema_tau=0.99633
  Epoch 018 [ 420/721]  loss=0.1140  lr=1.47e-04  ema_tau=0.99633
  Epoch 018 [ 440/721]  loss=0.1273  lr=1.47e-04  ema_tau=0.99633
  Epoch 018 [ 460/721]  loss=0.1370  lr=1.47e-04  ema_tau=0.99633
  Epoch 018 [ 480/721]  loss=0.1328  lr=1.47e-04  ema_tau=0.99633
  Epoch 018 [ 500/721]  loss=0.1348  lr=1.47e-04  ema_tau=0.99634
  Epoch 018 [ 520/721]  loss=0.1547  lr=1.47e-04  ema_tau=0.99634
  Epoch 018 [ 540/721]  loss=0.1153  lr=1.47e-04  ema_tau=0.99634
  Epoch 018 [ 560/721]  loss=0.1391  lr=1.47e-04  ema_tau=0.99634
  Epoch 018 [ 580/721]  loss=0.1266  lr=1.47e-04  ema_tau=0.99634
  Epoch 018 [ 600/721]  loss=0.1424  lr=1.46e-04  ema_tau=0.99634
  Epoch 018 [ 620/721]  loss=0.1332  lr=1.46e-04  ema_tau=0.99634
  Epoch 018 [ 640/721]  loss=0.1572  lr=1.46e-04  ema_tau=0.99634
  Epoch 018 [ 660/721]  loss=0.1236  lr=1.46e-04  ema_tau=0.99634
  Epoch 018 [ 680/721]  loss=0.1408  lr=1.46e-04  ema_tau=0.99634
  Epoch 018 [ 700/721]  loss=0.1212  lr=1.46e-04  ema_tau=0.99634
  Epoch 018 [ 720/721]  loss=0.1259  lr=1.46e-04  ema_tau=0.99635

Epoch 018 done | avg_loss=0.1346 | time=292.3s
  Val loss: 0.1188
  Checkpoint saved → /scratch/va2661/data/active_matter/checkpoints/jepa/latest.pt

  Epoch 019 [   0/721]  loss=0.1402  lr=1.46e-04  ema_tau=0.99635
  Epoch 019 [  20/721]  loss=0.1222  lr=1.46e-04  ema_tau=0.99635
  Epoch 019 [  40/721]  loss=0.1383  lr=1.46e-04  ema_tau=0.99635
  Epoch 019 [  60/721]  loss=0.1343  lr=1.46e-04  ema_tau=0.99635
  Epoch 019 [  80/721]  loss=0.1283  lr=1.46e-04  ema_tau=0.99635
  Epoch 019 [ 100/721]  loss=0.1251  lr=1.46e-04  ema_tau=0.99635
  Epoch 019 [ 120/721]  loss=0.1220  lr=1.46e-04  ema_tau=0.99635
  Epoch 019 [ 140/721]  loss=0.1325  lr=1.46e-04  ema_tau=0.99635
  Epoch 019 [ 160/721]  loss=0.1440  lr=1.46e-04  ema_tau=0.99635
  Epoch 019 [ 180/721]  loss=0.1364  lr=1.46e-04  ema_tau=0.99635
  Epoch 019 [ 200/721]  loss=0.1342  lr=1.46e-04  ema_tau=0.99636
  Epoch 019 [ 220/721]  loss=0.1341  lr=1.46e-04  ema_tau=0.99636
  Epoch 019 [ 240/721]  loss=0.1472  lr=1.46e-04  ema_tau=0.99636
  Epoch 019 [ 260/721]  loss=0.1547  lr=1.46e-04  ema_tau=0.99636
  Epoch 019 [ 280/721]  loss=0.1272  lr=1.46e-04  ema_tau=0.99636
  Epoch 019 [ 300/721]  loss=0.1453  lr=1.46e-04  ema_tau=0.99636
  Epoch 019 [ 320/721]  loss=0.1511  lr=1.46e-04  ema_tau=0.99636
  Epoch 019 [ 340/721]  loss=0.1391  lr=1.46e-04  ema_tau=0.99636
  Epoch 019 [ 360/721]  loss=0.1347  lr=1.46e-04  ema_tau=0.99636
  Epoch 019 [ 380/721]  loss=0.1324  lr=1.46e-04  ema_tau=0.99636
  Epoch 019 [ 400/721]  loss=0.1446  lr=1.46e-04  ema_tau=0.99637
  Epoch 019 [ 420/721]  loss=0.1394  lr=1.46e-04  ema_tau=0.99637
  Epoch 019 [ 440/721]  loss=0.1283  lr=1.46e-04  ema_tau=0.99637
  Epoch 019 [ 460/721]  loss=0.1257  lr=1.46e-04  ema_tau=0.99637
  Epoch 019 [ 480/721]  loss=0.1400  lr=1.46e-04  ema_tau=0.99637
  Epoch 019 [ 500/721]  loss=0.1360  lr=1.46e-04  ema_tau=0.99637
  Epoch 019 [ 520/721]  loss=0.1295  lr=1.46e-04  ema_tau=0.99637
  Epoch 019 [ 540/721]  loss=0.1413  lr=1.46e-04  ema_tau=0.99637
  Epoch 019 [ 560/721]  loss=0.1323  lr=1.46e-04  ema_tau=0.99637
  Epoch 019 [ 580/721]  loss=0.1451  lr=1.46e-04  ema_tau=0.99637
  Epoch 019 [ 600/721]  loss=0.1289  lr=1.46e-04  ema_tau=0.99638
  Epoch 019 [ 620/721]  loss=0.1386  lr=1.46e-04  ema_tau=0.99638
  Epoch 019 [ 640/721]  loss=0.1421  lr=1.46e-04  ema_tau=0.99638
  Epoch 019 [ 660/721]  loss=0.1462  lr=1.46e-04  ema_tau=0.99638
  Epoch 019 [ 680/721]  loss=0.1544  lr=1.46e-04  ema_tau=0.99638
  Epoch 019 [ 700/721]  loss=0.1757  lr=1.46e-04  ema_tau=0.99638
  Epoch 019 [ 720/721]  loss=0.1311  lr=1.46e-04  ema_tau=0.99638

Epoch 019 done | avg_loss=0.1358 | time=291.4s
  Val loss: 0.1190
  Checkpoint saved → /scratch/va2661/data/active_matter/checkpoints/jepa/latest.pt

  Epoch 020 [   0/721]  loss=0.1397  lr=1.46e-04  ema_tau=0.99638
  Epoch 020 [  20/721]  loss=0.1370  lr=1.45e-04  ema_tau=0.99638
  Epoch 020 [  40/721]  loss=0.1268  lr=1.45e-04  ema_tau=0.99638
  Epoch 020 [  60/721]  loss=0.1396  lr=1.45e-04  ema_tau=0.99639
  Epoch 020 [  80/721]  loss=0.1518  lr=1.45e-04  ema_tau=0.99639
  Epoch 020 [ 100/721]  loss=0.1415  lr=1.45e-04  ema_tau=0.99639
  Epoch 020 [ 120/721]  loss=0.1406  lr=1.45e-04  ema_tau=0.99639
  Epoch 020 [ 140/721]  loss=0.1277  lr=1.45e-04  ema_tau=0.99639
  Epoch 020 [ 160/721]  loss=0.1494  lr=1.45e-04  ema_tau=0.99639
  Epoch 020 [ 180/721]  loss=0.1307  lr=1.45e-04  ema_tau=0.99639
  Epoch 020 [ 200/721]  loss=0.1389  lr=1.45e-04  ema_tau=0.99639
  Epoch 020 [ 220/721]  loss=0.1364  lr=1.45e-04  ema_tau=0.99639
  Epoch 020 [ 240/721]  loss=0.1564  lr=1.45e-04  ema_tau=0.99639
  Epoch 020 [ 260/721]  loss=0.1390  lr=1.45e-04  ema_tau=0.99640
  Epoch 020 [ 280/721]  loss=0.1290  lr=1.45e-04  ema_tau=0.99640
  Epoch 020 [ 300/721]  loss=0.1434  lr=1.45e-04  ema_tau=0.99640
  Epoch 020 [ 320/721]  loss=0.1288  lr=1.45e-04  ema_tau=0.99640
  Epoch 020 [ 340/721]  loss=0.1373  lr=1.45e-04  ema_tau=0.99640
  Epoch 020 [ 360/721]  loss=0.1282  lr=1.45e-04  ema_tau=0.99640
  Epoch 020 [ 380/721]  loss=0.1362  lr=1.45e-04  ema_tau=0.99640
  Epoch 020 [ 400/721]  loss=0.1358  lr=1.45e-04  ema_tau=0.99640
  Epoch 020 [ 420/721]  loss=0.1422  lr=1.45e-04  ema_tau=0.99640
  Epoch 020 [ 440/721]  loss=0.1233  lr=1.45e-04  ema_tau=0.99640
  Epoch 020 [ 460/721]  loss=0.1363  lr=1.45e-04  ema_tau=0.99641
  Epoch 020 [ 480/721]  loss=0.1432  lr=1.45e-04  ema_tau=0.99641
  Epoch 020 [ 500/721]  loss=0.1154  lr=1.45e-04  ema_tau=0.99641
  Epoch 020 [ 520/721]  loss=0.1476  lr=1.45e-04  ema_tau=0.99641
  Epoch 020 [ 540/721]  loss=0.1570  lr=1.45e-04  ema_tau=0.99641
  Epoch 020 [ 560/721]  loss=0.1338  lr=1.45e-04  ema_tau=0.99641
  Epoch 020 [ 580/721]  loss=0.1470  lr=1.45e-04  ema_tau=0.99641
  Epoch 020 [ 600/721]  loss=0.1343  lr=1.45e-04  ema_tau=0.99641
  Epoch 020 [ 620/721]  loss=0.1354  lr=1.45e-04  ema_tau=0.99641
  Epoch 020 [ 640/721]  loss=0.1202  lr=1.45e-04  ema_tau=0.99642
  Epoch 020 [ 660/721]  loss=0.1610  lr=1.45e-04  ema_tau=0.99642
  Epoch 020 [ 680/721]  loss=0.1580  lr=1.45e-04  ema_tau=0.99642
  Epoch 020 [ 700/721]  loss=0.1410  lr=1.45e-04  ema_tau=0.99642
  Epoch 020 [ 720/721]  loss=0.1348  lr=1.45e-04  ema_tau=0.99642

Epoch 020 done | avg_loss=0.1366 | time=291.8s
  Collapse check — embed_std=0.0447  mean_cos_sim=0.1863
  Val loss: 0.1191
  Checkpoint saved → /scratch/va2661/data/active_matter/checkpoints/jepa/latest.pt
  Checkpoint saved → /scratch/va2661/data/active_matter/checkpoints/jepa/epoch_0020.pt

  Epoch 021 [   0/721]  loss=0.1304  lr=1.45e-04  ema_tau=0.99642
  Epoch 021 [  20/721]  loss=0.1481  lr=1.45e-04  ema_tau=0.99642
  Epoch 021 [  40/721]  loss=0.1234  lr=1.45e-04  ema_tau=0.99642
  Epoch 021 [  60/721]  loss=0.1049  lr=1.44e-04  ema_tau=0.99642
  Epoch 021 [  80/721]  loss=0.1289  lr=1.44e-04  ema_tau=0.99642
  Epoch 021 [ 100/721]  loss=0.1450  lr=1.44e-04  ema_tau=0.99643
  Epoch 021 [ 120/721]  loss=0.1314  lr=1.44e-04  ema_tau=0.99643
  Epoch 021 [ 140/721]  loss=0.1447  lr=1.44e-04  ema_tau=0.99643
  Epoch 021 [ 160/721]  loss=0.1441  lr=1.44e-04  ema_tau=0.99643
  Epoch 021 [ 180/721]  loss=0.1422  lr=1.44e-04  ema_tau=0.99643
  Epoch 021 [ 200/721]  loss=0.1228  lr=1.44e-04  ema_tau=0.99643
  Epoch 021 [ 220/721]  loss=0.1362  lr=1.44e-04  ema_tau=0.99643
  Epoch 021 [ 240/721]  loss=0.1267  lr=1.44e-04  ema_tau=0.99643
  Epoch 021 [ 260/721]  loss=0.1393  lr=1.44e-04  ema_tau=0.99643
  Epoch 021 [ 280/721]  loss=0.1358  lr=1.44e-04  ema_tau=0.99643
  Epoch 021 [ 300/721]  loss=0.1313  lr=1.44e-04  ema_tau=0.99644
  Epoch 021 [ 320/721]  loss=0.1526  lr=1.44e-04  ema_tau=0.99644
  Epoch 021 [ 340/721]  loss=0.1563  lr=1.44e-04  ema_tau=0.99644
  Epoch 021 [ 360/721]  loss=0.1496  lr=1.44e-04  ema_tau=0.99644
  Epoch 021 [ 380/721]  loss=0.1527  lr=1.44e-04  ema_tau=0.99644
  Epoch 021 [ 400/721]  loss=0.1432  lr=1.44e-04  ema_tau=0.99644
  Epoch 021 [ 420/721]  loss=0.1339  lr=1.44e-04  ema_tau=0.99644
  Epoch 021 [ 440/721]  loss=0.1361  lr=1.44e-04  ema_tau=0.99644
  Epoch 021 [ 460/721]  loss=0.1489  lr=1.44e-04  ema_tau=0.99644
  Epoch 021 [ 480/721]  loss=0.1452  lr=1.44e-04  ema_tau=0.99645
  Epoch 021 [ 500/721]  loss=0.1283  lr=1.44e-04  ema_tau=0.99645
  Epoch 021 [ 520/721]  loss=0.1432  lr=1.44e-04  ema_tau=0.99645
  Epoch 021 [ 540/721]  loss=0.1242  lr=1.44e-04  ema_tau=0.99645
  Epoch 021 [ 560/721]  loss=0.1290  lr=1.44e-04  ema_tau=0.99645
  Epoch 021 [ 580/721]  loss=0.1312  lr=1.44e-04  ema_tau=0.99645
  Epoch 021 [ 600/721]  loss=0.1206  lr=1.44e-04  ema_tau=0.99645
  Epoch 021 [ 620/721]  loss=0.1452  lr=1.44e-04  ema_tau=0.99645
  Epoch 021 [ 640/721]  loss=0.1321  lr=1.44e-04  ema_tau=0.99645
  Epoch 021 [ 660/721]  loss=0.1241  lr=1.44e-04  ema_tau=0.99646
  Epoch 021 [ 680/721]  loss=0.1308  lr=1.44e-04  ema_tau=0.99646
  Epoch 021 [ 700/721]  loss=0.1347  lr=1.44e-04  ema_tau=0.99646
  Epoch 021 [ 720/721]  loss=0.1328  lr=1.44e-04  ema_tau=0.99646

Epoch 021 done | avg_loss=0.1368 | time=291.2s
  Val loss: 0.1166
  Checkpoint saved → /scratch/va2661/data/active_matter/checkpoints/jepa/latest.pt

  Epoch 022 [   0/721]  loss=0.1303  lr=1.44e-04  ema_tau=0.99646
  Epoch 022 [  20/721]  loss=0.1376  lr=1.44e-04  ema_tau=0.99646
  Epoch 022 [  40/721]  loss=0.1263  lr=1.44e-04  ema_tau=0.99646
  Epoch 022 [  60/721]  loss=0.1175  lr=1.43e-04  ema_tau=0.99646
  Epoch 022 [  80/721]  loss=0.1438  lr=1.43e-04  ema_tau=0.99646
  Epoch 022 [ 100/721]  loss=0.1261  lr=1.43e-04  ema_tau=0.99646
  Epoch 022 [ 120/721]  loss=0.1277  lr=1.43e-04  ema_tau=0.99647
  Epoch 022 [ 140/721]  loss=0.1435  lr=1.43e-04  ema_tau=0.99647
  Epoch 022 [ 160/721]  loss=0.1463  lr=1.43e-04  ema_tau=0.99647
  Epoch 022 [ 180/721]  loss=0.1433  lr=1.43e-04  ema_tau=0.99647
  Epoch 022 [ 200/721]  loss=0.1292  lr=1.43e-04  ema_tau=0.99647
  Epoch 022 [ 220/721]  loss=0.1343  lr=1.43e-04  ema_tau=0.99647
  Epoch 022 [ 240/721]  loss=0.1256  lr=1.43e-04  ema_tau=0.99647
  Epoch 022 [ 260/721]  loss=0.1627  lr=1.43e-04  ema_tau=0.99647
  Epoch 022 [ 280/721]  loss=0.1440  lr=1.43e-04  ema_tau=0.99647
  Epoch 022 [ 300/721]  loss=0.1324  lr=1.43e-04  ema_tau=0.99648
  Epoch 022 [ 320/721]  loss=0.1442  lr=1.43e-04  ema_tau=0.99648
  Epoch 022 [ 340/721]  loss=0.1207  lr=1.43e-04  ema_tau=0.99648
  Epoch 022 [ 360/721]  loss=0.1259  lr=1.43e-04  ema_tau=0.99648
  Epoch 022 [ 380/721]  loss=0.1208  lr=1.43e-04  ema_tau=0.99648
  Epoch 022 [ 400/721]  loss=0.1538  lr=1.43e-04  ema_tau=0.99648
  Epoch 022 [ 420/721]  loss=0.1271  lr=1.43e-04  ema_tau=0.99648
  Epoch 022 [ 440/721]  loss=0.1326  lr=1.43e-04  ema_tau=0.99648
  Epoch 022 [ 460/721]  loss=0.1369  lr=1.43e-04  ema_tau=0.99648
  Epoch 022 [ 480/721]  loss=0.1365  lr=1.43e-04  ema_tau=0.99649
  Epoch 022 [ 500/721]  loss=0.1334  lr=1.43e-04  ema_tau=0.99649
  Epoch 022 [ 520/721]  loss=0.1360  lr=1.43e-04  ema_tau=0.99649
  Epoch 022 [ 540/721]  loss=0.1298  lr=1.43e-04  ema_tau=0.99649
  Epoch 022 [ 560/721]  loss=0.1339  lr=1.43e-04  ema_tau=0.99649
  Epoch 022 [ 580/721]  loss=0.1375  lr=1.43e-04  ema_tau=0.99649
  Epoch 022 [ 600/721]  loss=0.1656  lr=1.43e-04  ema_tau=0.99649
  Epoch 022 [ 620/721]  loss=0.1362  lr=1.43e-04  ema_tau=0.99649
  Epoch 022 [ 640/721]  loss=0.1361  lr=1.43e-04  ema_tau=0.99650
  Epoch 022 [ 660/721]  loss=0.1468  lr=1.43e-04  ema_tau=0.99650
  Epoch 022 [ 680/721]  loss=0.1476  lr=1.43e-04  ema_tau=0.99650
  Epoch 022 [ 700/721]  loss=0.1249  lr=1.42e-04  ema_tau=0.99650
  Epoch 022 [ 720/721]  loss=0.1454  lr=1.42e-04  ema_tau=0.99650

Epoch 022 done | avg_loss=0.1369 | time=291.7s
  Val loss: 0.1187
  Checkpoint saved → /scratch/va2661/data/active_matter/checkpoints/jepa/latest.pt

  Epoch 023 [   0/721]  loss=0.1371  lr=1.42e-04  ema_tau=0.99650
  Epoch 023 [  20/721]  loss=0.1237  lr=1.42e-04  ema_tau=0.99650
  Epoch 023 [  40/721]  loss=0.1397  lr=1.42e-04  ema_tau=0.99650
  Epoch 023 [  60/721]  loss=0.1392  lr=1.42e-04  ema_tau=0.99650
  Epoch 023 [  80/721]  loss=0.1334  lr=1.42e-04  ema_tau=0.99650
  Epoch 023 [ 100/721]  loss=0.1466  lr=1.42e-04  ema_tau=0.99651
  Epoch 023 [ 120/721]  loss=0.1365  lr=1.42e-04  ema_tau=0.99651
  Epoch 023 [ 140/721]  loss=0.1215  lr=1.42e-04  ema_tau=0.99651
  Epoch 023 [ 160/721]  loss=0.1442  lr=1.42e-04  ema_tau=0.99651
  Epoch 023 [ 180/721]  loss=0.1501  lr=1.42e-04  ema_tau=0.99651
  Epoch 023 [ 200/721]  loss=0.1059  lr=1.42e-04  ema_tau=0.99651
  Epoch 023 [ 220/721]  loss=0.1236  lr=1.42e-04  ema_tau=0.99651
  Epoch 023 [ 240/721]  loss=0.1388  lr=1.42e-04  ema_tau=0.99651
  Epoch 023 [ 260/721]  loss=0.1371  lr=1.42e-04  ema_tau=0.99651
  Epoch 023 [ 280/721]  loss=0.1338  lr=1.42e-04  ema_tau=0.99652
  Epoch 023 [ 300/721]  loss=0.1395  lr=1.42e-04  ema_tau=0.99652
  Epoch 023 [ 320/721]  loss=0.1390  lr=1.42e-04  ema_tau=0.99652
  Epoch 023 [ 340/721]  loss=0.1337  lr=1.42e-04  ema_tau=0.99652
  Epoch 023 [ 360/721]  loss=0.1551  lr=1.42e-04  ema_tau=0.99652
  Epoch 023 [ 380/721]  loss=0.1493  lr=1.42e-04  ema_tau=0.99652
  Epoch 023 [ 400/721]  loss=0.1184  lr=1.42e-04  ema_tau=0.99652
  Epoch 023 [ 420/721]  loss=0.1284  lr=1.42e-04  ema_tau=0.99652
  Epoch 023 [ 440/721]  loss=0.1580  lr=1.42e-04  ema_tau=0.99653
  Epoch 023 [ 460/721]  loss=0.1485  lr=1.42e-04  ema_tau=0.99653
  Epoch 023 [ 480/721]  loss=0.1577  lr=1.42e-04  ema_tau=0.99653
  Epoch 023 [ 500/721]  loss=0.1598  lr=1.42e-04  ema_tau=0.99653
  Epoch 023 [ 520/721]  loss=0.1305  lr=1.42e-04  ema_tau=0.99653
  Epoch 023 [ 540/721]  loss=0.1410  lr=1.42e-04  ema_tau=0.99653
  Epoch 023 [ 560/721]  loss=0.1228  lr=1.42e-04  ema_tau=0.99653
  Epoch 023 [ 580/721]  loss=0.1218  lr=1.42e-04  ema_tau=0.99653
  Epoch 023 [ 600/721]  loss=0.1220  lr=1.41e-04  ema_tau=0.99653
  Epoch 023 [ 620/721]  loss=0.1390  lr=1.41e-04  ema_tau=0.99654
  Epoch 023 [ 640/721]  loss=0.1544  lr=1.41e-04  ema_tau=0.99654
  Epoch 023 [ 660/721]  loss=0.1446  lr=1.41e-04  ema_tau=0.99654
  Epoch 023 [ 680/721]  loss=0.1302  lr=1.41e-04  ema_tau=0.99654
  Epoch 023 [ 700/721]  loss=0.1166  lr=1.41e-04  ema_tau=0.99654
  Epoch 023 [ 720/721]  loss=0.1032  lr=1.41e-04  ema_tau=0.99654

Epoch 023 done | avg_loss=0.1363 | time=292.4s
  Val loss: 0.1141
  Checkpoint saved → /scratch/va2661/data/active_matter/checkpoints/jepa/latest.pt

  Epoch 024 [   0/721]  loss=0.1433  lr=1.41e-04  ema_tau=0.99654
  Epoch 024 [  20/721]  loss=0.1285  lr=1.41e-04  ema_tau=0.99654
  Epoch 024 [  40/721]  loss=0.1391  lr=1.41e-04  ema_tau=0.99654
  Epoch 024 [  60/721]  loss=0.1299  lr=1.41e-04  ema_tau=0.99655
  Epoch 024 [  80/721]  loss=0.1343  lr=1.41e-04  ema_tau=0.99655
  Epoch 024 [ 100/721]  loss=0.1426  lr=1.41e-04  ema_tau=0.99655
  Epoch 024 [ 120/721]  loss=0.1257  lr=1.41e-04  ema_tau=0.99655
  Epoch 024 [ 140/721]  loss=0.1444  lr=1.41e-04  ema_tau=0.99655
  Epoch 024 [ 160/721]  loss=0.1469  lr=1.41e-04  ema_tau=0.99655
  Epoch 024 [ 180/721]  loss=0.1108  lr=1.41e-04  ema_tau=0.99655
  Epoch 024 [ 200/721]  loss=0.1186  lr=1.41e-04  ema_tau=0.99655
  Epoch 024 [ 220/721]  loss=0.1375  lr=1.41e-04  ema_tau=0.99656
  Epoch 024 [ 240/721]  loss=0.1318  lr=1.41e-04  ema_tau=0.99656
  Epoch 024 [ 260/721]  loss=0.1091  lr=1.41e-04  ema_tau=0.99656
  Epoch 024 [ 280/721]  loss=0.1407  lr=1.41e-04  ema_tau=0.99656
  Epoch 024 [ 300/721]  loss=0.1491  lr=1.41e-04  ema_tau=0.99656
  Epoch 024 [ 320/721]  loss=0.1408  lr=1.41e-04  ema_tau=0.99656
  Epoch 024 [ 340/721]  loss=0.1315  lr=1.41e-04  ema_tau=0.99656
  Epoch 024 [ 360/721]  loss=0.1385  lr=1.41e-04  ema_tau=0.99656
  Epoch 024 [ 380/721]  loss=0.1291  lr=1.41e-04  ema_tau=0.99656
  Epoch 024 [ 400/721]  loss=0.1228  lr=1.41e-04  ema_tau=0.99657
  Epoch 024 [ 420/721]  loss=0.1529  lr=1.41e-04  ema_tau=0.99657
  Epoch 024 [ 440/721]  loss=0.1448  lr=1.41e-04  ema_tau=0.99657
  Epoch 024 [ 460/721]  loss=0.1303  lr=1.40e-04  ema_tau=0.99657
  Epoch 024 [ 480/721]  loss=0.1285  lr=1.40e-04  ema_tau=0.99657
  Epoch 024 [ 500/721]  loss=0.1092  lr=1.40e-04  ema_tau=0.99657
  Epoch 024 [ 520/721]  loss=0.1479  lr=1.40e-04  ema_tau=0.99657
  Epoch 024 [ 540/721]  loss=0.1226  lr=1.40e-04  ema_tau=0.99657
  Epoch 024 [ 560/721]  loss=0.1335  lr=1.40e-04  ema_tau=0.99658
  Epoch 024 [ 580/721]  loss=0.1166  lr=1.40e-04  ema_tau=0.99658
  Epoch 024 [ 600/721]  loss=0.1383  lr=1.40e-04  ema_tau=0.99658
  Epoch 024 [ 620/721]  loss=0.1396  lr=1.40e-04  ema_tau=0.99658
  Epoch 024 [ 640/721]  loss=0.1417  lr=1.40e-04  ema_tau=0.99658
  Epoch 024 [ 660/721]  loss=0.1451  lr=1.40e-04  ema_tau=0.99658
  Epoch 024 [ 680/721]  loss=0.1403  lr=1.40e-04  ema_tau=0.99658
  Epoch 024 [ 700/721]  loss=0.1161  lr=1.40e-04  ema_tau=0.99658
  Epoch 024 [ 720/721]  loss=0.1234  lr=1.40e-04  ema_tau=0.99659

Epoch 024 done | avg_loss=0.1348 | time=293.1s
  Val loss: 0.1120
  Checkpoint saved → /scratch/va2661/data/active_matter/checkpoints/jepa/latest.pt

  Epoch 025 [   0/721]  loss=0.1298  lr=1.40e-04  ema_tau=0.99659
  Epoch 025 [  20/721]  loss=0.1211  lr=1.40e-04  ema_tau=0.99659
  Epoch 025 [  40/721]  loss=0.1387  lr=1.40e-04  ema_tau=0.99659
  Epoch 025 [  60/721]  loss=0.1406  lr=1.40e-04  ema_tau=0.99659
  Epoch 025 [  80/721]  loss=0.1415  lr=1.40e-04  ema_tau=0.99659
  Epoch 025 [ 100/721]  loss=0.1360  lr=1.40e-04  ema_tau=0.99659
  Epoch 025 [ 120/721]  loss=0.1525  lr=1.40e-04  ema_tau=0.99659
  Epoch 025 [ 140/721]  loss=0.1496  lr=1.40e-04  ema_tau=0.99659
  Epoch 025 [ 160/721]  loss=0.1531  lr=1.40e-04  ema_tau=0.99660
  Epoch 025 [ 180/721]  loss=0.1472  lr=1.40e-04  ema_tau=0.99660
  Epoch 025 [ 200/721]  loss=0.1486  lr=1.40e-04  ema_tau=0.99660
  Epoch 025 [ 220/721]  loss=0.1444  lr=1.40e-04  ema_tau=0.99660
  Epoch 025 [ 240/721]  loss=0.1488  lr=1.40e-04  ema_tau=0.99660
  Epoch 025 [ 260/721]  loss=0.1409  lr=1.40e-04  ema_tau=0.99660
  Epoch 025 [ 280/721]  loss=0.1162  lr=1.40e-04  ema_tau=0.99660
  Epoch 025 [ 300/721]  loss=0.1588  lr=1.39e-04  ema_tau=0.99660
  Epoch 025 [ 320/721]  loss=0.1461  lr=1.39e-04  ema_tau=0.99661
  Epoch 025 [ 340/721]  loss=0.1130  lr=1.39e-04  ema_tau=0.99661
  Epoch 025 [ 360/721]  loss=0.1248  lr=1.39e-04  ema_tau=0.99661
  Epoch 025 [ 380/721]  loss=0.1351  lr=1.39e-04  ema_tau=0.99661
  Epoch 025 [ 400/721]  loss=0.1278  lr=1.39e-04  ema_tau=0.99661
  Epoch 025 [ 420/721]  loss=0.1259  lr=1.39e-04  ema_tau=0.99661
  Epoch 025 [ 440/721]  loss=0.1391  lr=1.39e-04  ema_tau=0.99661
  Epoch 025 [ 460/721]  loss=0.1400  lr=1.39e-04  ema_tau=0.99661
  Epoch 025 [ 480/721]  loss=0.1323  lr=1.39e-04  ema_tau=0.99662
  Epoch 025 [ 500/721]  loss=0.1428  lr=1.39e-04  ema_tau=0.99662
  Epoch 025 [ 520/721]  loss=0.1348  lr=1.39e-04  ema_tau=0.99662
  Epoch 025 [ 540/721]  loss=0.1259  lr=1.39e-04  ema_tau=0.99662
  Epoch 025 [ 560/721]  loss=0.1123  lr=1.39e-04  ema_tau=0.99662
  Epoch 025 [ 580/721]  loss=0.1334  lr=1.39e-04  ema_tau=0.99662
  Epoch 025 [ 600/721]  loss=0.1347  lr=1.39e-04  ema_tau=0.99662
  Epoch 025 [ 620/721]  loss=0.1426  lr=1.39e-04  ema_tau=0.99662
  Epoch 025 [ 640/721]  loss=0.1235  lr=1.39e-04  ema_tau=0.99663
  Epoch 025 [ 660/721]  loss=0.1460  lr=1.39e-04  ema_tau=0.99663
  Epoch 025 [ 680/721]  loss=0.1425  lr=1.39e-04  ema_tau=0.99663
  Epoch 025 [ 700/721]  loss=0.1242  lr=1.39e-04  ema_tau=0.99663
  Epoch 025 [ 720/721]  loss=0.1309  lr=1.39e-04  ema_tau=0.99663

Epoch 025 done | avg_loss=0.1337 | time=292.6s
  Collapse check — embed_std=0.0436  mean_cos_sim=0.2056
  Val loss: 0.1141
  Checkpoint saved → /scratch/va2661/data/active_matter/checkpoints/jepa/latest.pt

  Epoch 026 [   0/721]  loss=0.1324  lr=1.39e-04  ema_tau=0.99663
  Epoch 026 [  20/721]  loss=0.1321  lr=1.39e-04  ema_tau=0.99663
  Epoch 026 [  40/721]  loss=0.1164  lr=1.39e-04  ema_tau=0.99663
  Epoch 026 [  60/721]  loss=0.1346  lr=1.39e-04  ema_tau=0.99663
  Epoch 026 [  80/721]  loss=0.1307  lr=1.39e-04  ema_tau=0.99664
  Epoch 026 [ 100/721]  loss=0.1377  lr=1.38e-04  ema_tau=0.99664
  Epoch 026 [ 120/721]  loss=0.1282  lr=1.38e-04  ema_tau=0.99664
  Epoch 026 [ 140/721]  loss=0.1396  lr=1.38e-04  ema_tau=0.99664
  Epoch 026 [ 160/721]  loss=0.1260  lr=1.38e-04  ema_tau=0.99664
  Epoch 026 [ 180/721]  loss=0.1167  lr=1.38e-04  ema_tau=0.99664
  Epoch 026 [ 200/721]  loss=0.1387  lr=1.38e-04  ema_tau=0.99664
  Epoch 026 [ 220/721]  loss=0.1419  lr=1.38e-04  ema_tau=0.99664
  Epoch 026 [ 240/721]  loss=0.1601  lr=1.38e-04  ema_tau=0.99665
  Epoch 026 [ 260/721]  loss=0.1235  lr=1.38e-04  ema_tau=0.99665
  Epoch 026 [ 280/721]  loss=0.1395  lr=1.38e-04  ema_tau=0.99665
  Epoch 026 [ 300/721]  loss=0.1379  lr=1.38e-04  ema_tau=0.99665
  Epoch 026 [ 320/721]  loss=0.1360  lr=1.38e-04  ema_tau=0.99665
  Epoch 026 [ 340/721]  loss=0.1297  lr=1.38e-04  ema_tau=0.99665
  Epoch 026 [ 360/721]  loss=0.1284  lr=1.38e-04  ema_tau=0.99665
  Epoch 026 [ 380/721]  loss=0.1264  lr=1.38e-04  ema_tau=0.99666
  Epoch 026 [ 400/721]  loss=0.1354  lr=1.38e-04  ema_tau=0.99666
  Epoch 026 [ 420/721]  loss=0.1139  lr=1.38e-04  ema_tau=0.99666
  Epoch 026 [ 440/721]  loss=0.1493  lr=1.38e-04  ema_tau=0.99666
  Epoch 026 [ 460/721]  loss=0.1155  lr=1.38e-04  ema_tau=0.99666
  Epoch 026 [ 480/721]  loss=0.1375  lr=1.38e-04  ema_tau=0.99666
  Epoch 026 [ 500/721]  loss=0.1304  lr=1.38e-04  ema_tau=0.99666
  Epoch 026 [ 520/721]  loss=0.1287  lr=1.38e-04  ema_tau=0.99666
  Epoch 026 [ 540/721]  loss=0.1213  lr=1.38e-04  ema_tau=0.99667
  Epoch 026 [ 560/721]  loss=0.1261  lr=1.38e-04  ema_tau=0.99667
  Epoch 026 [ 580/721]  loss=0.1357  lr=1.38e-04  ema_tau=0.99667
  Epoch 026 [ 600/721]  loss=0.1242  lr=1.38e-04  ema_tau=0.99667
  Epoch 026 [ 620/721]  loss=0.1324  lr=1.37e-04  ema_tau=0.99667
  Epoch 026 [ 640/721]  loss=0.1273  lr=1.37e-04  ema_tau=0.99667
  Epoch 026 [ 660/721]  loss=0.1156  lr=1.37e-04  ema_tau=0.99667
  Epoch 026 [ 680/721]  loss=0.1400  lr=1.37e-04  ema_tau=0.99667
  Epoch 026 [ 700/721]  loss=0.1257  lr=1.37e-04  ema_tau=0.99668
  Epoch 026 [ 720/721]  loss=0.1249  lr=1.37e-04  ema_tau=0.99668

Epoch 026 done | avg_loss=0.1328 | time=292.4s
  Val loss: 0.1129
  Checkpoint saved → /scratch/va2661/data/active_matter/checkpoints/jepa/latest.pt

  Epoch 027 [   0/721]  loss=0.1274  lr=1.37e-04  ema_tau=0.99668
  Epoch 027 [  20/721]  loss=0.1338  lr=1.37e-04  ema_tau=0.99668
  Epoch 027 [  40/721]  loss=0.1354  lr=1.37e-04  ema_tau=0.99668
  Epoch 027 [  60/721]  loss=0.1441  lr=1.37e-04  ema_tau=0.99668
  Epoch 027 [  80/721]  loss=0.1170  lr=1.37e-04  ema_tau=0.99668
  Epoch 027 [ 100/721]  loss=0.1219  lr=1.37e-04  ema_tau=0.99668
  Epoch 027 [ 120/721]  loss=0.1048  lr=1.37e-04  ema_tau=0.99669
  Epoch 027 [ 140/721]  loss=0.1374  lr=1.37e-04  ema_tau=0.99669
  Epoch 027 [ 160/721]  loss=0.1397  lr=1.37e-04  ema_tau=0.99669
  Epoch 027 [ 180/721]  loss=0.1409  lr=1.37e-04  ema_tau=0.99669
  Epoch 027 [ 200/721]  loss=0.1132  lr=1.37e-04  ema_tau=0.99669
  Epoch 027 [ 220/721]  loss=0.1276  lr=1.37e-04  ema_tau=0.99669
  Epoch 027 [ 240/721]  loss=0.1281  lr=1.37e-04  ema_tau=0.99669
  Epoch 027 [ 260/721]  loss=0.1275  lr=1.37e-04  ema_tau=0.99669
  Epoch 027 [ 280/721]  loss=0.1258  lr=1.37e-04  ema_tau=0.99670
  Epoch 027 [ 300/721]  loss=0.1192  lr=1.37e-04  ema_tau=0.99670
  Epoch 027 [ 320/721]  loss=0.1113  lr=1.37e-04  ema_tau=0.99670
  Epoch 027 [ 340/721]  loss=0.1414  lr=1.37e-04  ema_tau=0.99670
  Epoch 027 [ 360/721]  loss=0.1323  lr=1.37e-04  ema_tau=0.99670
  Epoch 027 [ 380/721]  loss=0.1300  lr=1.36e-04  ema_tau=0.99670
  Epoch 027 [ 400/721]  loss=0.1271  lr=1.36e-04  ema_tau=0.99670
  Epoch 027 [ 420/721]  loss=0.1341  lr=1.36e-04  ema_tau=0.99671
  Epoch 027 [ 440/721]  loss=0.1237  lr=1.36e-04  ema_tau=0.99671
  Epoch 027 [ 460/721]  loss=0.1206  lr=1.36e-04  ema_tau=0.99671
  Epoch 027 [ 480/721]  loss=0.1282  lr=1.36e-04  ema_tau=0.99671
  Epoch 027 [ 500/721]  loss=0.1255  lr=1.36e-04  ema_tau=0.99671
  Epoch 027 [ 520/721]  loss=0.1282  lr=1.36e-04  ema_tau=0.99671
  Epoch 027 [ 540/721]  loss=0.1241  lr=1.36e-04  ema_tau=0.99671
  Epoch 027 [ 560/721]  loss=0.1222  lr=1.36e-04  ema_tau=0.99671
  Epoch 027 [ 580/721]  loss=0.1351  lr=1.36e-04  ema_tau=0.99672
  Epoch 027 [ 600/721]  loss=0.1401  lr=1.36e-04  ema_tau=0.99672
  Epoch 027 [ 620/721]  loss=0.1111  lr=1.36e-04  ema_tau=0.99672
  Epoch 027 [ 640/721]  loss=0.1128  lr=1.36e-04  ema_tau=0.99672
  Epoch 027 [ 660/721]  loss=0.1394  lr=1.36e-04  ema_tau=0.99672
  Epoch 027 [ 680/721]  loss=0.1112  lr=1.36e-04  ema_tau=0.99672
  Epoch 027 [ 700/721]  loss=0.1240  lr=1.36e-04  ema_tau=0.99672
  Epoch 027 [ 720/721]  loss=0.1440  lr=1.36e-04  ema_tau=0.99673

Epoch 027 done | avg_loss=0.1309 | time=292.4s
  Val loss: 0.1132
  Checkpoint saved → /scratch/va2661/data/active_matter/checkpoints/jepa/latest.pt

  Epoch 028 [   0/721]  loss=0.1269  lr=1.36e-04  ema_tau=0.99673
  Epoch 028 [  20/721]  loss=0.1317  lr=1.36e-04  ema_tau=0.99673
  Epoch 028 [  40/721]  loss=0.1114  lr=1.36e-04  ema_tau=0.99673
  Epoch 028 [  60/721]  loss=0.1378  lr=1.36e-04  ema_tau=0.99673
  Epoch 028 [  80/721]  loss=0.1153  lr=1.36e-04  ema_tau=0.99673
  Epoch 028 [ 100/721]  loss=0.1191  lr=1.36e-04  ema_tau=0.99673
  Epoch 028 [ 120/721]  loss=0.1165  lr=1.36e-04  ema_tau=0.99673
  Epoch 028 [ 140/721]  loss=0.1553  lr=1.35e-04  ema_tau=0.99673
  Epoch 028 [ 160/721]  loss=0.1430  lr=1.35e-04  ema_tau=0.99674
  Epoch 028 [ 180/721]  loss=0.1247  lr=1.35e-04  ema_tau=0.99674
  Epoch 028 [ 200/721]  loss=0.1415  lr=1.35e-04  ema_tau=0.99674
  Epoch 028 [ 220/721]  loss=0.1438  lr=1.35e-04  ema_tau=0.99674
  Epoch 028 [ 240/721]  loss=0.1185  lr=1.35e-04  ema_tau=0.99674
  Epoch 028 [ 260/721]  loss=0.1306  lr=1.35e-04  ema_tau=0.99674
  Epoch 028 [ 280/721]  loss=0.1060  lr=1.35e-04  ema_tau=0.99674
  Epoch 028 [ 300/721]  loss=0.1387  lr=1.35e-04  ema_tau=0.99675
  Epoch 028 [ 320/721]  loss=0.1307  lr=1.35e-04  ema_tau=0.99675
  Epoch 028 [ 340/721]  loss=0.1195  lr=1.35e-04  ema_tau=0.99675
  Epoch 028 [ 360/721]  loss=0.1204  lr=1.35e-04  ema_tau=0.99675
  Epoch 028 [ 380/721]  loss=0.1445  lr=1.35e-04  ema_tau=0.99675
  Epoch 028 [ 400/721]  loss=0.1344  lr=1.35e-04  ema_tau=0.99675
  Epoch 028 [ 420/721]  loss=0.1327  lr=1.35e-04  ema_tau=0.99675
  Epoch 028 [ 440/721]  loss=0.1365  lr=1.35e-04  ema_tau=0.99675
  Epoch 028 [ 460/721]  loss=0.1172  lr=1.35e-04  ema_tau=0.99676
  Epoch 028 [ 480/721]  loss=0.1275  lr=1.35e-04  ema_tau=0.99676
  Epoch 028 [ 500/721]  loss=0.1303  lr=1.35e-04  ema_tau=0.99676
  Epoch 028 [ 520/721]  loss=0.1364  lr=1.35e-04  ema_tau=0.99676
  Epoch 028 [ 540/721]  loss=0.1284  lr=1.35e-04  ema_tau=0.99676
  Epoch 028 [ 560/721]  loss=0.1079  lr=1.35e-04  ema_tau=0.99676
  Epoch 028 [ 580/721]  loss=0.1160  lr=1.35e-04  ema_tau=0.99676
  Epoch 028 [ 600/721]  loss=0.1311  lr=1.34e-04  ema_tau=0.99677
  Epoch 028 [ 620/721]  loss=0.1275  lr=1.34e-04  ema_tau=0.99677
  Epoch 028 [ 640/721]  loss=0.1249  lr=1.34e-04  ema_tau=0.99677
  Epoch 028 [ 660/721]  loss=0.1364  lr=1.34e-04  ema_tau=0.99677
  Epoch 028 [ 680/721]  loss=0.1166  lr=1.34e-04  ema_tau=0.99677
  Epoch 028 [ 700/721]  loss=0.1267  lr=1.34e-04  ema_tau=0.99677
  Epoch 028 [ 720/721]  loss=0.1158  lr=1.34e-04  ema_tau=0.99677

Epoch 028 done | avg_loss=0.1306 | time=292.0s
  Val loss: 0.1068
  Checkpoint saved → /scratch/va2661/data/active_matter/checkpoints/jepa/latest.pt

  Epoch 029 [   0/721]  loss=0.1571  lr=1.34e-04  ema_tau=0.99677
  Epoch 029 [  20/721]  loss=0.1416  lr=1.34e-04  ema_tau=0.99678
  Epoch 029 [  40/721]  loss=0.1135  lr=1.34e-04  ema_tau=0.99678
  Epoch 029 [  60/721]  loss=0.1402  lr=1.34e-04  ema_tau=0.99678
  Epoch 029 [  80/721]  loss=0.1331  lr=1.34e-04  ema_tau=0.99678
  Epoch 029 [ 100/721]  loss=0.1233  lr=1.34e-04  ema_tau=0.99678
  Epoch 029 [ 120/721]  loss=0.1033  lr=1.34e-04  ema_tau=0.99678
  Epoch 029 [ 140/721]  loss=0.1386  lr=1.34e-04  ema_tau=0.99678
  Epoch 029 [ 160/721]  loss=0.1373  lr=1.34e-04  ema_tau=0.99679
  Epoch 029 [ 180/721]  loss=0.1409  lr=1.34e-04  ema_tau=0.99679
  Epoch 029 [ 200/721]  loss=0.1257  lr=1.34e-04  ema_tau=0.99679
  Epoch 029 [ 220/721]  loss=0.1222  lr=1.34e-04  ema_tau=0.99679
  Epoch 029 [ 240/721]  loss=0.1342  lr=1.34e-04  ema_tau=0.99679
  Epoch 029 [ 260/721]  loss=0.1485  lr=1.34e-04  ema_tau=0.99679
  Epoch 029 [ 280/721]  loss=0.1375  lr=1.34e-04  ema_tau=0.99679
  Epoch 029 [ 300/721]  loss=0.1435  lr=1.34e-04  ema_tau=0.99679
  Epoch 029 [ 320/721]  loss=0.1437  lr=1.33e-04  ema_tau=0.99680
  Epoch 029 [ 340/721]  loss=0.1342  lr=1.33e-04  ema_tau=0.99680
  Epoch 029 [ 360/721]  loss=0.1211  lr=1.33e-04  ema_tau=0.99680
  Epoch 029 [ 380/721]  loss=0.1260  lr=1.33e-04  ema_tau=0.99680
  Epoch 029 [ 400/721]  loss=0.1147  lr=1.33e-04  ema_tau=0.99680
  Epoch 029 [ 420/721]  loss=0.1295  lr=1.33e-04  ema_tau=0.99680
  Epoch 029 [ 440/721]  loss=0.1175  lr=1.33e-04  ema_tau=0.99680
  Epoch 029 [ 460/721]  loss=0.1342  lr=1.33e-04  ema_tau=0.99681
  Epoch 029 [ 480/721]  loss=0.1224  lr=1.33e-04  ema_tau=0.99681
  Epoch 029 [ 500/721]  loss=0.1436  lr=1.33e-04  ema_tau=0.99681
  Epoch 029 [ 520/721]  loss=0.1486  lr=1.33e-04  ema_tau=0.99681
  Epoch 029 [ 540/721]  loss=0.1198  lr=1.33e-04  ema_tau=0.99681
  Epoch 029 [ 560/721]  loss=0.1388  lr=1.33e-04  ema_tau=0.99681
  Epoch 029 [ 580/721]  loss=0.1349  lr=1.33e-04  ema_tau=0.99681
  Epoch 029 [ 600/721]  loss=0.1288  lr=1.33e-04  ema_tau=0.99682
  Epoch 029 [ 620/721]  loss=0.1272  lr=1.33e-04  ema_tau=0.99682
  Epoch 029 [ 640/721]  loss=0.1452  lr=1.33e-04  ema_tau=0.99682
  Epoch 029 [ 660/721]  loss=0.1379  lr=1.33e-04  ema_tau=0.99682
  Epoch 029 [ 680/721]  loss=0.1630  lr=1.33e-04  ema_tau=0.99682
  Epoch 029 [ 700/721]  loss=0.1415  lr=1.33e-04  ema_tau=0.99682
  Epoch 029 [ 720/721]  loss=0.1201  lr=1.33e-04  ema_tau=0.99682

Epoch 029 done | avg_loss=0.1301 | time=292.1s
  Val loss: 0.1095
  Checkpoint saved → /scratch/va2661/data/active_matter/checkpoints/jepa/latest.pt

  Epoch 030 [   0/721]  loss=0.1481  lr=1.33e-04  ema_tau=0.99682
  Epoch 030 [  20/721]  loss=0.1203  lr=1.33e-04  ema_tau=0.99683
  Epoch 030 [  40/721]  loss=0.1358  lr=1.32e-04  ema_tau=0.99683
  Epoch 030 [  60/721]  loss=0.1352  lr=1.32e-04  ema_tau=0.99683
  Epoch 030 [  80/721]  loss=0.1229  lr=1.32e-04  ema_tau=0.99683
  Epoch 030 [ 100/721]  loss=0.1272  lr=1.32e-04  ema_tau=0.99683
  Epoch 030 [ 120/721]  loss=0.1179  lr=1.32e-04  ema_tau=0.99683
  Epoch 030 [ 140/721]  loss=0.1282  lr=1.32e-04  ema_tau=0.99683
  Epoch 030 [ 160/721]  loss=0.1300  lr=1.32e-04  ema_tau=0.99684
  Epoch 030 [ 180/721]  loss=0.1274  lr=1.32e-04  ema_tau=0.99684
  Epoch 030 [ 200/721]  loss=0.1203  lr=1.32e-04  ema_tau=0.99684
  Epoch 030 [ 220/721]  loss=0.1439  lr=1.32e-04  ema_tau=0.99684
  Epoch 030 [ 240/721]  loss=0.1404  lr=1.32e-04  ema_tau=0.99684
  Epoch 030 [ 260/721]  loss=0.1207  lr=1.32e-04  ema_tau=0.99684
  Epoch 030 [ 280/721]  loss=0.1440  lr=1.32e-04  ema_tau=0.99684
  Epoch 030 [ 300/721]  loss=0.1294  lr=1.32e-04  ema_tau=0.99685
  Epoch 030 [ 320/721]  loss=0.1372  lr=1.32e-04  ema_tau=0.99685
  Epoch 030 [ 340/721]  loss=0.1290  lr=1.32e-04  ema_tau=0.99685
  Epoch 030 [ 360/721]  loss=0.1231  lr=1.32e-04  ema_tau=0.99685
  Epoch 030 [ 380/721]  loss=0.1156  lr=1.32e-04  ema_tau=0.99685
  Epoch 030 [ 400/721]  loss=0.1119  lr=1.32e-04  ema_tau=0.99685
  Epoch 030 [ 420/721]  loss=0.1230  lr=1.32e-04  ema_tau=0.99685
  Epoch 030 [ 440/721]  loss=0.1219  lr=1.32e-04  ema_tau=0.99686
  Epoch 030 [ 460/721]  loss=0.1279  lr=1.31e-04  ema_tau=0.99686
  Epoch 030 [ 480/721]  loss=0.1250  lr=1.31e-04  ema_tau=0.99686
  Epoch 030 [ 500/721]  loss=0.1281  lr=1.31e-04  ema_tau=0.99686
  Epoch 030 [ 520/721]  loss=0.1340  lr=1.31e-04  ema_tau=0.99686
  Epoch 030 [ 540/721]  loss=0.1366  lr=1.31e-04  ema_tau=0.99686
  Epoch 030 [ 560/721]  loss=0.1495  lr=1.31e-04  ema_tau=0.99686
  Epoch 030 [ 580/721]  loss=0.1244  lr=1.31e-04  ema_tau=0.99687
  Epoch 030 [ 600/721]  loss=0.1339  lr=1.31e-04  ema_tau=0.99687
  Epoch 030 [ 620/721]  loss=0.1119  lr=1.31e-04  ema_tau=0.99687
  Epoch 030 [ 640/721]  loss=0.1284  lr=1.31e-04  ema_tau=0.99687
  Epoch 030 [ 660/721]  loss=0.1233  lr=1.31e-04  ema_tau=0.99687
  Epoch 030 [ 680/721]  loss=0.1284  lr=1.31e-04  ema_tau=0.99687
  Epoch 030 [ 700/721]  loss=0.1459  lr=1.31e-04  ema_tau=0.99687
  Epoch 030 [ 720/721]  loss=0.1328  lr=1.31e-04  ema_tau=0.99688

Epoch 030 done | avg_loss=0.1291 | time=292.3s
  Collapse check — embed_std=0.0439  mean_cos_sim=0.2350
  Val loss: 0.1083
  Checkpoint saved → /scratch/va2661/data/active_matter/checkpoints/jepa/latest.pt
  Checkpoint saved → /scratch/va2661/data/active_matter/checkpoints/jepa/epoch_0030.pt

  Epoch 031 [   0/721]  loss=0.1338  lr=1.31e-04  ema_tau=0.99688
  Epoch 031 [  20/721]  loss=0.1425  lr=1.31e-04  ema_tau=0.99688
  Epoch 031 [  40/721]  loss=0.1318  lr=1.31e-04  ema_tau=0.99688
  Epoch 031 [  60/721]  loss=0.1296  lr=1.31e-04  ema_tau=0.99688
  Epoch 031 [  80/721]  loss=0.0930  lr=1.31e-04  ema_tau=0.99688
  Epoch 031 [ 100/721]  loss=0.1239  lr=1.31e-04  ema_tau=0.99688
  Epoch 031 [ 120/721]  loss=0.1153  lr=1.31e-04  ema_tau=0.99688
  Epoch 031 [ 140/721]  loss=0.1154  lr=1.31e-04  ema_tau=0.99689
  Epoch 031 [ 160/721]  loss=0.1322  lr=1.30e-04  ema_tau=0.99689
  Epoch 031 [ 180/721]  loss=0.1214  lr=1.30e-04  ema_tau=0.99689
  Epoch 031 [ 200/721]  loss=0.1209  lr=1.30e-04  ema_tau=0.99689
  Epoch 031 [ 220/721]  loss=0.1215  lr=1.30e-04  ema_tau=0.99689
  Epoch 031 [ 240/721]  loss=0.1297  lr=1.30e-04  ema_tau=0.99689
  Epoch 031 [ 260/721]  loss=0.1330  lr=1.30e-04  ema_tau=0.99689
  Epoch 031 [ 280/721]  loss=0.1307  lr=1.30e-04  ema_tau=0.99690
  Epoch 031 [ 300/721]  loss=0.1179  lr=1.30e-04  ema_tau=0.99690
  Epoch 031 [ 320/721]  loss=0.1415  lr=1.30e-04  ema_tau=0.99690
  Epoch 031 [ 340/721]  loss=0.1092  lr=1.30e-04  ema_tau=0.99690
  Epoch 031 [ 360/721]  loss=0.1501  lr=1.30e-04  ema_tau=0.99690
  Epoch 031 [ 380/721]  loss=0.1260  lr=1.30e-04  ema_tau=0.99690
  Epoch 031 [ 400/721]  loss=0.1421  lr=1.30e-04  ema_tau=0.99690
  Epoch 031 [ 420/721]  loss=0.1342  lr=1.30e-04  ema_tau=0.99691
  Epoch 031 [ 440/721]  loss=0.1457  lr=1.30e-04  ema_tau=0.99691
  Epoch 031 [ 460/721]  loss=0.1389  lr=1.30e-04  ema_tau=0.99691
  Epoch 031 [ 480/721]  loss=0.1399  lr=1.30e-04  ema_tau=0.99691
  Epoch 031 [ 500/721]  loss=0.1255  lr=1.30e-04  ema_tau=0.99691
  Epoch 031 [ 520/721]  loss=0.1301  lr=1.30e-04  ema_tau=0.99691
  Epoch 031 [ 540/721]  loss=0.1090  lr=1.30e-04  ema_tau=0.99692
  Epoch 031 [ 560/721]  loss=0.1488  lr=1.29e-04  ema_tau=0.99692
  Epoch 031 [ 580/721]  loss=0.1391  lr=1.29e-04  ema_tau=0.99692
  Epoch 031 [ 600/721]  loss=0.1146  lr=1.29e-04  ema_tau=0.99692
  Epoch 031 [ 620/721]  loss=0.1196  lr=1.29e-04  ema_tau=0.99692
  Epoch 031 [ 640/721]  loss=0.1178  lr=1.29e-04  ema_tau=0.99692
  Epoch 031 [ 660/721]  loss=0.1253  lr=1.29e-04  ema_tau=0.99692
  Epoch 031 [ 680/721]  loss=0.1218  lr=1.29e-04  ema_tau=0.99693
  Epoch 031 [ 700/721]  loss=0.1319  lr=1.29e-04  ema_tau=0.99693
  Epoch 031 [ 720/721]  loss=0.1552  lr=1.29e-04  ema_tau=0.99693

Epoch 031 done | avg_loss=0.1283 | time=291.3s
  Val loss: 0.1058
  Checkpoint saved → /scratch/va2661/data/active_matter/checkpoints/jepa/latest.pt

  Epoch 032 [   0/721]  loss=0.1363  lr=1.29e-04  ema_tau=0.99693
  Epoch 032 [  20/721]  loss=0.1449  lr=1.29e-04  ema_tau=0.99693
  Epoch 032 [  40/721]  loss=0.1317  lr=1.29e-04  ema_tau=0.99693
  Epoch 032 [  60/721]  loss=0.1297  lr=1.29e-04  ema_tau=0.99693
  Epoch 032 [  80/721]  loss=0.1175  lr=1.29e-04  ema_tau=0.99693
  Epoch 032 [ 100/721]  loss=0.1352  lr=1.29e-04  ema_tau=0.99694
  Epoch 032 [ 120/721]  loss=0.1450  lr=1.29e-04  ema_tau=0.99694
  Epoch 032 [ 140/721]  loss=0.1342  lr=1.29e-04  ema_tau=0.99694
  Epoch 032 [ 160/721]  loss=0.1165  lr=1.29e-04  ema_tau=0.99694
  Epoch 032 [ 180/721]  loss=0.1472  lr=1.29e-04  ema_tau=0.99694
  Epoch 032 [ 200/721]  loss=0.1391  lr=1.29e-04  ema_tau=0.99694
  Epoch 032 [ 220/721]  loss=0.0997  lr=1.29e-04  ema_tau=0.99694
  Epoch 032 [ 240/721]  loss=0.1250  lr=1.28e-04  ema_tau=0.99695
  Epoch 032 [ 260/721]  loss=0.1177  lr=1.28e-04  ema_tau=0.99695
  Epoch 032 [ 280/721]  loss=0.1277  lr=1.28e-04  ema_tau=0.99695
  Epoch 032 [ 300/721]  loss=0.1322  lr=1.28e-04  ema_tau=0.99695
  Epoch 032 [ 320/721]  loss=0.1384  lr=1.28e-04  ema_tau=0.99695
  Epoch 032 [ 340/721]  loss=0.1151  lr=1.28e-04  ema_tau=0.99695
  Epoch 032 [ 360/721]  loss=0.1465  lr=1.28e-04  ema_tau=0.99695
  Epoch 032 [ 380/721]  loss=0.1330  lr=1.28e-04  ema_tau=0.99696
  Epoch 032 [ 400/721]  loss=0.1285  lr=1.28e-04  ema_tau=0.99696
  Epoch 032 [ 420/721]  loss=0.1063  lr=1.28e-04  ema_tau=0.99696
  Epoch 032 [ 440/721]  loss=0.1245  lr=1.28e-04  ema_tau=0.99696
  Epoch 032 [ 460/721]  loss=0.1158  lr=1.28e-04  ema_tau=0.99696
  Epoch 032 [ 480/721]  loss=0.1279  lr=1.28e-04  ema_tau=0.99696
  Epoch 032 [ 500/721]  loss=0.1180  lr=1.28e-04  ema_tau=0.99697
  Epoch 032 [ 520/721]  loss=0.1213  lr=1.28e-04  ema_tau=0.99697
  Epoch 032 [ 540/721]  loss=0.1446  lr=1.28e-04  ema_tau=0.99697
  Epoch 032 [ 560/721]  loss=0.1396  lr=1.28e-04  ema_tau=0.99697
  Epoch 032 [ 580/721]  loss=0.1416  lr=1.28e-04  ema_tau=0.99697
  Epoch 032 [ 600/721]  loss=0.1302  lr=1.28e-04  ema_tau=0.99697
  Epoch 032 [ 620/721]  loss=0.1524  lr=1.28e-04  ema_tau=0.99697
  Epoch 032 [ 640/721]  loss=0.1291  lr=1.27e-04  ema_tau=0.99698
  Epoch 032 [ 660/721]  loss=0.1363  lr=1.27e-04  ema_tau=0.99698
  Epoch 032 [ 680/721]  loss=0.1319  lr=1.27e-04  ema_tau=0.99698
  Epoch 032 [ 700/721]  loss=0.1310  lr=1.27e-04  ema_tau=0.99698
  Epoch 032 [ 720/721]  loss=0.1259  lr=1.27e-04  ema_tau=0.99698

Epoch 032 done | avg_loss=0.1278 | time=325.8s
  Val loss: 0.1086
  Checkpoint saved → /scratch/va2661/data/active_matter/checkpoints/jepa/latest.pt

  Epoch 033 [   0/721]  loss=0.1362  lr=1.27e-04  ema_tau=0.99698
  Epoch 033 [  20/721]  loss=0.1308  lr=1.27e-04  ema_tau=0.99698
  Epoch 033 [  40/721]  loss=0.1223  lr=1.27e-04  ema_tau=0.99698
  Epoch 033 [  60/721]  loss=0.1191  lr=1.27e-04  ema_tau=0.99699
  Epoch 033 [  80/721]  loss=0.1217  lr=1.27e-04  ema_tau=0.99699
  Epoch 033 [ 100/721]  loss=0.1224  lr=1.27e-04  ema_tau=0.99699
  Epoch 033 [ 120/721]  loss=0.1495  lr=1.27e-04  ema_tau=0.99699
  Epoch 033 [ 140/721]  loss=0.1314  lr=1.27e-04  ema_tau=0.99699
  Epoch 033 [ 160/721]  loss=0.1274  lr=1.27e-04  ema_tau=0.99699
  Epoch 033 [ 180/721]  loss=0.1433  lr=1.27e-04  ema_tau=0.99700
  Epoch 033 [ 200/721]  loss=0.1054  lr=1.27e-04  ema_tau=0.99700
  Epoch 033 [ 220/721]  loss=0.1367  lr=1.27e-04  ema_tau=0.99700
  Epoch 033 [ 240/721]  loss=0.1343  lr=1.27e-04  ema_tau=0.99700
  Epoch 033 [ 260/721]  loss=0.1213  lr=1.27e-04  ema_tau=0.99700
  Epoch 033 [ 280/721]  loss=0.1181  lr=1.27e-04  ema_tau=0.99700
  Epoch 033 [ 300/721]  loss=0.1339  lr=1.26e-04  ema_tau=0.99700
  Epoch 033 [ 320/721]  loss=0.1432  lr=1.26e-04  ema_tau=0.99701
  Epoch 033 [ 340/721]  loss=0.1196  lr=1.26e-04  ema_tau=0.99701
  Epoch 033 [ 360/721]  loss=0.1143  lr=1.26e-04  ema_tau=0.99701
  Epoch 033 [ 380/721]  loss=0.1197  lr=1.26e-04  ema_tau=0.99701
  Epoch 033 [ 400/721]  loss=0.1308  lr=1.26e-04  ema_tau=0.99701
  Epoch 033 [ 420/721]  loss=0.1190  lr=1.26e-04  ema_tau=0.99701
  Epoch 033 [ 440/721]  loss=0.1307  lr=1.26e-04  ema_tau=0.99702
  Epoch 033 [ 460/721]  loss=0.1008  lr=1.26e-04  ema_tau=0.99702
  Epoch 033 [ 480/721]  loss=0.1386  lr=1.26e-04  ema_tau=0.99702
  Epoch 033 [ 500/721]  loss=0.1473  lr=1.26e-04  ema_tau=0.99702
  Epoch 033 [ 520/721]  loss=0.1232  lr=1.26e-04  ema_tau=0.99702
  Epoch 033 [ 540/721]  loss=0.1301  lr=1.26e-04  ema_tau=0.99702
  Epoch 033 [ 560/721]  loss=0.1434  lr=1.26e-04  ema_tau=0.99702
  Epoch 033 [ 580/721]  loss=0.1267  lr=1.26e-04  ema_tau=0.99703
  Epoch 033 [ 600/721]  loss=0.1103  lr=1.26e-04  ema_tau=0.99703
  Epoch 033 [ 620/721]  loss=0.1290  lr=1.26e-04  ema_tau=0.99703
  Epoch 033 [ 640/721]  loss=0.1265  lr=1.26e-04  ema_tau=0.99703
  Epoch 033 [ 660/721]  loss=0.1175  lr=1.26e-04  ema_tau=0.99703
  Epoch 033 [ 680/721]  loss=0.1156  lr=1.25e-04  ema_tau=0.99703
  Epoch 033 [ 700/721]  loss=0.1422  lr=1.25e-04  ema_tau=0.99703
  Epoch 033 [ 720/721]  loss=0.1292  lr=1.25e-04  ema_tau=0.99704

Epoch 033 done | avg_loss=0.1270 | time=290.9s
  Val loss: 0.1060
  Checkpoint saved → /scratch/va2661/data/active_matter/checkpoints/jepa/latest.pt

  Epoch 034 [   0/721]  loss=0.1353  lr=1.25e-04  ema_tau=0.99704
  Epoch 034 [  20/721]  loss=0.1329  lr=1.25e-04  ema_tau=0.99704
  Epoch 034 [  40/721]  loss=0.1248  lr=1.25e-04  ema_tau=0.99704
  Epoch 034 [  60/721]  loss=0.1209  lr=1.25e-04  ema_tau=0.99704
  Epoch 034 [  80/721]  loss=0.1181  lr=1.25e-04  ema_tau=0.99704
  Epoch 034 [ 100/721]  loss=0.1208  lr=1.25e-04  ema_tau=0.99704
  Epoch 034 [ 120/721]  loss=0.1261  lr=1.25e-04  ema_tau=0.99705
  Epoch 034 [ 140/721]  loss=0.1167  lr=1.25e-04  ema_tau=0.99705
  Epoch 034 [ 160/721]  loss=0.1277  lr=1.25e-04  ema_tau=0.99705
  Epoch 034 [ 180/721]  loss=0.1466  lr=1.25e-04  ema_tau=0.99705
  Epoch 034 [ 200/721]  loss=0.1311  lr=1.25e-04  ema_tau=0.99705
  Epoch 034 [ 220/721]  loss=0.1221  lr=1.25e-04  ema_tau=0.99705
  Epoch 034 [ 240/721]  loss=0.1413  lr=1.25e-04  ema_tau=0.99705
  Epoch 034 [ 260/721]  loss=0.1337  lr=1.25e-04  ema_tau=0.99706
  Epoch 034 [ 280/721]  loss=0.1120  lr=1.25e-04  ema_tau=0.99706
  Epoch 034 [ 300/721]  loss=0.1187  lr=1.25e-04  ema_tau=0.99706
  Epoch 034 [ 320/721]  loss=0.1282  lr=1.24e-04  ema_tau=0.99706
  Epoch 034 [ 340/721]  loss=0.1133  lr=1.24e-04  ema_tau=0.99706
  Epoch 034 [ 360/721]  loss=0.1280  lr=1.24e-04  ema_tau=0.99706
  Epoch 034 [ 380/721]  loss=0.1318  lr=1.24e-04  ema_tau=0.99707
  Epoch 034 [ 400/721]  loss=0.1251  lr=1.24e-04  ema_tau=0.99707
  Epoch 034 [ 420/721]  loss=0.1044  lr=1.24e-04  ema_tau=0.99707
  Epoch 034 [ 440/721]  loss=0.1184  lr=1.24e-04  ema_tau=0.99707
  Epoch 034 [ 460/721]  loss=0.1237  lr=1.24e-04  ema_tau=0.99707
  Epoch 034 [ 480/721]  loss=0.1482  lr=1.24e-04  ema_tau=0.99707
  Epoch 034 [ 500/721]  loss=0.1218  lr=1.24e-04  ema_tau=0.99707
  Epoch 034 [ 520/721]  loss=0.1313  lr=1.24e-04  ema_tau=0.99708
  Epoch 034 [ 540/721]  loss=0.1485  lr=1.24e-04  ema_tau=0.99708
  Epoch 034 [ 560/721]  loss=0.1228  lr=1.24e-04  ema_tau=0.99708
  Epoch 034 [ 580/721]  loss=0.1284  lr=1.24e-04  ema_tau=0.99708
  Epoch 034 [ 600/721]  loss=0.1075  lr=1.24e-04  ema_tau=0.99708
  Epoch 034 [ 620/721]  loss=0.1275  lr=1.24e-04  ema_tau=0.99708
  Epoch 034 [ 640/721]  loss=0.1268  lr=1.24e-04  ema_tau=0.99709
  Epoch 034 [ 660/721]  loss=0.1260  lr=1.24e-04  ema_tau=0.99709
  Epoch 034 [ 680/721]  loss=0.1194  lr=1.24e-04  ema_tau=0.99709
  Epoch 034 [ 700/721]  loss=0.1242  lr=1.23e-04  ema_tau=0.99709
  Epoch 034 [ 720/721]  loss=0.1370  lr=1.23e-04  ema_tau=0.99709

Epoch 034 done | avg_loss=0.1265 | time=292.1s
  Val loss: 0.1040
  Checkpoint saved → /scratch/va2661/data/active_matter/checkpoints/jepa/latest.pt

  Epoch 035 [   0/721]  loss=0.1504  lr=1.23e-04  ema_tau=0.99709
  Epoch 035 [  20/721]  loss=0.1246  lr=1.23e-04  ema_tau=0.99709
  Epoch 035 [  40/721]  loss=0.1272  lr=1.23e-04  ema_tau=0.99710
  Epoch 035 [  60/721]  loss=0.1369  lr=1.23e-04  ema_tau=0.99710
  Epoch 035 [  80/721]  loss=0.1236  lr=1.23e-04  ema_tau=0.99710
  Epoch 035 [ 100/721]  loss=0.1222  lr=1.23e-04  ema_tau=0.99710
  Epoch 035 [ 120/721]  loss=0.1219  lr=1.23e-04  ema_tau=0.99710
  Epoch 035 [ 140/721]  loss=0.1398  lr=1.23e-04  ema_tau=0.99710
  Epoch 035 [ 160/721]  loss=0.1179  lr=1.23e-04  ema_tau=0.99710
  Epoch 035 [ 180/721]  loss=0.1144  lr=1.23e-04  ema_tau=0.99711
  Epoch 035 [ 200/721]  loss=0.1267  lr=1.23e-04  ema_tau=0.99711
  Epoch 035 [ 220/721]  loss=0.1016  lr=1.23e-04  ema_tau=0.99711
  Epoch 035 [ 240/721]  loss=0.1307  lr=1.23e-04  ema_tau=0.99711
  Epoch 035 [ 260/721]  loss=0.1238  lr=1.23e-04  ema_tau=0.99711
  Epoch 035 [ 280/721]  loss=0.1233  lr=1.23e-04  ema_tau=0.99711
  Epoch 035 [ 300/721]  loss=0.1320  lr=1.23e-04  ema_tau=0.99712
  Epoch 035 [ 320/721]  loss=0.1290  lr=1.22e-04  ema_tau=0.99712
  Epoch 035 [ 340/721]  loss=0.1013  lr=1.22e-04  ema_tau=0.99712
  Epoch 035 [ 360/721]  loss=0.1342  lr=1.22e-04  ema_tau=0.99712
  Epoch 035 [ 380/721]  loss=0.1311  lr=1.22e-04  ema_tau=0.99712
  Epoch 035 [ 400/721]  loss=0.1219  lr=1.22e-04  ema_tau=0.99712
  Epoch 035 [ 420/721]  loss=0.1320  lr=1.22e-04  ema_tau=0.99712
  Epoch 035 [ 440/721]  loss=0.1244  lr=1.22e-04  ema_tau=0.99713
  Epoch 035 [ 460/721]  loss=0.1457  lr=1.22e-04  ema_tau=0.99713
  Epoch 035 [ 480/721]  loss=0.1319  lr=1.22e-04  ema_tau=0.99713
  Epoch 035 [ 500/721]  loss=0.1305  lr=1.22e-04  ema_tau=0.99713
  Epoch 035 [ 520/721]  loss=0.1333  lr=1.22e-04  ema_tau=0.99713
  Epoch 035 [ 540/721]  loss=0.1353  lr=1.22e-04  ema_tau=0.99713
  Epoch 035 [ 560/721]  loss=0.1213  lr=1.22e-04  ema_tau=0.99714
  Epoch 035 [ 580/721]  loss=0.1188  lr=1.22e-04  ema_tau=0.99714
  Epoch 035 [ 600/721]  loss=0.1224  lr=1.22e-04  ema_tau=0.99714
  Epoch 035 [ 620/721]  loss=0.1283  lr=1.22e-04  ema_tau=0.99714
  Epoch 035 [ 640/721]  loss=0.1228  lr=1.22e-04  ema_tau=0.99714
  Epoch 035 [ 660/721]  loss=0.1212  lr=1.22e-04  ema_tau=0.99714
  Epoch 035 [ 680/721]  loss=0.1338  lr=1.21e-04  ema_tau=0.99715
  Epoch 035 [ 700/721]  loss=0.1200  lr=1.21e-04  ema_tau=0.99715
  Epoch 035 [ 720/721]  loss=0.1379  lr=1.21e-04  ema_tau=0.99715

Epoch 035 done | avg_loss=0.1250 | time=291.7s
  Collapse check — embed_std=0.0436  mean_cos_sim=0.2352
  Val loss: 0.1026
  Checkpoint saved → /scratch/va2661/data/active_matter/checkpoints/jepa/latest.pt

  Epoch 036 [   0/721]  loss=0.1130  lr=1.21e-04  ema_tau=0.99715
  Epoch 036 [  20/721]  loss=0.1107  lr=1.21e-04  ema_tau=0.99715
  Epoch 036 [  40/721]  loss=0.1384  lr=1.21e-04  ema_tau=0.99715
  Epoch 036 [  60/721]  loss=0.1209  lr=1.21e-04  ema_tau=0.99715
  Epoch 036 [  80/721]  loss=0.1180  lr=1.21e-04  ema_tau=0.99715
  Epoch 036 [ 100/721]  loss=0.1400  lr=1.21e-04  ema_tau=0.99716
  Epoch 036 [ 120/721]  loss=0.1242  lr=1.21e-04  ema_tau=0.99716
  Epoch 036 [ 140/721]  loss=0.1134  lr=1.21e-04  ema_tau=0.99716
  Epoch 036 [ 160/721]  loss=0.1216  lr=1.21e-04  ema_tau=0.99716
  Epoch 036 [ 180/721]  loss=0.1222  lr=1.21e-04  ema_tau=0.99716
  Epoch 036 [ 200/721]  loss=0.1106  lr=1.21e-04  ema_tau=0.99716
  Epoch 036 [ 220/721]  loss=0.1308  lr=1.21e-04  ema_tau=0.99717
  Epoch 036 [ 240/721]  loss=0.1375  lr=1.21e-04  ema_tau=0.99717
  Epoch 036 [ 260/721]  loss=0.1283  lr=1.21e-04  ema_tau=0.99717
  Epoch 036 [ 280/721]  loss=0.1210  lr=1.21e-04  ema_tau=0.99717
  Epoch 036 [ 300/721]  loss=0.1068  lr=1.21e-04  ema_tau=0.99717
  Epoch 036 [ 320/721]  loss=0.1329  lr=1.20e-04  ema_tau=0.99717
  Epoch 036 [ 340/721]  loss=0.1221  lr=1.20e-04  ema_tau=0.99718
  Epoch 036 [ 360/721]  loss=0.1209  lr=1.20e-04  ema_tau=0.99718
  Epoch 036 [ 380/721]  loss=0.1256  lr=1.20e-04  ema_tau=0.99718
  Epoch 036 [ 400/721]  loss=0.1232  lr=1.20e-04  ema_tau=0.99718
  Epoch 036 [ 420/721]  loss=0.1147  lr=1.20e-04  ema_tau=0.99718
  Epoch 036 [ 440/721]  loss=0.1339  lr=1.20e-04  ema_tau=0.99718
  Epoch 036 [ 460/721]  loss=0.1267  lr=1.20e-04  ema_tau=0.99718
  Epoch 036 [ 480/721]  loss=0.0999  lr=1.20e-04  ema_tau=0.99719
  Epoch 036 [ 500/721]  loss=0.1083  lr=1.20e-04  ema_tau=0.99719
  Epoch 036 [ 520/721]  loss=0.1308  lr=1.20e-04  ema_tau=0.99719
  Epoch 036 [ 540/721]  loss=0.1042  lr=1.20e-04  ema_tau=0.99719
  Epoch 036 [ 560/721]  loss=0.1237  lr=1.20e-04  ema_tau=0.99719
  Epoch 036 [ 580/721]  loss=0.1234  lr=1.20e-04  ema_tau=0.99719
  Epoch 036 [ 600/721]  loss=0.1277  lr=1.20e-04  ema_tau=0.99720
  Epoch 036 [ 620/721]  loss=0.1112  lr=1.20e-04  ema_tau=0.99720
  Epoch 036 [ 640/721]  loss=0.1340  lr=1.20e-04  ema_tau=0.99720
  Epoch 036 [ 660/721]  loss=0.1157  lr=1.19e-04  ema_tau=0.99720
  Epoch 036 [ 680/721]  loss=0.1201  lr=1.19e-04  ema_tau=0.99720
  Epoch 036 [ 700/721]  loss=0.1284  lr=1.19e-04  ema_tau=0.99720
  Epoch 036 [ 720/721]  loss=0.1297  lr=1.19e-04  ema_tau=0.99721

Epoch 036 done | avg_loss=0.1231 | time=292.3s
  Val loss: 0.1020
  Checkpoint saved → /scratch/va2661/data/active_matter/checkpoints/jepa/latest.pt

  Epoch 037 [   0/721]  loss=0.1268  lr=1.19e-04  ema_tau=0.99721
  Epoch 037 [  20/721]  loss=0.1123  lr=1.19e-04  ema_tau=0.99721
  Epoch 037 [  40/721]  loss=0.1132  lr=1.19e-04  ema_tau=0.99721
  Epoch 037 [  60/721]  loss=0.1157  lr=1.19e-04  ema_tau=0.99721
  Epoch 037 [  80/721]  loss=0.1319  lr=1.19e-04  ema_tau=0.99721
  Epoch 037 [ 100/721]  loss=0.1011  lr=1.19e-04  ema_tau=0.99721
  Epoch 037 [ 120/721]  loss=0.1243  lr=1.19e-04  ema_tau=0.99722
  Epoch 037 [ 140/721]  loss=0.1127  lr=1.19e-04  ema_tau=0.99722
  Epoch 037 [ 160/721]  loss=0.1129  lr=1.19e-04  ema_tau=0.99722
  Epoch 037 [ 180/721]  loss=0.1097  lr=1.19e-04  ema_tau=0.99722
  Epoch 037 [ 200/721]  loss=0.1256  lr=1.19e-04  ema_tau=0.99722
  Epoch 037 [ 220/721]  loss=0.1183  lr=1.19e-04  ema_tau=0.99722
  Epoch 037 [ 240/721]  loss=0.1274  lr=1.19e-04  ema_tau=0.99722
  Epoch 037 [ 260/721]  loss=0.1325  lr=1.19e-04  ema_tau=0.99723
  Epoch 037 [ 280/721]  loss=0.1344  lr=1.18e-04  ema_tau=0.99723
  Epoch 037 [ 300/721]  loss=0.1354  lr=1.18e-04  ema_tau=0.99723
  Epoch 037 [ 320/721]  loss=0.1184  lr=1.18e-04  ema_tau=0.99723
  Epoch 037 [ 340/721]  loss=0.1318  lr=1.18e-04  ema_tau=0.99723
  Epoch 037 [ 360/721]  loss=0.1290  lr=1.18e-04  ema_tau=0.99723
  Epoch 037 [ 380/721]  loss=0.1283  lr=1.18e-04  ema_tau=0.99724
  Epoch 037 [ 400/721]  loss=0.1454  lr=1.18e-04  ema_tau=0.99724
  Epoch 037 [ 420/721]  loss=0.1210  lr=1.18e-04  ema_tau=0.99724
  Epoch 037 [ 440/721]  loss=0.1245  lr=1.18e-04  ema_tau=0.99724
  Epoch 037 [ 460/721]  loss=0.1339  lr=1.18e-04  ema_tau=0.99724
  Epoch 037 [ 480/721]  loss=0.1324  lr=1.18e-04  ema_tau=0.99724
  Epoch 037 [ 500/721]  loss=0.1196  lr=1.18e-04  ema_tau=0.99725
  Epoch 037 [ 520/721]  loss=0.1214  lr=1.18e-04  ema_tau=0.99725
  Epoch 037 [ 540/721]  loss=0.1114  lr=1.18e-04  ema_tau=0.99725
  Epoch 037 [ 560/721]  loss=0.1232  lr=1.18e-04  ema_tau=0.99725
  Epoch 037 [ 580/721]  loss=0.1301  lr=1.18e-04  ema_tau=0.99725
  Epoch 037 [ 600/721]  loss=0.1424  lr=1.18e-04  ema_tau=0.99725
  Epoch 037 [ 620/721]  loss=0.1239  lr=1.17e-04  ema_tau=0.99726
  Epoch 037 [ 640/721]  loss=0.1142  lr=1.17e-04  ema_tau=0.99726
  Epoch 037 [ 660/721]  loss=0.1221  lr=1.17e-04  ema_tau=0.99726
  Epoch 037 [ 680/721]  loss=0.1202  lr=1.17e-04  ema_tau=0.99726
  Epoch 037 [ 700/721]  loss=0.1191  lr=1.17e-04  ema_tau=0.99726
  Epoch 037 [ 720/721]  loss=0.1237  lr=1.17e-04  ema_tau=0.99726

Epoch 037 done | avg_loss=0.1216 | time=291.9s
  Val loss: 0.1010
  Checkpoint saved → /scratch/va2661/data/active_matter/checkpoints/jepa/latest.pt

  Epoch 038 [   0/721]  loss=0.1229  lr=1.17e-04  ema_tau=0.99726
  Epoch 038 [  20/721]  loss=0.1296  lr=1.17e-04  ema_tau=0.99727
  Epoch 038 [  40/721]  loss=0.1220  lr=1.17e-04  ema_tau=0.99727
  Epoch 038 [  60/721]  loss=0.1155  lr=1.17e-04  ema_tau=0.99727
  Epoch 038 [  80/721]  loss=0.1006  lr=1.17e-04  ema_tau=0.99727
  Epoch 038 [ 100/721]  loss=0.1291  lr=1.17e-04  ema_tau=0.99727
  Epoch 038 [ 120/721]  loss=0.1119  lr=1.17e-04  ema_tau=0.99727
  Epoch 038 [ 140/721]  loss=0.1209  lr=1.17e-04  ema_tau=0.99728
  Epoch 038 [ 160/721]  loss=0.1157  lr=1.17e-04  ema_tau=0.99728
  Epoch 038 [ 180/721]  loss=0.1122  lr=1.17e-04  ema_tau=0.99728
  Epoch 038 [ 200/721]  loss=0.1295  lr=1.17e-04  ema_tau=0.99728
  Epoch 038 [ 220/721]  loss=0.1183  lr=1.16e-04  ema_tau=0.99728
  Epoch 038 [ 240/721]  loss=0.1130  lr=1.16e-04  ema_tau=0.99728
  Epoch 038 [ 260/721]  loss=0.1109  lr=1.16e-04  ema_tau=0.99728
  Epoch 038 [ 280/721]  loss=0.1230  lr=1.16e-04  ema_tau=0.99729
  Epoch 038 [ 300/721]  loss=0.1281  lr=1.16e-04  ema_tau=0.99729
  Epoch 038 [ 320/721]  loss=0.1262  lr=1.16e-04  ema_tau=0.99729
  Epoch 038 [ 340/721]  loss=0.1237  lr=1.16e-04  ema_tau=0.99729
  Epoch 038 [ 360/721]  loss=0.1314  lr=1.16e-04  ema_tau=0.99729
  Epoch 038 [ 380/721]  loss=0.1245  lr=1.16e-04  ema_tau=0.99729
  Epoch 038 [ 400/721]  loss=0.1117  lr=1.16e-04  ema_tau=0.99730
  Epoch 038 [ 420/721]  loss=0.1205  lr=1.16e-04  ema_tau=0.99730
  Epoch 038 [ 440/721]  loss=0.1132  lr=1.16e-04  ema_tau=0.99730
  Epoch 038 [ 460/721]  loss=0.1257  lr=1.16e-04  ema_tau=0.99730
  Epoch 038 [ 480/721]  loss=0.1366  lr=1.16e-04  ema_tau=0.99730
  Epoch 038 [ 500/721]  loss=0.1193  lr=1.16e-04  ema_tau=0.99730
  Epoch 038 [ 520/721]  loss=0.1210  lr=1.16e-04  ema_tau=0.99731
  Epoch 038 [ 540/721]  loss=0.1171  lr=1.16e-04  ema_tau=0.99731
  Epoch 038 [ 560/721]  loss=0.1203  lr=1.15e-04  ema_tau=0.99731
  Epoch 038 [ 580/721]  loss=0.1206  lr=1.15e-04  ema_tau=0.99731
  Epoch 038 [ 600/721]  loss=0.1283  lr=1.15e-04  ema_tau=0.99731
  Epoch 038 [ 620/721]  loss=0.1194  lr=1.15e-04  ema_tau=0.99731
  Epoch 038 [ 640/721]  loss=0.1039  lr=1.15e-04  ema_tau=0.99732
  Epoch 038 [ 660/721]  loss=0.0943  lr=1.15e-04  ema_tau=0.99732
  Epoch 038 [ 680/721]  loss=0.1198  lr=1.15e-04  ema_tau=0.99732
  Epoch 038 [ 700/721]  loss=0.1279  lr=1.15e-04  ema_tau=0.99732
  Epoch 038 [ 720/721]  loss=0.1199  lr=1.15e-04  ema_tau=0.99732

Epoch 038 done | avg_loss=0.1206 | time=291.7s
  Val loss: 0.0990
  Checkpoint saved → /scratch/va2661/data/active_matter/checkpoints/jepa/latest.pt

  Epoch 039 [   0/721]  loss=0.1063  lr=1.15e-04  ema_tau=0.99732
  Epoch 039 [  20/721]  loss=0.1164  lr=1.15e-04  ema_tau=0.99732
  Epoch 039 [  40/721]  loss=0.1344  lr=1.15e-04  ema_tau=0.99733
  Epoch 039 [  60/721]  loss=0.1102  lr=1.15e-04  ema_tau=0.99733
  Epoch 039 [  80/721]  loss=0.1142  lr=1.15e-04  ema_tau=0.99733
  Epoch 039 [ 100/721]  loss=0.1261  lr=1.15e-04  ema_tau=0.99733
  Epoch 039 [ 120/721]  loss=0.1119  lr=1.15e-04  ema_tau=0.99733
  Epoch 039 [ 140/721]  loss=0.1125  lr=1.15e-04  ema_tau=0.99733
  Epoch 039 [ 160/721]  loss=0.1078  lr=1.14e-04  ema_tau=0.99734
  Epoch 039 [ 180/721]  loss=0.1244  lr=1.14e-04  ema_tau=0.99734
  Epoch 039 [ 200/721]  loss=0.1267  lr=1.14e-04  ema_tau=0.99734
  Epoch 039 [ 220/721]  loss=0.1076  lr=1.14e-04  ema_tau=0.99734
  Epoch 039 [ 240/721]  loss=0.1211  lr=1.14e-04  ema_tau=0.99734
  Epoch 039 [ 260/721]  loss=0.1301  lr=1.14e-04  ema_tau=0.99734
  Epoch 039 [ 280/721]  loss=0.1121  lr=1.14e-04  ema_tau=0.99735
  Epoch 039 [ 300/721]  loss=0.1262  lr=1.14e-04  ema_tau=0.99735
  Epoch 039 [ 320/721]  loss=0.1055  lr=1.14e-04  ema_tau=0.99735
  Epoch 039 [ 340/721]  loss=0.1354  lr=1.14e-04  ema_tau=0.99735
  Epoch 039 [ 360/721]  loss=0.1210  lr=1.14e-04  ema_tau=0.99735
  Epoch 039 [ 380/721]  loss=0.1354  lr=1.14e-04  ema_tau=0.99735
  Epoch 039 [ 400/721]  loss=0.1064  lr=1.14e-04  ema_tau=0.99736
  Epoch 039 [ 420/721]  loss=0.1133  lr=1.14e-04  ema_tau=0.99736
  Epoch 039 [ 440/721]  loss=0.1169  lr=1.14e-04  ema_tau=0.99736
  Epoch 039 [ 460/721]  loss=0.1221  lr=1.14e-04  ema_tau=0.99736
  Epoch 039 [ 480/721]  loss=0.1043  lr=1.14e-04  ema_tau=0.99736
  Epoch 039 [ 500/721]  loss=0.1081  lr=1.13e-04  ema_tau=0.99736
  Epoch 039 [ 520/721]  loss=0.1031  lr=1.13e-04  ema_tau=0.99737
  Epoch 039 [ 540/721]  loss=0.1262  lr=1.13e-04  ema_tau=0.99737
  Epoch 039 [ 560/721]  loss=0.1239  lr=1.13e-04  ema_tau=0.99737
  Epoch 039 [ 580/721]  loss=0.1120  lr=1.13e-04  ema_tau=0.99737
  Epoch 039 [ 600/721]  loss=0.1266  lr=1.13e-04  ema_tau=0.99737
  Epoch 039 [ 620/721]  loss=0.1234  lr=1.13e-04  ema_tau=0.99737
  Epoch 039 [ 640/721]  loss=0.1190  lr=1.13e-04  ema_tau=0.99738
  Epoch 039 [ 660/721]  loss=0.1141  lr=1.13e-04  ema_tau=0.99738
  Epoch 039 [ 680/721]  loss=0.1291  lr=1.13e-04  ema_tau=0.99738
  Epoch 039 [ 700/721]  loss=0.1040  lr=1.13e-04  ema_tau=0.99738
  Epoch 039 [ 720/721]  loss=0.1272  lr=1.13e-04  ema_tau=0.99738

Epoch 039 done | avg_loss=0.1193 | time=291.6s
  Val loss: 0.0977
  Checkpoint saved → /scratch/va2661/data/active_matter/checkpoints/jepa/latest.pt

  Epoch 040 [   0/721]  loss=0.1167  lr=1.13e-04  ema_tau=0.99738
  Epoch 040 [  20/721]  loss=0.1266  lr=1.13e-04  ema_tau=0.99738
  Epoch 040 [  40/721]  loss=0.1331  lr=1.13e-04  ema_tau=0.99739
  Epoch 040 [  60/721]  loss=0.1155  lr=1.13e-04  ema_tau=0.99739
  Epoch 040 [  80/721]  loss=0.1368  lr=1.12e-04  ema_tau=0.99739
  Epoch 040 [ 100/721]  loss=0.1182  lr=1.12e-04  ema_tau=0.99739
  Epoch 040 [ 120/721]  loss=0.1117  lr=1.12e-04  ema_tau=0.99739
  Epoch 040 [ 140/721]  loss=0.1159  lr=1.12e-04  ema_tau=0.99739
  Epoch 040 [ 160/721]  loss=0.0999  lr=1.12e-04  ema_tau=0.99740
  Epoch 040 [ 180/721]  loss=0.1281  lr=1.12e-04  ema_tau=0.99740
  Epoch 040 [ 200/721]  loss=0.1129  lr=1.12e-04  ema_tau=0.99740
  Epoch 040 [ 220/721]  loss=0.1147  lr=1.12e-04  ema_tau=0.99740
  Epoch 040 [ 240/721]  loss=0.1192  lr=1.12e-04  ema_tau=0.99740
  Epoch 040 [ 260/721]  loss=0.1036  lr=1.12e-04  ema_tau=0.99740
  Epoch 040 [ 280/721]  loss=0.1250  lr=1.12e-04  ema_tau=0.99741
  Epoch 040 [ 300/721]  loss=0.1126  lr=1.12e-04  ema_tau=0.99741
  Epoch 040 [ 320/721]  loss=0.1336  lr=1.12e-04  ema_tau=0.99741
  Epoch 040 [ 340/721]  loss=0.1187  lr=1.12e-04  ema_tau=0.99741
  Epoch 040 [ 360/721]  loss=0.1247  lr=1.12e-04  ema_tau=0.99741
  Epoch 040 [ 380/721]  loss=0.1276  lr=1.12e-04  ema_tau=0.99741
  Epoch 040 [ 400/721]  loss=0.1387  lr=1.11e-04  ema_tau=0.99742
  Epoch 040 [ 420/721]  loss=0.1288  lr=1.11e-04  ema_tau=0.99742
  Epoch 040 [ 440/721]  loss=0.1374  lr=1.11e-04  ema_tau=0.99742
  Epoch 040 [ 460/721]  loss=0.1278  lr=1.11e-04  ema_tau=0.99742
  Epoch 040 [ 480/721]  loss=0.1247  lr=1.11e-04  ema_tau=0.99742
  Epoch 040 [ 500/721]  loss=0.1263  lr=1.11e-04  ema_tau=0.99742
  Epoch 040 [ 520/721]  loss=0.1290  lr=1.11e-04  ema_tau=0.99743
  Epoch 040 [ 540/721]  loss=0.1264  lr=1.11e-04  ema_tau=0.99743
  Epoch 040 [ 560/721]  loss=0.1095  lr=1.11e-04  ema_tau=0.99743
  Epoch 040 [ 580/721]  loss=0.1364  lr=1.11e-04  ema_tau=0.99743
  Epoch 040 [ 600/721]  loss=0.1228  lr=1.11e-04  ema_tau=0.99743
  Epoch 040 [ 620/721]  loss=0.1225  lr=1.11e-04  ema_tau=0.99743
  Epoch 040 [ 640/721]  loss=0.0975  lr=1.11e-04  ema_tau=0.99744
  Epoch 040 [ 660/721]  loss=0.1202  lr=1.11e-04  ema_tau=0.99744
  Epoch 040 [ 680/721]  loss=0.1329  lr=1.11e-04  ema_tau=0.99744
  Epoch 040 [ 700/721]  loss=0.1078  lr=1.11e-04  ema_tau=0.99744
  Epoch 040 [ 720/721]  loss=0.1189  lr=1.10e-04  ema_tau=0.99744

Epoch 040 done | avg_loss=0.1183 | time=291.6s
  Collapse check — embed_std=0.0430  mean_cos_sim=0.2622
  Val loss: 0.0968
  Checkpoint saved → /scratch/va2661/data/active_matter/checkpoints/jepa/latest.pt
  Checkpoint saved → /scratch/va2661/data/active_matter/checkpoints/jepa/epoch_0040.pt

  Epoch 041 [   0/721]  loss=0.1316  lr=1.10e-04  ema_tau=0.99744
  Epoch 041 [  20/721]  loss=0.1134  lr=1.10e-04  ema_tau=0.99744
  Epoch 041 [  40/721]  loss=0.1194  lr=1.10e-04  ema_tau=0.99745
  Epoch 041 [  60/721]  loss=0.1266  lr=1.10e-04  ema_tau=0.99745
  Epoch 041 [  80/721]  loss=0.1124  lr=1.10e-04  ema_tau=0.99745
  Epoch 041 [ 100/721]  loss=0.1338  lr=1.10e-04  ema_tau=0.99745
  Epoch 041 [ 120/721]  loss=0.1217  lr=1.10e-04  ema_tau=0.99745
  Epoch 041 [ 140/721]  loss=0.1134  lr=1.10e-04  ema_tau=0.99745
  Epoch 041 [ 160/721]  loss=0.1096  lr=1.10e-04  ema_tau=0.99746
  Epoch 041 [ 180/721]  loss=0.1263  lr=1.10e-04  ema_tau=0.99746
  Epoch 041 [ 200/721]  loss=0.1175  lr=1.10e-04  ema_tau=0.99746
  Epoch 041 [ 220/721]  loss=0.0881  lr=1.10e-04  ema_tau=0.99746
  Epoch 041 [ 240/721]  loss=0.1184  lr=1.10e-04  ema_tau=0.99746
  Epoch 041 [ 260/721]  loss=0.1204  lr=1.10e-04  ema_tau=0.99746
  Epoch 041 [ 280/721]  loss=0.1126  lr=1.10e-04  ema_tau=0.99747
  Epoch 041 [ 300/721]  loss=0.1154  lr=1.10e-04  ema_tau=0.99747
  Epoch 041 [ 320/721]  loss=0.1262  lr=1.09e-04  ema_tau=0.99747
  Epoch 041 [ 340/721]  loss=0.1277  lr=1.09e-04  ema_tau=0.99747
  Epoch 041 [ 360/721]  loss=0.1208  lr=1.09e-04  ema_tau=0.99747
  Epoch 041 [ 380/721]  loss=0.1134  lr=1.09e-04  ema_tau=0.99747
  Epoch 041 [ 400/721]  loss=0.1175  lr=1.09e-04  ema_tau=0.99748
  Epoch 041 [ 420/721]  loss=0.1168  lr=1.09e-04  ema_tau=0.99748
  Epoch 041 [ 440/721]  loss=0.1157  lr=1.09e-04  ema_tau=0.99748
  Epoch 041 [ 460/721]  loss=0.1056  lr=1.09e-04  ema_tau=0.99748
  Epoch 041 [ 480/721]  loss=0.1162  lr=1.09e-04  ema_tau=0.99748
  Epoch 041 [ 500/721]  loss=0.1264  lr=1.09e-04  ema_tau=0.99748
  Epoch 041 [ 520/721]  loss=0.1111  lr=1.09e-04  ema_tau=0.99749
  Epoch 041 [ 540/721]  loss=0.1108  lr=1.09e-04  ema_tau=0.99749
  Epoch 041 [ 560/721]  loss=0.1250  lr=1.09e-04  ema_tau=0.99749
  Epoch 041 [ 580/721]  loss=0.1195  lr=1.09e-04  ema_tau=0.99749
  Epoch 041 [ 600/721]  loss=0.1067  lr=1.09e-04  ema_tau=0.99749
  Epoch 041 [ 620/721]  loss=0.0934  lr=1.08e-04  ema_tau=0.99749
  Epoch 041 [ 640/721]  loss=0.1143  lr=1.08e-04  ema_tau=0.99750
  Epoch 041 [ 660/721]  loss=0.1073  lr=1.08e-04  ema_tau=0.99750
  Epoch 041 [ 680/721]  loss=0.1297  lr=1.08e-04  ema_tau=0.99750
  Epoch 041 [ 700/721]  loss=0.1156  lr=1.08e-04  ema_tau=0.99750
  Epoch 041 [ 720/721]  loss=0.1213  lr=1.08e-04  ema_tau=0.99750

Epoch 041 done | avg_loss=0.1171 | time=291.5s
  Val loss: 0.0963
  Checkpoint saved → /scratch/va2661/data/active_matter/checkpoints/jepa/latest.pt

  Epoch 042 [   0/721]  loss=0.1304  lr=1.08e-04  ema_tau=0.99750
  Epoch 042 [  20/721]  loss=0.1207  lr=1.08e-04  ema_tau=0.99750
  Epoch 042 [  40/721]  loss=0.1212  lr=1.08e-04  ema_tau=0.99751
  Epoch 042 [  60/721]  loss=0.1107  lr=1.08e-04  ema_tau=0.99751
  Epoch 042 [  80/721]  loss=0.1153  lr=1.08e-04  ema_tau=0.99751
  Epoch 042 [ 100/721]  loss=0.1056  lr=1.08e-04  ema_tau=0.99751
  Epoch 042 [ 120/721]  loss=0.1171  lr=1.08e-04  ema_tau=0.99751
  Epoch 042 [ 140/721]  loss=0.1006  lr=1.08e-04  ema_tau=0.99751
  Epoch 042 [ 160/721]  loss=0.1165  lr=1.08e-04  ema_tau=0.99752
  Epoch 042 [ 180/721]  loss=0.1040  lr=1.08e-04  ema_tau=0.99752
  Epoch 042 [ 200/721]  loss=0.0973  lr=1.08e-04  ema_tau=0.99752
  Epoch 042 [ 220/721]  loss=0.1247  lr=1.07e-04  ema_tau=0.99752
  Epoch 042 [ 240/721]  loss=0.1365  lr=1.07e-04  ema_tau=0.99752
  Epoch 042 [ 260/721]  loss=0.1126  lr=1.07e-04  ema_tau=0.99752
  Epoch 042 [ 280/721]  loss=0.1237  lr=1.07e-04  ema_tau=0.99753
  Epoch 042 [ 300/721]  loss=0.1133  lr=1.07e-04  ema_tau=0.99753
  Epoch 042 [ 320/721]  loss=0.1147  lr=1.07e-04  ema_tau=0.99753
  Epoch 042 [ 340/721]  loss=0.1018  lr=1.07e-04  ema_tau=0.99753
  Epoch 042 [ 360/721]  loss=0.0938  lr=1.07e-04  ema_tau=0.99753
  Epoch 042 [ 380/721]  loss=0.1148  lr=1.07e-04  ema_tau=0.99753
  Epoch 042 [ 400/721]  loss=0.1183  lr=1.07e-04  ema_tau=0.99754
  Epoch 042 [ 420/721]  loss=0.1250  lr=1.07e-04  ema_tau=0.99754
  Epoch 042 [ 440/721]  loss=0.1136  lr=1.07e-04  ema_tau=0.99754
  Epoch 042 [ 460/721]  loss=0.1071  lr=1.07e-04  ema_tau=0.99754
  Epoch 042 [ 480/721]  loss=0.1135  lr=1.07e-04  ema_tau=0.99754
  Epoch 042 [ 500/721]  loss=0.1114  lr=1.07e-04  ema_tau=0.99754
  Epoch 042 [ 520/721]  loss=0.1181  lr=1.06e-04  ema_tau=0.99755
  Epoch 042 [ 540/721]  loss=0.1244  lr=1.06e-04  ema_tau=0.99755
  Epoch 042 [ 560/721]  loss=0.1036  lr=1.06e-04  ema_tau=0.99755
  Epoch 042 [ 580/721]  loss=0.1197  lr=1.06e-04  ema_tau=0.99755
  Epoch 042 [ 600/721]  loss=0.1190  lr=1.06e-04  ema_tau=0.99755
  Epoch 042 [ 620/721]  loss=0.1023  lr=1.06e-04  ema_tau=0.99756
  Epoch 042 [ 640/721]  loss=0.1155  lr=1.06e-04  ema_tau=0.99756
  Epoch 042 [ 660/721]  loss=0.1031  lr=1.06e-04  ema_tau=0.99756
  Epoch 042 [ 680/721]  loss=0.1277  lr=1.06e-04  ema_tau=0.99756
  Epoch 042 [ 700/721]  loss=0.1195  lr=1.06e-04  ema_tau=0.99756
  Epoch 042 [ 720/721]  loss=0.1067  lr=1.06e-04  ema_tau=0.99756

Epoch 042 done | avg_loss=0.1166 | time=292.9s
  Val loss: 0.0950
  Checkpoint saved → /scratch/va2661/data/active_matter/checkpoints/jepa/latest.pt

  Epoch 043 [   0/721]  loss=0.1237  lr=1.06e-04  ema_tau=0.99756
  Epoch 043 [  20/721]  loss=0.1092  lr=1.06e-04  ema_tau=0.99757
  Epoch 043 [  40/721]  loss=0.1221  lr=1.06e-04  ema_tau=0.99757
  Epoch 043 [  60/721]  loss=0.1126  lr=1.06e-04  ema_tau=0.99757
  Epoch 043 [  80/721]  loss=0.1158  lr=1.06e-04  ema_tau=0.99757
  Epoch 043 [ 100/721]  loss=0.1188  lr=1.05e-04  ema_tau=0.99757
  Epoch 043 [ 120/721]  loss=0.1135  lr=1.05e-04  ema_tau=0.99757
  Epoch 043 [ 140/721]  loss=0.1122  lr=1.05e-04  ema_tau=0.99758
  Epoch 043 [ 160/721]  loss=0.1203  lr=1.05e-04  ema_tau=0.99758
  Epoch 043 [ 180/721]  loss=0.1181  lr=1.05e-04  ema_tau=0.99758
  Epoch 043 [ 200/721]  loss=0.1018  lr=1.05e-04  ema_tau=0.99758
  Epoch 043 [ 220/721]  loss=0.1057  lr=1.05e-04  ema_tau=0.99758
  Epoch 043 [ 240/721]  loss=0.1229  lr=1.05e-04  ema_tau=0.99758
  Epoch 043 [ 260/721]  loss=0.1173  lr=1.05e-04  ema_tau=0.99759
  Epoch 043 [ 280/721]  loss=0.1052  lr=1.05e-04  ema_tau=0.99759
  Epoch 043 [ 300/721]  loss=0.1282  lr=1.05e-04  ema_tau=0.99759
  Epoch 043 [ 320/721]  loss=0.1136  lr=1.05e-04  ema_tau=0.99759
  Epoch 043 [ 340/721]  loss=0.1271  lr=1.05e-04  ema_tau=0.99759
  Epoch 043 [ 360/721]  loss=0.1163  lr=1.05e-04  ema_tau=0.99759
  Epoch 043 [ 380/721]  loss=0.1047  lr=1.05e-04  ema_tau=0.99760
  Epoch 043 [ 400/721]  loss=0.1239  lr=1.04e-04  ema_tau=0.99760
  Epoch 043 [ 420/721]  loss=0.1107  lr=1.04e-04  ema_tau=0.99760
  Epoch 043 [ 440/721]  loss=0.1169  lr=1.04e-04  ema_tau=0.99760
  Epoch 043 [ 460/721]  loss=0.1266  lr=1.04e-04  ema_tau=0.99760
  Epoch 043 [ 480/721]  loss=0.1154  lr=1.04e-04  ema_tau=0.99760
  Epoch 043 [ 500/721]  loss=0.1146  lr=1.04e-04  ema_tau=0.99761
  Epoch 043 [ 520/721]  loss=0.1216  lr=1.04e-04  ema_tau=0.99761
  Epoch 043 [ 540/721]  loss=0.0924  lr=1.04e-04  ema_tau=0.99761
  Epoch 043 [ 560/721]  loss=0.1077  lr=1.04e-04  ema_tau=0.99761
  Epoch 043 [ 580/721]  loss=0.1178  lr=1.04e-04  ema_tau=0.99761
  Epoch 043 [ 600/721]  loss=0.1229  lr=1.04e-04  ema_tau=0.99761
  Epoch 043 [ 620/721]  loss=0.1005  lr=1.04e-04  ema_tau=0.99762
  Epoch 043 [ 640/721]  loss=0.1149  lr=1.04e-04  ema_tau=0.99762
  Epoch 043 [ 660/721]  loss=0.1133  lr=1.04e-04  ema_tau=0.99762
  Epoch 043 [ 680/721]  loss=0.1082  lr=1.04e-04  ema_tau=0.99762
  Epoch 043 [ 700/721]  loss=0.1047  lr=1.03e-04  ema_tau=0.99762
  Epoch 043 [ 720/721]  loss=0.1183  lr=1.03e-04  ema_tau=0.99763

Epoch 043 done | avg_loss=0.1153 | time=292.8s
  Val loss: 0.0942
  Checkpoint saved → /scratch/va2661/data/active_matter/checkpoints/jepa/latest.pt

  Epoch 044 [   0/721]  loss=0.1118  lr=1.03e-04  ema_tau=0.99763
  Epoch 044 [  20/721]  loss=0.1152  lr=1.03e-04  ema_tau=0.99763
  Epoch 044 [  40/721]  loss=0.1217  lr=1.03e-04  ema_tau=0.99763
  Epoch 044 [  60/721]  loss=0.1158  lr=1.03e-04  ema_tau=0.99763
  Epoch 044 [  80/721]  loss=0.1112  lr=1.03e-04  ema_tau=0.99763
  Epoch 044 [ 100/721]  loss=0.1122  lr=1.03e-04  ema_tau=0.99763
  Epoch 044 [ 120/721]  loss=0.1144  lr=1.03e-04  ema_tau=0.99764
  Epoch 044 [ 140/721]  loss=0.1048  lr=1.03e-04  ema_tau=0.99764
  Epoch 044 [ 160/721]  loss=0.1142  lr=1.03e-04  ema_tau=0.99764
  Epoch 044 [ 180/721]  loss=0.1177  lr=1.03e-04  ema_tau=0.99764
  Epoch 044 [ 200/721]  loss=0.1144  lr=1.03e-04  ema_tau=0.99764
  Epoch 044 [ 220/721]  loss=0.1234  lr=1.03e-04  ema_tau=0.99764
  Epoch 044 [ 240/721]  loss=0.1089  lr=1.03e-04  ema_tau=0.99765
  Epoch 044 [ 260/721]  loss=0.1215  lr=1.03e-04  ema_tau=0.99765
  Epoch 044 [ 280/721]  loss=0.1057  lr=1.02e-04  ema_tau=0.99765
  Epoch 044 [ 300/721]  loss=0.0985  lr=1.02e-04  ema_tau=0.99765
  Epoch 044 [ 320/721]  loss=0.1229  lr=1.02e-04  ema_tau=0.99765
  Epoch 044 [ 340/721]  loss=0.1139  lr=1.02e-04  ema_tau=0.99765
  Epoch 044 [ 360/721]  loss=0.1222  lr=1.02e-04  ema_tau=0.99766
  Epoch 044 [ 380/721]  loss=0.1022  lr=1.02e-04  ema_tau=0.99766
  Epoch 044 [ 400/721]  loss=0.1034  lr=1.02e-04  ema_tau=0.99766
  Epoch 044 [ 420/721]  loss=0.1113  lr=1.02e-04  ema_tau=0.99766
  Epoch 044 [ 440/721]  loss=0.1228  lr=1.02e-04  ema_tau=0.99766
  Epoch 044 [ 460/721]  loss=0.1164  lr=1.02e-04  ema_tau=0.99766
  Epoch 044 [ 480/721]  loss=0.1151  lr=1.02e-04  ema_tau=0.99767
  Epoch 044 [ 500/721]  loss=0.1215  lr=1.02e-04  ema_tau=0.99767
  Epoch 044 [ 520/721]  loss=0.1058  lr=1.02e-04  ema_tau=0.99767
  Epoch 044 [ 540/721]  loss=0.1062  lr=1.02e-04  ema_tau=0.99767
  Epoch 044 [ 560/721]  loss=0.1170  lr=1.02e-04  ema_tau=0.99767
  Epoch 044 [ 580/721]  loss=0.1082  lr=1.01e-04  ema_tau=0.99768
  Epoch 044 [ 600/721]  loss=0.0997  lr=1.01e-04  ema_tau=0.99768
  Epoch 044 [ 620/721]  loss=0.1128  lr=1.01e-04  ema_tau=0.99768
  Epoch 044 [ 640/721]  loss=0.1410  lr=1.01e-04  ema_tau=0.99768
  Epoch 044 [ 660/721]  loss=0.1193  lr=1.01e-04  ema_tau=0.99768
  Epoch 044 [ 680/721]  loss=0.1080  lr=1.01e-04  ema_tau=0.99768
  Epoch 044 [ 700/721]  loss=0.1073  lr=1.01e-04  ema_tau=0.99769
  Epoch 044 [ 720/721]  loss=0.1079  lr=1.01e-04  ema_tau=0.99769

Epoch 044 done | avg_loss=0.1149 | time=292.4s
  Val loss: 0.0924
  Checkpoint saved → /scratch/va2661/data/active_matter/checkpoints/jepa/latest.pt

  Epoch 045 [   0/721]  loss=0.0966  lr=1.01e-04  ema_tau=0.99769
  Epoch 045 [  20/721]  loss=0.1013  lr=1.01e-04  ema_tau=0.99769
  Epoch 045 [  40/721]  loss=0.1204  lr=1.01e-04  ema_tau=0.99769
  Epoch 045 [  60/721]  loss=0.1195  lr=1.01e-04  ema_tau=0.99769
  Epoch 045 [  80/721]  loss=0.1077  lr=1.01e-04  ema_tau=0.99769
  Epoch 045 [ 100/721]  loss=0.1167  lr=1.01e-04  ema_tau=0.99770
  Epoch 045 [ 120/721]  loss=0.1230  lr=1.01e-04  ema_tau=0.99770
  Epoch 045 [ 140/721]  loss=0.1063  lr=1.01e-04  ema_tau=0.99770
  Epoch 045 [ 160/721]  loss=0.1195  lr=1.00e-04  ema_tau=0.99770
  Epoch 045 [ 180/721]  loss=0.1178  lr=1.00e-04  ema_tau=0.99770
  Epoch 045 [ 200/721]  loss=0.1142  lr=1.00e-04  ema_tau=0.99770
  Epoch 045 [ 220/721]  loss=0.1138  lr=1.00e-04  ema_tau=0.99771
  Epoch 045 [ 240/721]  loss=0.1297  lr=1.00e-04  ema_tau=0.99771
  Epoch 045 [ 260/721]  loss=0.1133  lr=1.00e-04  ema_tau=0.99771
  Epoch 045 [ 280/721]  loss=0.1066  lr=1.00e-04  ema_tau=0.99771
  Epoch 045 [ 300/721]  loss=0.1281  lr=1.00e-04  ema_tau=0.99771
  Epoch 045 [ 320/721]  loss=0.1132  lr=9.99e-05  ema_tau=0.99771
  Epoch 045 [ 340/721]  loss=0.1191  lr=9.98e-05  ema_tau=0.99772
  Epoch 045 [ 360/721]  loss=0.1232  lr=9.98e-05  ema_tau=0.99772
  Epoch 045 [ 380/721]  loss=0.1223  lr=9.97e-05  ema_tau=0.99772
  Epoch 045 [ 400/721]  loss=0.1166  lr=9.96e-05  ema_tau=0.99772
  Epoch 045 [ 420/721]  loss=0.1070  lr=9.96e-05  ema_tau=0.99772
  Epoch 045 [ 440/721]  loss=0.1122  lr=9.95e-05  ema_tau=0.99773
  Epoch 045 [ 460/721]  loss=0.1174  lr=9.94e-05  ema_tau=0.99773
  Epoch 045 [ 480/721]  loss=0.1183  lr=9.93e-05  ema_tau=0.99773
  Epoch 045 [ 500/721]  loss=0.1274  lr=9.93e-05  ema_tau=0.99773
  Epoch 045 [ 520/721]  loss=0.1302  lr=9.92e-05  ema_tau=0.99773
  Epoch 045 [ 540/721]  loss=0.1131  lr=9.91e-05  ema_tau=0.99773
  Epoch 045 [ 560/721]  loss=0.1346  lr=9.91e-05  ema_tau=0.99774
  Epoch 045 [ 580/721]  loss=0.1113  lr=9.90e-05  ema_tau=0.99774
  Epoch 045 [ 600/721]  loss=0.1174  lr=9.89e-05  ema_tau=0.99774
  Epoch 045 [ 620/721]  loss=0.1188  lr=9.89e-05  ema_tau=0.99774
  Epoch 045 [ 640/721]  loss=0.1085  lr=9.88e-05  ema_tau=0.99774
  Epoch 045 [ 660/721]  loss=0.1123  lr=9.87e-05  ema_tau=0.99774
  Epoch 045 [ 680/721]  loss=0.1175  lr=9.87e-05  ema_tau=0.99775
  Epoch 045 [ 700/721]  loss=0.1191  lr=9.86e-05  ema_tau=0.99775
  Epoch 045 [ 720/721]  loss=0.1159  lr=9.85e-05  ema_tau=0.99775

Epoch 045 done | avg_loss=0.1143 | time=292.2s
  Collapse check — embed_std=0.0425  mean_cos_sim=0.2730
  Val loss: 0.0917
  Checkpoint saved → /scratch/va2661/data/active_matter/checkpoints/jepa/latest.pt

  Epoch 046 [   0/721]  loss=0.1043  lr=9.85e-05  ema_tau=0.99775
  Epoch 046 [  20/721]  loss=0.1240  lr=9.85e-05  ema_tau=0.99775
  Epoch 046 [  40/721]  loss=0.1016  lr=9.84e-05  ema_tau=0.99775
  Epoch 046 [  60/721]  loss=0.1100  lr=9.83e-05  ema_tau=0.99775
  Epoch 046 [  80/721]  loss=0.1064  lr=9.82e-05  ema_tau=0.99776
  Epoch 046 [ 100/721]  loss=0.1254  lr=9.82e-05  ema_tau=0.99776
  Epoch 046 [ 120/721]  loss=0.1265  lr=9.81e-05  ema_tau=0.99776
  Epoch 046 [ 140/721]  loss=0.1055  lr=9.80e-05  ema_tau=0.99776
  Epoch 046 [ 160/721]  loss=0.1259  lr=9.80e-05  ema_tau=0.99776
  Epoch 046 [ 180/721]  loss=0.1140  lr=9.79e-05  ema_tau=0.99776
  Epoch 046 [ 200/721]  loss=0.1074  lr=9.78e-05  ema_tau=0.99777
  Epoch 046 [ 220/721]  loss=0.1116  lr=9.78e-05  ema_tau=0.99777
  Epoch 046 [ 240/721]  loss=0.0976  lr=9.77e-05  ema_tau=0.99777
  Epoch 046 [ 260/721]  loss=0.1073  lr=9.76e-05  ema_tau=0.99777
  Epoch 046 [ 280/721]  loss=0.1092  lr=9.76e-05  ema_tau=0.99777
  Epoch 046 [ 300/721]  loss=0.1148  lr=9.75e-05  ema_tau=0.99778
  Epoch 046 [ 320/721]  loss=0.1118  lr=9.74e-05  ema_tau=0.99778
  Epoch 046 [ 340/721]  loss=0.1203  lr=9.74e-05  ema_tau=0.99778
  Epoch 046 [ 360/721]  loss=0.1099  lr=9.73e-05  ema_tau=0.99778
  Epoch 046 [ 380/721]  loss=0.0939  lr=9.72e-05  ema_tau=0.99778
  Epoch 046 [ 400/721]  loss=0.1051  lr=9.71e-05  ema_tau=0.99778
  Epoch 046 [ 420/721]  loss=0.1184  lr=9.71e-05  ema_tau=0.99779
  Epoch 046 [ 440/721]  loss=0.1244  lr=9.70e-05  ema_tau=0.99779
  Epoch 046 [ 460/721]  loss=0.1127  lr=9.69e-05  ema_tau=0.99779
  Epoch 046 [ 480/721]  loss=0.1178  lr=9.69e-05  ema_tau=0.99779
  Epoch 046 [ 500/721]  loss=0.1034  lr=9.68e-05  ema_tau=0.99779
  Epoch 046 [ 520/721]  loss=0.0981  lr=9.67e-05  ema_tau=0.99779
  Epoch 046 [ 540/721]  loss=0.1099  lr=9.67e-05  ema_tau=0.99780
  Epoch 046 [ 560/721]  loss=0.1063  lr=9.66e-05  ema_tau=0.99780
  Epoch 046 [ 580/721]  loss=0.1099  lr=9.65e-05  ema_tau=0.99780
  Epoch 046 [ 600/721]  loss=0.1134  lr=9.65e-05  ema_tau=0.99780
  Epoch 046 [ 620/721]  loss=0.1020  lr=9.64e-05  ema_tau=0.99780
  Epoch 046 [ 640/721]  loss=0.1207  lr=9.63e-05  ema_tau=0.99780
  Epoch 046 [ 660/721]  loss=0.1141  lr=9.62e-05  ema_tau=0.99781
  Epoch 046 [ 680/721]  loss=0.1015  lr=9.62e-05  ema_tau=0.99781
  Epoch 046 [ 700/721]  loss=0.1199  lr=9.61e-05  ema_tau=0.99781
  Epoch 046 [ 720/721]  loss=0.1174  lr=9.60e-05  ema_tau=0.99781

Epoch 046 done | avg_loss=0.1130 | time=293.1s
  Val loss: 0.0888
  Checkpoint saved → /scratch/va2661/data/active_matter/checkpoints/jepa/latest.pt

  Epoch 047 [   0/721]  loss=0.1089  lr=9.60e-05  ema_tau=0.99781
  Epoch 047 [  20/721]  loss=0.1123  lr=9.60e-05  ema_tau=0.99781
  Epoch 047 [  40/721]  loss=0.1130  lr=9.59e-05  ema_tau=0.99782
  Epoch 047 [  60/721]  loss=0.1035  lr=9.58e-05  ema_tau=0.99782
  Epoch 047 [  80/721]  loss=0.1222  lr=9.58e-05  ema_tau=0.99782
  Epoch 047 [ 100/721]  loss=0.1161  lr=9.57e-05  ema_tau=0.99782
  Epoch 047 [ 120/721]  loss=0.1221  lr=9.56e-05  ema_tau=0.99782
  Epoch 047 [ 140/721]  loss=0.1303  lr=9.55e-05  ema_tau=0.99782
  Epoch 047 [ 160/721]  loss=0.1112  lr=9.55e-05  ema_tau=0.99783
  Epoch 047 [ 180/721]  loss=0.1188  lr=9.54e-05  ema_tau=0.99783
  Epoch 047 [ 200/721]  loss=0.1181  lr=9.53e-05  ema_tau=0.99783
  Epoch 047 [ 220/721]  loss=0.1282  lr=9.53e-05  ema_tau=0.99783
  Epoch 047 [ 240/721]  loss=0.1111  lr=9.52e-05  ema_tau=0.99783
  Epoch 047 [ 260/721]  loss=0.1225  lr=9.51e-05  ema_tau=0.99783
  Epoch 047 [ 280/721]  loss=0.1123  lr=9.51e-05  ema_tau=0.99784
  Epoch 047 [ 300/721]  loss=0.1166  lr=9.50e-05  ema_tau=0.99784
  Epoch 047 [ 320/721]  loss=0.1074  lr=9.49e-05  ema_tau=0.99784
  Epoch 047 [ 340/721]  loss=0.1014  lr=9.49e-05  ema_tau=0.99784
  Epoch 047 [ 360/721]  loss=0.1205  lr=9.48e-05  ema_tau=0.99784
  Epoch 047 [ 380/721]  loss=0.0876  lr=9.47e-05  ema_tau=0.99784
  Epoch 047 [ 400/721]  loss=0.1151  lr=9.46e-05  ema_tau=0.99785
  Epoch 047 [ 420/721]  loss=0.1185  lr=9.46e-05  ema_tau=0.99785
  Epoch 047 [ 440/721]  loss=0.0851  lr=9.45e-05  ema_tau=0.99785
  Epoch 047 [ 460/721]  loss=0.1347  lr=9.44e-05  ema_tau=0.99785
  Epoch 047 [ 480/721]  loss=0.1057  lr=9.44e-05  ema_tau=0.99785
  Epoch 047 [ 500/721]  loss=0.1081  lr=9.43e-05  ema_tau=0.99786
  Epoch 047 [ 520/721]  loss=0.1050  lr=9.42e-05  ema_tau=0.99786
  Epoch 047 [ 540/721]  loss=0.1218  lr=9.42e-05  ema_tau=0.99786
  Epoch 047 [ 560/721]  loss=0.1207  lr=9.41e-05  ema_tau=0.99786
  Epoch 047 [ 580/721]  loss=0.1147  lr=9.40e-05  ema_tau=0.99786
  Epoch 047 [ 600/721]  loss=0.1116  lr=9.39e-05  ema_tau=0.99786
  Epoch 047 [ 620/721]  loss=0.1231  lr=9.39e-05  ema_tau=0.99787
  Epoch 047 [ 640/721]  loss=0.1144  lr=9.38e-05  ema_tau=0.99787
  Epoch 047 [ 660/721]  loss=0.1215  lr=9.37e-05  ema_tau=0.99787
  Epoch 047 [ 680/721]  loss=0.1108  lr=9.37e-05  ema_tau=0.99787
  Epoch 047 [ 700/721]  loss=0.1154  lr=9.36e-05  ema_tau=0.99787
  Epoch 047 [ 720/721]  loss=0.0983  lr=9.35e-05  ema_tau=0.99787

Epoch 047 done | avg_loss=0.1122 | time=293.3s
  Val loss: 0.0898
  Checkpoint saved → /scratch/va2661/data/active_matter/checkpoints/jepa/latest.pt

  Epoch 048 [   0/721]  loss=0.1159  lr=9.35e-05  ema_tau=0.99787
  Epoch 048 [  20/721]  loss=0.1179  lr=9.35e-05  ema_tau=0.99788
  Epoch 048 [  40/721]  loss=0.0985  lr=9.34e-05  ema_tau=0.99788
  Epoch 048 [  60/721]  loss=0.1144  lr=9.33e-05  ema_tau=0.99788
  Epoch 048 [  80/721]  loss=0.0941  lr=9.32e-05  ema_tau=0.99788
  Epoch 048 [ 100/721]  loss=0.1209  lr=9.32e-05  ema_tau=0.99788
  Epoch 048 [ 120/721]  loss=0.1210  lr=9.31e-05  ema_tau=0.99788
  Epoch 048 [ 140/721]  loss=0.1080  lr=9.30e-05  ema_tau=0.99789
  Epoch 048 [ 160/721]  loss=0.1172  lr=9.30e-05  ema_tau=0.99789
  Epoch 048 [ 180/721]  loss=0.1188  lr=9.29e-05  ema_tau=0.99789
  Epoch 048 [ 200/721]  loss=0.0929  lr=9.28e-05  ema_tau=0.99789
  Epoch 048 [ 220/721]  loss=0.0965  lr=9.28e-05  ema_tau=0.99789
  Epoch 048 [ 240/721]  loss=0.1108  lr=9.27e-05  ema_tau=0.99790
  Epoch 048 [ 260/721]  loss=0.1173  lr=9.26e-05  ema_tau=0.99790
  Epoch 048 [ 280/721]  loss=0.1093  lr=9.25e-05  ema_tau=0.99790
  Epoch 048 [ 300/721]  loss=0.1184  lr=9.25e-05  ema_tau=0.99790
  Epoch 048 [ 320/721]  loss=0.1063  lr=9.24e-05  ema_tau=0.99790
  Epoch 048 [ 340/721]  loss=0.1301  lr=9.23e-05  ema_tau=0.99790
  Epoch 048 [ 360/721]  loss=0.1095  lr=9.23e-05  ema_tau=0.99791
  Epoch 048 [ 380/721]  loss=0.1154  lr=9.22e-05  ema_tau=0.99791
  Epoch 048 [ 400/721]  loss=0.1187  lr=9.21e-05  ema_tau=0.99791
  Epoch 048 [ 420/721]  loss=0.1035  lr=9.20e-05  ema_tau=0.99791
  Epoch 048 [ 440/721]  loss=0.1099  lr=9.20e-05  ema_tau=0.99791
  Epoch 048 [ 460/721]  loss=0.1090  lr=9.19e-05  ema_tau=0.99791
  Epoch 048 [ 480/721]  loss=0.1201  lr=9.18e-05  ema_tau=0.99792
  Epoch 048 [ 500/721]  loss=0.0960  lr=9.18e-05  ema_tau=0.99792
  Epoch 048 [ 520/721]  loss=0.0986  lr=9.17e-05  ema_tau=0.99792
  Epoch 048 [ 540/721]  loss=0.1066  lr=9.16e-05  ema_tau=0.99792
  Epoch 048 [ 560/721]  loss=0.1001  lr=9.16e-05  ema_tau=0.99792
  Epoch 048 [ 580/721]  loss=0.1016  lr=9.15e-05  ema_tau=0.99792
  Epoch 048 [ 600/721]  loss=0.1214  lr=9.14e-05  ema_tau=0.99793
  Epoch 048 [ 620/721]  loss=0.1040  lr=9.13e-05  ema_tau=0.99793
  Epoch 048 [ 640/721]  loss=0.1213  lr=9.13e-05  ema_tau=0.99793
  Epoch 048 [ 660/721]  loss=0.1201  lr=9.12e-05  ema_tau=0.99793
  Epoch 048 [ 680/721]  loss=0.1134  lr=9.11e-05  ema_tau=0.99793
  Epoch 048 [ 700/721]  loss=0.1055  lr=9.11e-05  ema_tau=0.99794
  Epoch 048 [ 720/721]  loss=0.1132  lr=9.10e-05  ema_tau=0.99794

Epoch 048 done | avg_loss=0.1115 | time=291.7s
  Val loss: 0.0878
  Checkpoint saved → /scratch/va2661/data/active_matter/checkpoints/jepa/latest.pt

  Epoch 049 [   0/721]  loss=0.1098  lr=9.10e-05  ema_tau=0.99794
  Epoch 049 [  20/721]  loss=0.1229  lr=9.09e-05  ema_tau=0.99794
  Epoch 049 [  40/721]  loss=0.1061  lr=9.08e-05  ema_tau=0.99794
  Epoch 049 [  60/721]  loss=0.1057  lr=9.08e-05  ema_tau=0.99794
  Epoch 049 [  80/721]  loss=0.1086  lr=9.07e-05  ema_tau=0.99794
  Epoch 049 [ 100/721]  loss=0.1078  lr=9.06e-05  ema_tau=0.99795
  Epoch 049 [ 120/721]  loss=0.1116  lr=9.06e-05  ema_tau=0.99795
  Epoch 049 [ 140/721]  loss=0.1166  lr=9.05e-05  ema_tau=0.99795
  Epoch 049 [ 160/721]  loss=0.0901  lr=9.04e-05  ema_tau=0.99795
  Epoch 049 [ 180/721]  loss=0.1114  lr=9.04e-05  ema_tau=0.99795
  Epoch 049 [ 200/721]  loss=0.1192  lr=9.03e-05  ema_tau=0.99795
  Epoch 049 [ 220/721]  loss=0.1050  lr=9.02e-05  ema_tau=0.99796
  Epoch 049 [ 240/721]  loss=0.1142  lr=9.01e-05  ema_tau=0.99796
  Epoch 049 [ 260/721]  loss=0.0946  lr=9.01e-05  ema_tau=0.99796
  Epoch 049 [ 280/721]  loss=0.1039  lr=9.00e-05  ema_tau=0.99796
  Epoch 049 [ 300/721]  loss=0.1095  lr=8.99e-05  ema_tau=0.99796
  Epoch 049 [ 320/721]  loss=0.1022  lr=8.99e-05  ema_tau=0.99797
  Epoch 049 [ 340/721]  loss=0.1199  lr=8.98e-05  ema_tau=0.99797
  Epoch 049 [ 360/721]  loss=0.1120  lr=8.97e-05  ema_tau=0.99797
  Epoch 049 [ 380/721]  loss=0.1139  lr=8.96e-05  ema_tau=0.99797
  Epoch 049 [ 400/721]  loss=0.1156  lr=8.96e-05  ema_tau=0.99797
  Epoch 049 [ 420/721]  loss=0.1015  lr=8.95e-05  ema_tau=0.99797
  Epoch 049 [ 440/721]  loss=0.1147  lr=8.94e-05  ema_tau=0.99798
  Epoch 049 [ 460/721]  loss=0.1006  lr=8.94e-05  ema_tau=0.99798
  Epoch 049 [ 480/721]  loss=0.1085  lr=8.93e-05  ema_tau=0.99798
  Epoch 049 [ 500/721]  loss=0.1032  lr=8.92e-05  ema_tau=0.99798
  Epoch 049 [ 520/721]  loss=0.1103  lr=8.92e-05  ema_tau=0.99798
  Epoch 049 [ 540/721]  loss=0.1146  lr=8.91e-05  ema_tau=0.99798
  Epoch 049 [ 560/721]  loss=0.1112  lr=8.90e-05  ema_tau=0.99799
  Epoch 049 [ 580/721]  loss=0.1006  lr=8.89e-05  ema_tau=0.99799
  Epoch 049 [ 600/721]  loss=0.1103  lr=8.89e-05  ema_tau=0.99799
  Epoch 049 [ 620/721]  loss=0.0978  lr=8.88e-05  ema_tau=0.99799
  Epoch 049 [ 640/721]  loss=0.1064  lr=8.87e-05  ema_tau=0.99799
  Epoch 049 [ 660/721]  loss=0.1216  lr=8.87e-05  ema_tau=0.99799
  Epoch 049 [ 680/721]  loss=0.1019  lr=8.86e-05  ema_tau=0.99800
  Epoch 049 [ 700/721]  loss=0.1269  lr=8.85e-05  ema_tau=0.99800
  Epoch 049 [ 720/721]  loss=0.1074  lr=8.84e-05  ema_tau=0.99800

Epoch 049 done | avg_loss=0.1104 | time=291.6s
  Val loss: 0.0880
  Checkpoint saved → /scratch/va2661/data/active_matter/checkpoints/jepa/latest.pt

  Epoch 050 [   0/721]  loss=0.1064  lr=8.84e-05  ema_tau=0.99800
  Epoch 050 [  20/721]  loss=0.1195  lr=8.84e-05  ema_tau=0.99800
  Epoch 050 [  40/721]  loss=0.1174  lr=8.83e-05  ema_tau=0.99800
  Epoch 050 [  60/721]  loss=0.1181  lr=8.82e-05  ema_tau=0.99801
  Epoch 050 [  80/721]  loss=0.1159  lr=8.82e-05  ema_tau=0.99801
  Epoch 050 [ 100/721]  loss=0.1166  lr=8.81e-05  ema_tau=0.99801
  Epoch 050 [ 120/721]  loss=0.1025  lr=8.80e-05  ema_tau=0.99801
  Epoch 050 [ 140/721]  loss=0.1147  lr=8.79e-05  ema_tau=0.99801
  Epoch 050 [ 160/721]  loss=0.1087  lr=8.79e-05  ema_tau=0.99801
  Epoch 050 [ 180/721]  loss=0.1049  lr=8.78e-05  ema_tau=0.99802
  Epoch 050 [ 200/721]  loss=0.1197  lr=8.77e-05  ema_tau=0.99802
  Epoch 050 [ 220/721]  loss=0.1060  lr=8.77e-05  ema_tau=0.99802
  Epoch 050 [ 240/721]  loss=0.1219  lr=8.76e-05  ema_tau=0.99802
  Epoch 050 [ 260/721]  loss=0.0996  lr=8.75e-05  ema_tau=0.99802
  Epoch 050 [ 280/721]  loss=0.1073  lr=8.74e-05  ema_tau=0.99802
  Epoch 050 [ 300/721]  loss=0.1196  lr=8.74e-05  ema_tau=0.99803
  Epoch 050 [ 320/721]  loss=0.1238  lr=8.73e-05  ema_tau=0.99803
  Epoch 050 [ 340/721]  loss=0.1167  lr=8.72e-05  ema_tau=0.99803
  Epoch 050 [ 360/721]  loss=0.0966  lr=8.72e-05  ema_tau=0.99803
  Epoch 050 [ 380/721]  loss=0.0988  lr=8.71e-05  ema_tau=0.99803
  Epoch 050 [ 400/721]  loss=0.1080  lr=8.70e-05  ema_tau=0.99803
  Epoch 050 [ 420/721]  loss=0.1163  lr=8.69e-05  ema_tau=0.99804
  Epoch 050 [ 440/721]  loss=0.1250  lr=8.69e-05  ema_tau=0.99804
  Epoch 050 [ 460/721]  loss=0.1154  lr=8.68e-05  ema_tau=0.99804
  Epoch 050 [ 480/721]  loss=0.0932  lr=8.67e-05  ema_tau=0.99804
  Epoch 050 [ 500/721]  loss=0.1202  lr=8.67e-05  ema_tau=0.99804
  Epoch 050 [ 520/721]  loss=0.1011  lr=8.66e-05  ema_tau=0.99805
  Epoch 050 [ 540/721]  loss=0.1052  lr=8.65e-05  ema_tau=0.99805
  Epoch 050 [ 560/721]  loss=0.1010  lr=8.64e-05  ema_tau=0.99805
  Epoch 050 [ 580/721]  loss=0.1102  lr=8.64e-05  ema_tau=0.99805
  Epoch 050 [ 600/721]  loss=0.1066  lr=8.63e-05  ema_tau=0.99805
  Epoch 050 [ 620/721]  loss=0.1282  lr=8.62e-05  ema_tau=0.99805
  Epoch 050 [ 640/721]  loss=0.1191  lr=8.62e-05  ema_tau=0.99806
  Epoch 050 [ 660/721]  loss=0.0990  lr=8.61e-05  ema_tau=0.99806
  Epoch 050 [ 680/721]  loss=0.1031  lr=8.60e-05  ema_tau=0.99806
  Epoch 050 [ 700/721]  loss=0.1106  lr=8.59e-05  ema_tau=0.99806
  Epoch 050 [ 720/721]  loss=0.1243  lr=8.59e-05  ema_tau=0.99806

Epoch 050 done | avg_loss=0.1100 | time=291.4s
  Collapse check — embed_std=0.0434  mean_cos_sim=0.2068
  Val loss: 0.0874
  Checkpoint saved → /scratch/va2661/data/active_matter/checkpoints/jepa/latest.pt
  Checkpoint saved → /scratch/va2661/data/active_matter/checkpoints/jepa/epoch_0050.pt

  Epoch 051 [   0/721]  loss=0.1110  lr=8.59e-05  ema_tau=0.99806
  Epoch 051 [  20/721]  loss=0.1108  lr=8.58e-05  ema_tau=0.99806
  Epoch 051 [  40/721]  loss=0.1114  lr=8.57e-05  ema_tau=0.99807
  Epoch 051 [  60/721]  loss=0.1104  lr=8.57e-05  ema_tau=0.99807
  Epoch 051 [  80/721]  loss=0.1171  lr=8.56e-05  ema_tau=0.99807
  Epoch 051 [ 100/721]  loss=0.1150  lr=8.55e-05  ema_tau=0.99807
  Epoch 051 [ 120/721]  loss=0.1156  lr=8.54e-05  ema_tau=0.99807
  Epoch 051 [ 140/721]  loss=0.1125  lr=8.54e-05  ema_tau=0.99808
  Epoch 051 [ 160/721]  loss=0.1147  lr=8.53e-05  ema_tau=0.99808
  Epoch 051 [ 180/721]  loss=0.0909  lr=8.52e-05  ema_tau=0.99808
  Epoch 051 [ 200/721]  loss=0.1044  lr=8.52e-05  ema_tau=0.99808
  Epoch 051 [ 220/721]  loss=0.1120  lr=8.51e-05  ema_tau=0.99808
  Epoch 051 [ 240/721]  loss=0.0918  lr=8.50e-05  ema_tau=0.99808
  Epoch 051 [ 260/721]  loss=0.1018  lr=8.49e-05  ema_tau=0.99809
  Epoch 051 [ 280/721]  loss=0.1136  lr=8.49e-05  ema_tau=0.99809
  Epoch 051 [ 300/721]  loss=0.1095  lr=8.48e-05  ema_tau=0.99809
  Epoch 051 [ 320/721]  loss=0.0964  lr=8.47e-05  ema_tau=0.99809
  Epoch 051 [ 340/721]  loss=0.1066  lr=8.47e-05  ema_tau=0.99809
  Epoch 051 [ 360/721]  loss=0.1130  lr=8.46e-05  ema_tau=0.99809
  Epoch 051 [ 380/721]  loss=0.1099  lr=8.45e-05  ema_tau=0.99810
  Epoch 051 [ 400/721]  loss=0.1180  lr=8.44e-05  ema_tau=0.99810
  Epoch 051 [ 420/721]  loss=0.1121  lr=8.44e-05  ema_tau=0.99810
  Epoch 051 [ 440/721]  loss=0.1085  lr=8.43e-05  ema_tau=0.99810
  Epoch 051 [ 460/721]  loss=0.1132  lr=8.42e-05  ema_tau=0.99810
  Epoch 051 [ 480/721]  loss=0.1068  lr=8.42e-05  ema_tau=0.99810
  Epoch 051 [ 500/721]  loss=0.1154  lr=8.41e-05  ema_tau=0.99811
  Epoch 051 [ 520/721]  loss=0.1125  lr=8.40e-05  ema_tau=0.99811
  Epoch 051 [ 540/721]  loss=0.1247  lr=8.39e-05  ema_tau=0.99811
  Epoch 051 [ 560/721]  loss=0.1022  lr=8.39e-05  ema_tau=0.99811
  Epoch 051 [ 580/721]  loss=0.1196  lr=8.38e-05  ema_tau=0.99811
  Epoch 051 [ 600/721]  loss=0.1136  lr=8.37e-05  ema_tau=0.99812
  Epoch 051 [ 620/721]  loss=0.1310  lr=8.36e-05  ema_tau=0.99812
  Epoch 051 [ 640/721]  loss=0.1202  lr=8.36e-05  ema_tau=0.99812
  Epoch 051 [ 660/721]  loss=0.1085  lr=8.35e-05  ema_tau=0.99812
  Epoch 051 [ 680/721]  loss=0.1233  lr=8.34e-05  ema_tau=0.99812
  Epoch 051 [ 700/721]  loss=0.1081  lr=8.34e-05  ema_tau=0.99812
  Epoch 051 [ 720/721]  loss=0.1161  lr=8.33e-05  ema_tau=0.99813

Epoch 051 done | avg_loss=0.1097 | time=291.5s
  Val loss: 0.0879
  Checkpoint saved → /scratch/va2661/data/active_matter/checkpoints/jepa/latest.pt

  Epoch 052 [   0/721]  loss=0.1259  lr=8.33e-05  ema_tau=0.99813
  Epoch 052 [  20/721]  loss=0.1037  lr=8.32e-05  ema_tau=0.99813
  Epoch 052 [  40/721]  loss=0.1174  lr=8.31e-05  ema_tau=0.99813
  Epoch 052 [  60/721]  loss=0.1145  lr=8.31e-05  ema_tau=0.99813
  Epoch 052 [  80/721]  loss=0.1109  lr=8.30e-05  ema_tau=0.99813
  Epoch 052 [ 100/721]  loss=0.1166  lr=8.29e-05  ema_tau=0.99813
  Epoch 052 [ 120/721]  loss=0.1040  lr=8.29e-05  ema_tau=0.99814
  Epoch 052 [ 140/721]  loss=0.1012  lr=8.28e-05  ema_tau=0.99814
  Epoch 052 [ 160/721]  loss=0.1234  lr=8.27e-05  ema_tau=0.99814
  Epoch 052 [ 180/721]  loss=0.1135  lr=8.26e-05  ema_tau=0.99814
  Epoch 052 [ 200/721]  loss=0.0905  lr=8.26e-05  ema_tau=0.99814
  Epoch 052 [ 220/721]  loss=0.0976  lr=8.25e-05  ema_tau=0.99814
  Epoch 052 [ 240/721]  loss=0.1159  lr=8.24e-05  ema_tau=0.99815
  Epoch 052 [ 260/721]  loss=0.1144  lr=8.24e-05  ema_tau=0.99815
  Epoch 052 [ 280/721]  loss=0.1065  lr=8.23e-05  ema_tau=0.99815
  Epoch 052 [ 300/721]  loss=0.0998  lr=8.22e-05  ema_tau=0.99815
  Epoch 052 [ 320/721]  loss=0.1044  lr=8.21e-05  ema_tau=0.99815
  Epoch 052 [ 340/721]  loss=0.1081  lr=8.21e-05  ema_tau=0.99816
  Epoch 052 [ 360/721]  loss=0.1010  lr=8.20e-05  ema_tau=0.99816
  Epoch 052 [ 380/721]  loss=0.1063  lr=8.19e-05  ema_tau=0.99816
  Epoch 052 [ 400/721]  loss=0.0968  lr=8.19e-05  ema_tau=0.99816
  Epoch 052 [ 420/721]  loss=0.1032  lr=8.18e-05  ema_tau=0.99816
  Epoch 052 [ 440/721]  loss=0.1061  lr=8.17e-05  ema_tau=0.99816
  Epoch 052 [ 460/721]  loss=0.1208  lr=8.16e-05  ema_tau=0.99817
  Epoch 052 [ 480/721]  loss=0.0959  lr=8.16e-05  ema_tau=0.99817
  Epoch 052 [ 500/721]  loss=0.1129  lr=8.15e-05  ema_tau=0.99817
  Epoch 052 [ 520/721]  loss=0.1082  lr=8.14e-05  ema_tau=0.99817
  Epoch 052 [ 540/721]  loss=0.1039  lr=8.13e-05  ema_tau=0.99817
  Epoch 052 [ 560/721]  loss=0.1111  lr=8.13e-05  ema_tau=0.99817
  Epoch 052 [ 580/721]  loss=0.1259  lr=8.12e-05  ema_tau=0.99818
  Epoch 052 [ 600/721]  loss=0.1098  lr=8.11e-05  ema_tau=0.99818
  Epoch 052 [ 620/721]  loss=0.0948  lr=8.11e-05  ema_tau=0.99818
  Epoch 052 [ 640/721]  loss=0.1162  lr=8.10e-05  ema_tau=0.99818
  Epoch 052 [ 660/721]  loss=0.0999  lr=8.09e-05  ema_tau=0.99818
  Epoch 052 [ 680/721]  loss=0.1112  lr=8.08e-05  ema_tau=0.99818
  Epoch 052 [ 700/721]  loss=0.1084  lr=8.08e-05  ema_tau=0.99819
  Epoch 052 [ 720/721]  loss=0.0946  lr=8.07e-05  ema_tau=0.99819

Epoch 052 done | avg_loss=0.1089 | time=294.4s
  Val loss: 0.0873
  Checkpoint saved → /scratch/va2661/data/active_matter/checkpoints/jepa/latest.pt

  Epoch 053 [   0/721]  loss=0.1181  lr=8.07e-05  ema_tau=0.99819
  Epoch 053 [  20/721]  loss=0.0921  lr=8.06e-05  ema_tau=0.99819
  Epoch 053 [  40/721]  loss=0.1119  lr=8.06e-05  ema_tau=0.99819
  Epoch 053 [  60/721]  loss=0.0923  lr=8.05e-05  ema_tau=0.99819
  Epoch 053 [  80/721]  loss=0.1242  lr=8.04e-05  ema_tau=0.99820
  Epoch 053 [ 100/721]  loss=0.1051  lr=8.03e-05  ema_tau=0.99820
  Epoch 053 [ 120/721]  loss=0.1102  lr=8.03e-05  ema_tau=0.99820
  Epoch 053 [ 140/721]  loss=0.1091  lr=8.02e-05  ema_tau=0.99820
  Epoch 053 [ 160/721]  loss=0.0929  lr=8.01e-05  ema_tau=0.99820
  Epoch 053 [ 180/721]  loss=0.0971  lr=8.00e-05  ema_tau=0.99820
  Epoch 053 [ 200/721]  loss=0.1063  lr=8.00e-05  ema_tau=0.99821
  Epoch 053 [ 220/721]  loss=0.0982  lr=7.99e-05  ema_tau=0.99821
  Epoch 053 [ 240/721]  loss=0.1164  lr=7.98e-05  ema_tau=0.99821
  Epoch 053 [ 260/721]  loss=0.1031  lr=7.98e-05  ema_tau=0.99821
  Epoch 053 [ 280/721]  loss=0.0990  lr=7.97e-05  ema_tau=0.99821
  Epoch 053 [ 300/721]  loss=0.0983  lr=7.96e-05  ema_tau=0.99821
  Epoch 053 [ 320/721]  loss=0.1212  lr=7.95e-05  ema_tau=0.99822
  Epoch 053 [ 340/721]  loss=0.1049  lr=7.95e-05  ema_tau=0.99822
  Epoch 053 [ 360/721]  loss=0.1200  lr=7.94e-05  ema_tau=0.99822
  Epoch 053 [ 380/721]  loss=0.1118  lr=7.93e-05  ema_tau=0.99822
  Epoch 053 [ 400/721]  loss=0.1073  lr=7.93e-05  ema_tau=0.99822
  Epoch 053 [ 420/721]  loss=0.1033  lr=7.92e-05  ema_tau=0.99822
  Epoch 053 [ 440/721]  loss=0.1215  lr=7.91e-05  ema_tau=0.99823
  Epoch 053 [ 460/721]  loss=0.1173  lr=7.90e-05  ema_tau=0.99823
  Epoch 053 [ 480/721]  loss=0.0998  lr=7.90e-05  ema_tau=0.99823
  Epoch 053 [ 500/721]  loss=0.1130  lr=7.89e-05  ema_tau=0.99823
  Epoch 053 [ 520/721]  loss=0.1075  lr=7.88e-05  ema_tau=0.99823
  Epoch 053 [ 540/721]  loss=0.1127  lr=7.88e-05  ema_tau=0.99824
  Epoch 053 [ 560/721]  loss=0.1141  lr=7.87e-05  ema_tau=0.99824
  Epoch 053 [ 580/721]  loss=0.1136  lr=7.86e-05  ema_tau=0.99824
  Epoch 053 [ 600/721]  loss=0.0970  lr=7.85e-05  ema_tau=0.99824
  Epoch 053 [ 620/721]  loss=0.0962  lr=7.85e-05  ema_tau=0.99824
  Epoch 053 [ 640/721]  loss=0.0958  lr=7.84e-05  ema_tau=0.99824
  Epoch 053 [ 660/721]  loss=0.1082  lr=7.83e-05  ema_tau=0.99825
  Epoch 053 [ 680/721]  loss=0.1138  lr=7.82e-05  ema_tau=0.99825
  Epoch 053 [ 700/721]  loss=0.0947  lr=7.82e-05  ema_tau=0.99825
  Epoch 053 [ 720/721]  loss=0.1135  lr=7.81e-05  ema_tau=0.99825

Epoch 053 done | avg_loss=0.1083 | time=291.8s
  Val loss: 0.0860
  Checkpoint saved → /scratch/va2661/data/active_matter/checkpoints/jepa/latest.pt

  Epoch 054 [   0/721]  loss=0.1022  lr=7.81e-05  ema_tau=0.99825
  Epoch 054 [  20/721]  loss=0.1100  lr=7.80e-05  ema_tau=0.99825
  Epoch 054 [  40/721]  loss=0.1056  lr=7.80e-05  ema_tau=0.99825
  Epoch 054 [  60/721]  loss=0.1156  lr=7.79e-05  ema_tau=0.99826
  Epoch 054 [  80/721]  loss=0.1083  lr=7.78e-05  ema_tau=0.99826
  Epoch 054 [ 100/721]  loss=0.1190  lr=7.77e-05  ema_tau=0.99826
  Epoch 054 [ 120/721]  loss=0.1085  lr=7.77e-05  ema_tau=0.99826
  Epoch 054 [ 140/721]  loss=0.1191  lr=7.76e-05  ema_tau=0.99826
  Epoch 054 [ 160/721]  loss=0.1091  lr=7.75e-05  ema_tau=0.99826
  Epoch 054 [ 180/721]  loss=0.0932  lr=7.75e-05  ema_tau=0.99827
  Epoch 054 [ 200/721]  loss=0.0842  lr=7.74e-05  ema_tau=0.99827
  Epoch 054 [ 220/721]  loss=0.0917  lr=7.73e-05  ema_tau=0.99827
  Epoch 054 [ 240/721]  loss=0.1206  lr=7.72e-05  ema_tau=0.99827
  Epoch 054 [ 260/721]  loss=0.1155  lr=7.72e-05  ema_tau=0.99827
  Epoch 054 [ 280/721]  loss=0.0949  lr=7.71e-05  ema_tau=0.99827
  Epoch 054 [ 300/721]  loss=0.0992  lr=7.70e-05  ema_tau=0.99828
  Epoch 054 [ 320/721]  loss=0.0875  lr=7.69e-05  ema_tau=0.99828
  Epoch 054 [ 340/721]  loss=0.1071  lr=7.69e-05  ema_tau=0.99828
  Epoch 054 [ 360/721]  loss=0.1189  lr=7.68e-05  ema_tau=0.99828
  Epoch 054 [ 380/721]  loss=0.1061  lr=7.67e-05  ema_tau=0.99828
  Epoch 054 [ 400/721]  loss=0.1092  lr=7.67e-05  ema_tau=0.99829
  Epoch 054 [ 420/721]  loss=0.0923  lr=7.66e-05  ema_tau=0.99829
  Epoch 054 [ 440/721]  loss=0.1059  lr=7.65e-05  ema_tau=0.99829
  Epoch 054 [ 460/721]  loss=0.1097  lr=7.64e-05  ema_tau=0.99829
  Epoch 054 [ 480/721]  loss=0.1138  lr=7.64e-05  ema_tau=0.99829
  Epoch 054 [ 500/721]  loss=0.1131  lr=7.63e-05  ema_tau=0.99829
  Epoch 054 [ 520/721]  loss=0.1020  lr=7.62e-05  ema_tau=0.99830
  Epoch 054 [ 540/721]  loss=0.1183  lr=7.62e-05  ema_tau=0.99830
  Epoch 054 [ 560/721]  loss=0.0922  lr=7.61e-05  ema_tau=0.99830
  Epoch 054 [ 580/721]  loss=0.0873  lr=7.60e-05  ema_tau=0.99830
  Epoch 054 [ 600/721]  loss=0.0986  lr=7.59e-05  ema_tau=0.99830
  Epoch 054 [ 620/721]  loss=0.0857  lr=7.59e-05  ema_tau=0.99830
  Epoch 054 [ 640/721]  loss=0.1051  lr=7.58e-05  ema_tau=0.99831
  Epoch 054 [ 660/721]  loss=0.0985  lr=7.57e-05  ema_tau=0.99831
  Epoch 054 [ 680/721]  loss=0.1164  lr=7.56e-05  ema_tau=0.99831
  Epoch 054 [ 700/721]  loss=0.1105  lr=7.56e-05  ema_tau=0.99831
  Epoch 054 [ 720/721]  loss=0.1011  lr=7.55e-05  ema_tau=0.99831

Epoch 054 done | avg_loss=0.1074 | time=292.2s
  Val loss: 0.0836
  Checkpoint saved → /scratch/va2661/data/active_matter/checkpoints/jepa/latest.pt

  Epoch 055 [   0/721]  loss=0.1120  lr=7.55e-05  ema_tau=0.99831
  Epoch 055 [  20/721]  loss=0.1005  lr=7.54e-05  ema_tau=0.99831
  Epoch 055 [  40/721]  loss=0.1073  lr=7.54e-05  ema_tau=0.99832
  Epoch 055 [  60/721]  loss=0.1124  lr=7.53e-05  ema_tau=0.99832
  Epoch 055 [  80/721]  loss=0.1015  lr=7.52e-05  ema_tau=0.99832
  Epoch 055 [ 100/721]  loss=0.0995  lr=7.51e-05  ema_tau=0.99832
  Epoch 055 [ 120/721]  loss=0.1120  lr=7.51e-05  ema_tau=0.99832
  Epoch 055 [ 140/721]  loss=0.1050  lr=7.50e-05  ema_tau=0.99832
  Epoch 055 [ 160/721]  loss=0.1035  lr=7.49e-05  ema_tau=0.99833
  Epoch 055 [ 180/721]  loss=0.0986  lr=7.49e-05  ema_tau=0.99833
  Epoch 055 [ 200/721]  loss=0.0886  lr=7.48e-05  ema_tau=0.99833
  Epoch 055 [ 220/721]  loss=0.1002  lr=7.47e-05  ema_tau=0.99833
  Epoch 055 [ 240/721]  loss=0.1281  lr=7.46e-05  ema_tau=0.99833
  Epoch 055 [ 260/721]  loss=0.1082  lr=7.46e-05  ema_tau=0.99834
  Epoch 055 [ 280/721]  loss=0.0957  lr=7.45e-05  ema_tau=0.99834
  Epoch 055 [ 300/721]  loss=0.1170  lr=7.44e-05  ema_tau=0.99834
  Epoch 055 [ 320/721]  loss=0.1005  lr=7.43e-05  ema_tau=0.99834
  Epoch 055 [ 340/721]  loss=0.1110  lr=7.43e-05  ema_tau=0.99834
  Epoch 055 [ 360/721]  loss=0.1088  lr=7.42e-05  ema_tau=0.99834
  Epoch 055 [ 380/721]  loss=0.1146  lr=7.41e-05  ema_tau=0.99835
  Epoch 055 [ 400/721]  loss=0.1143  lr=7.41e-05  ema_tau=0.99835
  Epoch 055 [ 420/721]  loss=0.1040  lr=7.40e-05  ema_tau=0.99835
  Epoch 055 [ 440/721]  loss=0.1242  lr=7.39e-05  ema_tau=0.99835
  Epoch 055 [ 460/721]  loss=0.1072  lr=7.38e-05  ema_tau=0.99835
  Epoch 055 [ 480/721]  loss=0.1141  lr=7.38e-05  ema_tau=0.99835
  Epoch 055 [ 500/721]  loss=0.1116  lr=7.37e-05  ema_tau=0.99836
  Epoch 055 [ 520/721]  loss=0.1021  lr=7.36e-05  ema_tau=0.99836
  Epoch 055 [ 540/721]  loss=0.0992  lr=7.36e-05  ema_tau=0.99836
  Epoch 055 [ 560/721]  loss=0.1119  lr=7.35e-05  ema_tau=0.99836
  Epoch 055 [ 580/721]  loss=0.1123  lr=7.34e-05  ema_tau=0.99836
  Epoch 055 [ 600/721]  loss=0.1065  lr=7.33e-05  ema_tau=0.99836
  Epoch 055 [ 620/721]  loss=0.1149  lr=7.33e-05  ema_tau=0.99837
  Epoch 055 [ 640/721]  loss=0.1060  lr=7.32e-05  ema_tau=0.99837
  Epoch 055 [ 660/721]  loss=0.1284  lr=7.31e-05  ema_tau=0.99837
  Epoch 055 [ 680/721]  loss=0.1045  lr=7.30e-05  ema_tau=0.99837
  Epoch 055 [ 700/721]  loss=0.1076  lr=7.30e-05  ema_tau=0.99837
  Epoch 055 [ 720/721]  loss=0.1031  lr=7.29e-05  ema_tau=0.99837

Epoch 055 done | avg_loss=0.1069 | time=293.3s
  Collapse check — embed_std=0.0433  mean_cos_sim=0.2474
  Val loss: 0.0857
  Checkpoint saved → /scratch/va2661/data/active_matter/checkpoints/jepa/latest.pt

  Epoch 056 [   0/721]  loss=0.1023  lr=7.29e-05  ema_tau=0.99837
  Epoch 056 [  20/721]  loss=0.1048  lr=7.28e-05  ema_tau=0.99838
  Epoch 056 [  40/721]  loss=0.1217  lr=7.28e-05  ema_tau=0.99838
  Epoch 056 [  60/721]  loss=0.0980  lr=7.27e-05  ema_tau=0.99838
  Epoch 056 [  80/721]  loss=0.1039  lr=7.26e-05  ema_tau=0.99838
  Epoch 056 [ 100/721]  loss=0.0950  lr=7.25e-05  ema_tau=0.99838
  Epoch 056 [ 120/721]  loss=0.0960  lr=7.25e-05  ema_tau=0.99839
  Epoch 056 [ 140/721]  loss=0.1002  lr=7.24e-05  ema_tau=0.99839
  Epoch 056 [ 160/721]  loss=0.1144  lr=7.23e-05  ema_tau=0.99839
  Epoch 056 [ 180/721]  loss=0.0943  lr=7.23e-05  ema_tau=0.99839
  Epoch 056 [ 200/721]  loss=0.1210  lr=7.22e-05  ema_tau=0.99839
  Epoch 056 [ 220/721]  loss=0.1076  lr=7.21e-05  ema_tau=0.99839
  Epoch 056 [ 240/721]  loss=0.0919  lr=7.20e-05  ema_tau=0.99840
  Epoch 056 [ 260/721]  loss=0.1071  lr=7.20e-05  ema_tau=0.99840
  Epoch 056 [ 280/721]  loss=0.1195  lr=7.19e-05  ema_tau=0.99840
  Epoch 056 [ 300/721]  loss=0.1062  lr=7.18e-05  ema_tau=0.99840
  Epoch 056 [ 320/721]  loss=0.1370  lr=7.17e-05  ema_tau=0.99840
  Epoch 056 [ 340/721]  loss=0.1104  lr=7.17e-05  ema_tau=0.99840
  Epoch 056 [ 360/721]  loss=0.1028  lr=7.16e-05  ema_tau=0.99841
  Epoch 056 [ 380/721]  loss=0.1219  lr=7.15e-05  ema_tau=0.99841
  Epoch 056 [ 400/721]  loss=0.0846  lr=7.15e-05  ema_tau=0.99841
  Epoch 056 [ 420/721]  loss=0.1155  lr=7.14e-05  ema_tau=0.99841
  Epoch 056 [ 440/721]  loss=0.1173  lr=7.13e-05  ema_tau=0.99841
  Epoch 056 [ 460/721]  loss=0.1134  lr=7.12e-05  ema_tau=0.99841
  Epoch 056 [ 480/721]  loss=0.1117  lr=7.12e-05  ema_tau=0.99842
  Epoch 056 [ 500/721]  loss=0.0975  lr=7.11e-05  ema_tau=0.99842
  Epoch 056 [ 520/721]  loss=0.1187  lr=7.10e-05  ema_tau=0.99842
  Epoch 056 [ 540/721]  loss=0.1007  lr=7.10e-05  ema_tau=0.99842
  Epoch 056 [ 560/721]  loss=0.1091  lr=7.09e-05  ema_tau=0.99842
  Epoch 056 [ 580/721]  loss=0.1177  lr=7.08e-05  ema_tau=0.99842
  Epoch 056 [ 600/721]  loss=0.1138  lr=7.07e-05  ema_tau=0.99843
  Epoch 056 [ 620/721]  loss=0.1049  lr=7.07e-05  ema_tau=0.99843
  Epoch 056 [ 640/721]  loss=0.0982  lr=7.06e-05  ema_tau=0.99843
  Epoch 056 [ 660/721]  loss=0.1257  lr=7.05e-05  ema_tau=0.99843
  Epoch 056 [ 680/721]  loss=0.0827  lr=7.05e-05  ema_tau=0.99843
  Epoch 056 [ 700/721]  loss=0.0905  lr=7.04e-05  ema_tau=0.99843
  Epoch 056 [ 720/721]  loss=0.1114  lr=7.03e-05  ema_tau=0.99844

Epoch 056 done | avg_loss=0.1070 | time=292.7s
  Val loss: 0.0852
  Checkpoint saved → /scratch/va2661/data/active_matter/checkpoints/jepa/latest.pt

  Epoch 057 [   0/721]  loss=0.1024  lr=7.03e-05  ema_tau=0.99844
  Epoch 057 [  20/721]  loss=0.1005  lr=7.02e-05  ema_tau=0.99844
  Epoch 057 [  40/721]  loss=0.1116  lr=7.02e-05  ema_tau=0.99844
  Epoch 057 [  60/721]  loss=0.1151  lr=7.01e-05  ema_tau=0.99844
  Epoch 057 [  80/721]  loss=0.1216  lr=7.00e-05  ema_tau=0.99844
  Epoch 057 [ 100/721]  loss=0.1179  lr=6.99e-05  ema_tau=0.99844
  Epoch 057 [ 120/721]  loss=0.1213  lr=6.99e-05  ema_tau=0.99845
  Epoch 057 [ 140/721]  loss=0.1163  lr=6.98e-05  ema_tau=0.99845
  Epoch 057 [ 160/721]  loss=0.1112  lr=6.97e-05  ema_tau=0.99845
  Epoch 057 [ 180/721]  loss=0.1011  lr=6.97e-05  ema_tau=0.99845
  Epoch 057 [ 200/721]  loss=0.1079  lr=6.96e-05  ema_tau=0.99845
  Epoch 057 [ 220/721]  loss=0.1032  lr=6.95e-05  ema_tau=0.99845
  Epoch 057 [ 240/721]  loss=0.1219  lr=6.94e-05  ema_tau=0.99846
  Epoch 057 [ 260/721]  loss=0.0890  lr=6.94e-05  ema_tau=0.99846
  Epoch 057 [ 280/721]  loss=0.0825  lr=6.93e-05  ema_tau=0.99846
  Epoch 057 [ 300/721]  loss=0.1102  lr=6.92e-05  ema_tau=0.99846
  Epoch 057 [ 320/721]  loss=0.1082  lr=6.92e-05  ema_tau=0.99846
  Epoch 057 [ 340/721]  loss=0.1077  lr=6.91e-05  ema_tau=0.99847
  Epoch 057 [ 360/721]  loss=0.1045  lr=6.90e-05  ema_tau=0.99847
  Epoch 057 [ 380/721]  loss=0.1054  lr=6.89e-05  ema_tau=0.99847
  Epoch 057 [ 400/721]  loss=0.1037  lr=6.89e-05  ema_tau=0.99847
  Epoch 057 [ 420/721]  loss=0.0839  lr=6.88e-05  ema_tau=0.99847
  Epoch 057 [ 440/721]  loss=0.0990  lr=6.87e-05  ema_tau=0.99847
  Epoch 057 [ 460/721]  loss=0.1190  lr=6.86e-05  ema_tau=0.99848
  Epoch 057 [ 480/721]  loss=0.1032  lr=6.86e-05  ema_tau=0.99848
  Epoch 057 [ 500/721]  loss=0.1130  lr=6.85e-05  ema_tau=0.99848
  Epoch 057 [ 520/721]  loss=0.1101  lr=6.84e-05  ema_tau=0.99848
  Epoch 057 [ 540/721]  loss=0.1021  lr=6.84e-05  ema_tau=0.99848
  Epoch 057 [ 560/721]  loss=0.1110  lr=6.83e-05  ema_tau=0.99848
  Epoch 057 [ 580/721]  loss=0.1238  lr=6.82e-05  ema_tau=0.99849
  Epoch 057 [ 600/721]  loss=0.1031  lr=6.81e-05  ema_tau=0.99849
  Epoch 057 [ 620/721]  loss=0.1138  lr=6.81e-05  ema_tau=0.99849
  Epoch 057 [ 640/721]  loss=0.0939  lr=6.80e-05  ema_tau=0.99849
  Epoch 057 [ 660/721]  loss=0.0982  lr=6.79e-05  ema_tau=0.99849
  Epoch 057 [ 680/721]  loss=0.1161  lr=6.79e-05  ema_tau=0.99849
  Epoch 057 [ 700/721]  loss=0.0949  lr=6.78e-05  ema_tau=0.99850
  Epoch 057 [ 720/721]  loss=0.1194  lr=6.77e-05  ema_tau=0.99850

Epoch 057 done | avg_loss=0.1069 | time=292.5s
  Val loss: 0.0852
  Checkpoint saved → /scratch/va2661/data/active_matter/checkpoints/jepa/latest.pt

  Epoch 058 [   0/721]  loss=0.1228  lr=6.77e-05  ema_tau=0.99850
  Epoch 058 [  20/721]  loss=0.1019  lr=6.76e-05  ema_tau=0.99850
  Epoch 058 [  40/721]  loss=0.0938  lr=6.76e-05  ema_tau=0.99850
  Epoch 058 [  60/721]  loss=0.1131  lr=6.75e-05  ema_tau=0.99850
  Epoch 058 [  80/721]  loss=0.1341  lr=6.74e-05  ema_tau=0.99850
  Epoch 058 [ 100/721]  loss=0.1087  lr=6.74e-05  ema_tau=0.99851
  Epoch 058 [ 120/721]  loss=0.1278  lr=6.73e-05  ema_tau=0.99851
  Epoch 058 [ 140/721]  loss=0.1074  lr=6.72e-05  ema_tau=0.99851
  Epoch 058 [ 160/721]  loss=0.1144  lr=6.71e-05  ema_tau=0.99851
  Epoch 058 [ 180/721]  loss=0.1145  lr=6.71e-05  ema_tau=0.99851
  Epoch 058 [ 200/721]  loss=0.1040  lr=6.70e-05  ema_tau=0.99851
  Epoch 058 [ 220/721]  loss=0.0923  lr=6.69e-05  ema_tau=0.99852
  Epoch 058 [ 240/721]  loss=0.1059  lr=6.69e-05  ema_tau=0.99852
  Epoch 058 [ 260/721]  loss=0.1001  lr=6.68e-05  ema_tau=0.99852
  Epoch 058 [ 280/721]  loss=0.1159  lr=6.67e-05  ema_tau=0.99852
  Epoch 058 [ 300/721]  loss=0.1106  lr=6.66e-05  ema_tau=0.99852
  Epoch 058 [ 320/721]  loss=0.0934  lr=6.66e-05  ema_tau=0.99852
  Epoch 058 [ 340/721]  loss=0.0862  lr=6.65e-05  ema_tau=0.99853
  Epoch 058 [ 360/721]  loss=0.1023  lr=6.64e-05  ema_tau=0.99853
  Epoch 058 [ 380/721]  loss=0.1176  lr=6.64e-05  ema_tau=0.99853
  Epoch 058 [ 400/721]  loss=0.1085  lr=6.63e-05  ema_tau=0.99853
  Epoch 058 [ 420/721]  loss=0.1036  lr=6.62e-05  ema_tau=0.99853
  Epoch 058 [ 440/721]  loss=0.0934  lr=6.61e-05  ema_tau=0.99853
  Epoch 058 [ 460/721]  loss=0.1120  lr=6.61e-05  ema_tau=0.99854
  Epoch 058 [ 480/721]  loss=0.1079  lr=6.60e-05  ema_tau=0.99854
  Epoch 058 [ 500/721]  loss=0.1098  lr=6.59e-05  ema_tau=0.99854
  Epoch 058 [ 520/721]  loss=0.1053  lr=6.59e-05  ema_tau=0.99854
  Epoch 058 [ 540/721]  loss=0.1035  lr=6.58e-05  ema_tau=0.99854
  Epoch 058 [ 560/721]  loss=0.1124  lr=6.57e-05  ema_tau=0.99854
  Epoch 058 [ 580/721]  loss=0.0953  lr=6.56e-05  ema_tau=0.99855
  Epoch 058 [ 600/721]  loss=0.1120  lr=6.56e-05  ema_tau=0.99855
  Epoch 058 [ 620/721]  loss=0.1075  lr=6.55e-05  ema_tau=0.99855
  Epoch 058 [ 640/721]  loss=0.1083  lr=6.54e-05  ema_tau=0.99855
  Epoch 058 [ 660/721]  loss=0.1231  lr=6.53e-05  ema_tau=0.99855
  Epoch 058 [ 680/721]  loss=0.1295  lr=6.53e-05  ema_tau=0.99855
  Epoch 058 [ 700/721]  loss=0.0990  lr=6.52e-05  ema_tau=0.99856
  Epoch 058 [ 720/721]  loss=0.1067  lr=6.51e-05  ema_tau=0.99856

Epoch 058 done | avg_loss=0.1060 | time=293.3s
  Val loss: 0.0839
  Checkpoint saved → /scratch/va2661/data/active_matter/checkpoints/jepa/latest.pt

  Epoch 059 [   0/721]  loss=0.1076  lr=6.51e-05  ema_tau=0.99856
  Epoch 059 [  20/721]  loss=0.0988  lr=6.51e-05  ema_tau=0.99856
  Epoch 059 [  40/721]  loss=0.0994  lr=6.50e-05  ema_tau=0.99856
  Epoch 059 [  60/721]  loss=0.1007  lr=6.49e-05  ema_tau=0.99856
  Epoch 059 [  80/721]  loss=0.1008  lr=6.48e-05  ema_tau=0.99856
  Epoch 059 [ 100/721]  loss=0.0972  lr=6.48e-05  ema_tau=0.99857
  Epoch 059 [ 120/721]  loss=0.1005  lr=6.47e-05  ema_tau=0.99857
  Epoch 059 [ 140/721]  loss=0.1088  lr=6.46e-05  ema_tau=0.99857
  Epoch 059 [ 160/721]  loss=0.1127  lr=6.46e-05  ema_tau=0.99857
  Epoch 059 [ 180/721]  loss=0.0955  lr=6.45e-05  ema_tau=0.99857
  Epoch 059 [ 200/721]  loss=0.1075  lr=6.44e-05  ema_tau=0.99857
  Epoch 059 [ 220/721]  loss=0.1055  lr=6.43e-05  ema_tau=0.99858
  Epoch 059 [ 240/721]  loss=0.1062  lr=6.43e-05  ema_tau=0.99858
  Epoch 059 [ 260/721]  loss=0.1046  lr=6.42e-05  ema_tau=0.99858
  Epoch 059 [ 280/721]  loss=0.1112  lr=6.41e-05  ema_tau=0.99858
  Epoch 059 [ 300/721]  loss=0.0918  lr=6.41e-05  ema_tau=0.99858
  Epoch 059 [ 320/721]  loss=0.1036  lr=6.40e-05  ema_tau=0.99858
  Epoch 059 [ 340/721]  loss=0.0958  lr=6.39e-05  ema_tau=0.99859
  Epoch 059 [ 360/721]  loss=0.1015  lr=6.38e-05  ema_tau=0.99859
  Epoch 059 [ 380/721]  loss=0.0996  lr=6.38e-05  ema_tau=0.99859
  Epoch 059 [ 400/721]  loss=0.1068  lr=6.37e-05  ema_tau=0.99859
  Epoch 059 [ 420/721]  loss=0.0926  lr=6.36e-05  ema_tau=0.99859
  Epoch 059 [ 440/721]  loss=0.0982  lr=6.36e-05  ema_tau=0.99859
  Epoch 059 [ 460/721]  loss=0.1042  lr=6.35e-05  ema_tau=0.99860
  Epoch 059 [ 480/721]  loss=0.1098  lr=6.34e-05  ema_tau=0.99860
  Epoch 059 [ 500/721]  loss=0.1299  lr=6.33e-05  ema_tau=0.99860
  Epoch 059 [ 520/721]  loss=0.1033  lr=6.33e-05  ema_tau=0.99860
  Epoch 059 [ 540/721]  loss=0.1040  lr=6.32e-05  ema_tau=0.99860
  Epoch 059 [ 560/721]  loss=0.1043  lr=6.31e-05  ema_tau=0.99860
  Epoch 059 [ 580/721]  loss=0.0981  lr=6.31e-05  ema_tau=0.99861
  Epoch 059 [ 600/721]  loss=0.1209  lr=6.30e-05  ema_tau=0.99861
  Epoch 059 [ 620/721]  loss=0.1089  lr=6.29e-05  ema_tau=0.99861
  Epoch 059 [ 640/721]  loss=0.0978  lr=6.29e-05  ema_tau=0.99861
  Epoch 059 [ 660/721]  loss=0.1132  lr=6.28e-05  ema_tau=0.99861
  Epoch 059 [ 680/721]  loss=0.1050  lr=6.27e-05  ema_tau=0.99861
  Epoch 059 [ 700/721]  loss=0.1137  lr=6.26e-05  ema_tau=0.99862
  Epoch 059 [ 720/721]  loss=0.1000  lr=6.26e-05  ema_tau=0.99862

Epoch 059 done | avg_loss=0.1052 | time=291.7s
  Val loss: 0.0826
  Checkpoint saved → /scratch/va2661/data/active_matter/checkpoints/jepa/latest.pt

  Epoch 060 [   0/721]  loss=0.1122  lr=6.26e-05  ema_tau=0.99862
  Epoch 060 [  20/721]  loss=0.0936  lr=6.25e-05  ema_tau=0.99862
  Epoch 060 [  40/721]  loss=0.0978  lr=6.24e-05  ema_tau=0.99862
  Epoch 060 [  60/721]  loss=0.1059  lr=6.24e-05  ema_tau=0.99862
  Epoch 060 [  80/721]  loss=0.1018  lr=6.23e-05  ema_tau=0.99862
  Epoch 060 [ 100/721]  loss=0.0975  lr=6.22e-05  ema_tau=0.99863
  Epoch 060 [ 120/721]  loss=0.1110  lr=6.21e-05  ema_tau=0.99863
  Epoch 060 [ 140/721]  loss=0.1059  lr=6.21e-05  ema_tau=0.99863
  Epoch 060 [ 160/721]  loss=0.1093  lr=6.20e-05  ema_tau=0.99863
  Epoch 060 [ 180/721]  loss=0.1110  lr=6.19e-05  ema_tau=0.99863
  Epoch 060 [ 200/721]  loss=0.1129  lr=6.19e-05  ema_tau=0.99863
  Epoch 060 [ 220/721]  loss=0.1055  lr=6.18e-05  ema_tau=0.99864
  Epoch 060 [ 240/721]  loss=0.0822  lr=6.17e-05  ema_tau=0.99864
  Epoch 060 [ 260/721]  loss=0.1209  lr=6.16e-05  ema_tau=0.99864
  Epoch 060 [ 280/721]  loss=0.0866  lr=6.16e-05  ema_tau=0.99864
  Epoch 060 [ 300/721]  loss=0.1151  lr=6.15e-05  ema_tau=0.99864
  Epoch 060 [ 320/721]  loss=0.1046  lr=6.14e-05  ema_tau=0.99864
  Epoch 060 [ 340/721]  loss=0.1118  lr=6.14e-05  ema_tau=0.99865
  Epoch 060 [ 360/721]  loss=0.1092  lr=6.13e-05  ema_tau=0.99865
  Epoch 060 [ 380/721]  loss=0.1135  lr=6.12e-05  ema_tau=0.99865
  Epoch 060 [ 400/721]  loss=0.0829  lr=6.11e-05  ema_tau=0.99865
  Epoch 060 [ 420/721]  loss=0.0875  lr=6.11e-05  ema_tau=0.99865
  Epoch 060 [ 440/721]  loss=0.0855  lr=6.10e-05  ema_tau=0.99865
  Epoch 060 [ 460/721]  loss=0.1151  lr=6.09e-05  ema_tau=0.99866
  Epoch 060 [ 480/721]  loss=0.0989  lr=6.09e-05  ema_tau=0.99866
  Epoch 060 [ 500/721]  loss=0.1082  lr=6.08e-05  ema_tau=0.99866
  Epoch 060 [ 520/721]  loss=0.1136  lr=6.07e-05  ema_tau=0.99866
  Epoch 060 [ 540/721]  loss=0.0996  lr=6.06e-05  ema_tau=0.99866
  Epoch 060 [ 560/721]  loss=0.1089  lr=6.06e-05  ema_tau=0.99866
  Epoch 060 [ 580/721]  loss=0.1045  lr=6.05e-05  ema_tau=0.99867
  Epoch 060 [ 600/721]  loss=0.0929  lr=6.04e-05  ema_tau=0.99867
  Epoch 060 [ 620/721]  loss=0.0997  lr=6.04e-05  ema_tau=0.99867
  Epoch 060 [ 640/721]  loss=0.1149  lr=6.03e-05  ema_tau=0.99867
  Epoch 060 [ 660/721]  loss=0.1077  lr=6.02e-05  ema_tau=0.99867
  Epoch 060 [ 680/721]  loss=0.1155  lr=6.02e-05  ema_tau=0.99867
  Epoch 060 [ 700/721]  loss=0.1148  lr=6.01e-05  ema_tau=0.99868
  Epoch 060 [ 720/721]  loss=0.1261  lr=6.00e-05  ema_tau=0.99868

Epoch 060 done | avg_loss=0.1046 | time=292.2s
  Collapse check — embed_std=0.0436  mean_cos_sim=0.2572
  Val loss: 0.0811
  Checkpoint saved → /scratch/va2661/data/active_matter/checkpoints/jepa/latest.pt
  Checkpoint saved → /scratch/va2661/data/active_matter/checkpoints/jepa/epoch_0060.pt

  Epoch 061 [   0/721]  loss=0.1073  lr=6.00e-05  ema_tau=0.99868
  Epoch 061 [  20/721]  loss=0.1011  lr=5.99e-05  ema_tau=0.99868
  Epoch 061 [  40/721]  loss=0.1186  lr=5.99e-05  ema_tau=0.99868
  Epoch 061 [  60/721]  loss=0.1134  lr=5.98e-05  ema_tau=0.99868
  Epoch 061 [  80/721]  loss=0.0849  lr=5.97e-05  ema_tau=0.99868
  Epoch 061 [ 100/721]  loss=0.0999  lr=5.97e-05  ema_tau=0.99869
  Epoch 061 [ 120/721]  loss=0.1093  lr=5.96e-05  ema_tau=0.99869
  Epoch 061 [ 140/721]  loss=0.0840  lr=5.95e-05  ema_tau=0.99869
  Epoch 061 [ 160/721]  loss=0.0993  lr=5.94e-05  ema_tau=0.99869
  Epoch 061 [ 180/721]  loss=0.1041  lr=5.94e-05  ema_tau=0.99869
  Epoch 061 [ 200/721]  loss=0.1104  lr=5.93e-05  ema_tau=0.99869
  Epoch 061 [ 220/721]  loss=0.1007  lr=5.92e-05  ema_tau=0.99870
  Epoch 061 [ 240/721]  loss=0.0846  lr=5.92e-05  ema_tau=0.99870
  Epoch 061 [ 260/721]  loss=0.1022  lr=5.91e-05  ema_tau=0.99870
  Epoch 061 [ 280/721]  loss=0.0960  lr=5.90e-05  ema_tau=0.99870
  Epoch 061 [ 300/721]  loss=0.1095  lr=5.90e-05  ema_tau=0.99870
  Epoch 061 [ 320/721]  loss=0.1292  lr=5.89e-05  ema_tau=0.99870
  Epoch 061 [ 340/721]  loss=0.1028  lr=5.88e-05  ema_tau=0.99871
  Epoch 061 [ 360/721]  loss=0.0899  lr=5.87e-05  ema_tau=0.99871
  Epoch 061 [ 380/721]  loss=0.1012  lr=5.87e-05  ema_tau=0.99871
  Epoch 061 [ 400/721]  loss=0.1030  lr=5.86e-05  ema_tau=0.99871
  Epoch 061 [ 420/721]  loss=0.1051  lr=5.85e-05  ema_tau=0.99871
  Epoch 061 [ 440/721]  loss=0.1134  lr=5.85e-05  ema_tau=0.99871
  Epoch 061 [ 460/721]  loss=0.1123  lr=5.84e-05  ema_tau=0.99872
  Epoch 061 [ 480/721]  loss=0.1173  lr=5.83e-05  ema_tau=0.99872
  Epoch 061 [ 500/721]  loss=0.0974  lr=5.83e-05  ema_tau=0.99872
  Epoch 061 [ 520/721]  loss=0.1039  lr=5.82e-05  ema_tau=0.99872
  Epoch 061 [ 540/721]  loss=0.1101  lr=5.81e-05  ema_tau=0.99872
  Epoch 061 [ 560/721]  loss=0.0975  lr=5.80e-05  ema_tau=0.99872
  Epoch 061 [ 580/721]  loss=0.0910  lr=5.80e-05  ema_tau=0.99872
  Epoch 061 [ 600/721]  loss=0.0967  lr=5.79e-05  ema_tau=0.99873
  Epoch 061 [ 620/721]  loss=0.1011  lr=5.78e-05  ema_tau=0.99873
  Epoch 061 [ 640/721]  loss=0.0919  lr=5.78e-05  ema_tau=0.99873
  Epoch 061 [ 660/721]  loss=0.0958  lr=5.77e-05  ema_tau=0.99873
  Epoch 061 [ 680/721]  loss=0.1148  lr=5.76e-05  ema_tau=0.99873
  Epoch 061 [ 700/721]  loss=0.1142  lr=5.76e-05  ema_tau=0.99873
  Epoch 061 [ 720/721]  loss=0.1024  lr=5.75e-05  ema_tau=0.99874

Epoch 061 done | avg_loss=0.1040 | time=293.2s
  Val loss: 0.0822
  Checkpoint saved → /scratch/va2661/data/active_matter/checkpoints/jepa/latest.pt

  Epoch 062 [   0/721]  loss=0.0900  lr=5.75e-05  ema_tau=0.99874
  Epoch 062 [  20/721]  loss=0.1020  lr=5.74e-05  ema_tau=0.99874
  Epoch 062 [  40/721]  loss=0.1093  lr=5.73e-05  ema_tau=0.99874
  Epoch 062 [  60/721]  loss=0.1068  lr=5.73e-05  ema_tau=0.99874
  Epoch 062 [  80/721]  loss=0.1141  lr=5.72e-05  ema_tau=0.99874
  Epoch 062 [ 100/721]  loss=0.0937  lr=5.71e-05  ema_tau=0.99874
  Epoch 062 [ 120/721]  loss=0.0962  lr=5.71e-05  ema_tau=0.99875
  Epoch 062 [ 140/721]  loss=0.1134  lr=5.70e-05  ema_tau=0.99875
  Epoch 062 [ 160/721]  loss=0.0911  lr=5.69e-05  ema_tau=0.99875
  Epoch 062 [ 180/721]  loss=0.0983  lr=5.68e-05  ema_tau=0.99875
  Epoch 062 [ 200/721]  loss=0.1132  lr=5.68e-05  ema_tau=0.99875
  Epoch 062 [ 220/721]  loss=0.0863  lr=5.67e-05  ema_tau=0.99875
  Epoch 062 [ 240/721]  loss=0.0992  lr=5.66e-05  ema_tau=0.99876
  Epoch 062 [ 260/721]  loss=0.1048  lr=5.66e-05  ema_tau=0.99876
  Epoch 062 [ 280/721]  loss=0.1029  lr=5.65e-05  ema_tau=0.99876
  Epoch 062 [ 300/721]  loss=0.1179  lr=5.64e-05  ema_tau=0.99876
  Epoch 062 [ 320/721]  loss=0.0982  lr=5.64e-05  ema_tau=0.99876
  Epoch 062 [ 340/721]  loss=0.1045  lr=5.63e-05  ema_tau=0.99876
  Epoch 062 [ 360/721]  loss=0.1068  lr=5.62e-05  ema_tau=0.99877
  Epoch 062 [ 380/721]  loss=0.1009  lr=5.62e-05  ema_tau=0.99877
  Epoch 062 [ 400/721]  loss=0.1043  lr=5.61e-05  ema_tau=0.99877
  Epoch 062 [ 420/721]  loss=0.1069  lr=5.60e-05  ema_tau=0.99877
  Epoch 062 [ 440/721]  loss=0.0983  lr=5.59e-05  ema_tau=0.99877
  Epoch 062 [ 460/721]  loss=0.1191  lr=5.59e-05  ema_tau=0.99877
  Epoch 062 [ 480/721]  loss=0.1066  lr=5.58e-05  ema_tau=0.99877
  Epoch 062 [ 500/721]  loss=0.1275  lr=5.57e-05  ema_tau=0.99878
  Epoch 062 [ 520/721]  loss=0.0874  lr=5.57e-05  ema_tau=0.99878
  Epoch 062 [ 540/721]  loss=0.1003  lr=5.56e-05  ema_tau=0.99878
  Epoch 062 [ 560/721]  loss=0.0978  lr=5.55e-05  ema_tau=0.99878
  Epoch 062 [ 580/721]  loss=0.1047  lr=5.55e-05  ema_tau=0.99878
  Epoch 062 [ 600/721]  loss=0.1190  lr=5.54e-05  ema_tau=0.99878
  Epoch 062 [ 620/721]  loss=0.0833  lr=5.53e-05  ema_tau=0.99879
  Epoch 062 [ 640/721]  loss=0.1043  lr=5.52e-05  ema_tau=0.99879
  Epoch 062 [ 660/721]  loss=0.0871  lr=5.52e-05  ema_tau=0.99879
  Epoch 062 [ 680/721]  loss=0.1067  lr=5.51e-05  ema_tau=0.99879
  Epoch 062 [ 700/721]  loss=0.1127  lr=5.50e-05  ema_tau=0.99879
  Epoch 062 [ 720/721]  loss=0.1095  lr=5.50e-05  ema_tau=0.99879

Epoch 062 done | avg_loss=0.1036 | time=291.9s
  Val loss: 0.0810
  Checkpoint saved → /scratch/va2661/data/active_matter/checkpoints/jepa/latest.pt

  Epoch 063 [   0/721]  loss=0.1068  lr=5.50e-05  ema_tau=0.99879
  Epoch 063 [  20/721]  loss=0.1151  lr=5.49e-05  ema_tau=0.99880
  Epoch 063 [  40/721]  loss=0.1060  lr=5.48e-05  ema_tau=0.99880
  Epoch 063 [  60/721]  loss=0.1016  lr=5.48e-05  ema_tau=0.99880
  Epoch 063 [  80/721]  loss=0.0940  lr=5.47e-05  ema_tau=0.99880
  Epoch 063 [ 100/721]  loss=0.0953  lr=5.46e-05  ema_tau=0.99880
  Epoch 063 [ 120/721]  loss=0.1019  lr=5.45e-05  ema_tau=0.99880
  Epoch 063 [ 140/721]  loss=0.1011  lr=5.45e-05  ema_tau=0.99881
  Epoch 063 [ 160/721]  loss=0.1134  lr=5.44e-05  ema_tau=0.99881
  Epoch 063 [ 180/721]  loss=0.1140  lr=5.43e-05  ema_tau=0.99881
  Epoch 063 [ 200/721]  loss=0.0962  lr=5.43e-05  ema_tau=0.99881
  Epoch 063 [ 220/721]  loss=0.0911  lr=5.42e-05  ema_tau=0.99881
  Epoch 063 [ 240/721]  loss=0.0885  lr=5.41e-05  ema_tau=0.99881
  Epoch 063 [ 260/721]  loss=0.1019  lr=5.41e-05  ema_tau=0.99882
  Epoch 063 [ 280/721]  loss=0.1019  lr=5.40e-05  ema_tau=0.99882
  Epoch 063 [ 300/721]  loss=0.0930  lr=5.39e-05  ema_tau=0.99882
  Epoch 063 [ 320/721]  loss=0.0989  lr=5.39e-05  ema_tau=0.99882
  Epoch 063 [ 340/721]  loss=0.1175  lr=5.38e-05  ema_tau=0.99882
  Epoch 063 [ 360/721]  loss=0.0985  lr=5.37e-05  ema_tau=0.99882
  Epoch 063 [ 380/721]  loss=0.1147  lr=5.37e-05  ema_tau=0.99882
  Epoch 063 [ 400/721]  loss=0.1219  lr=5.36e-05  ema_tau=0.99883
  Epoch 063 [ 420/721]  loss=0.0868  lr=5.35e-05  ema_tau=0.99883
  Epoch 063 [ 440/721]  loss=0.0926  lr=5.34e-05  ema_tau=0.99883
  Epoch 063 [ 460/721]  loss=0.0932  lr=5.34e-05  ema_tau=0.99883
  Epoch 063 [ 480/721]  loss=0.1313  lr=5.33e-05  ema_tau=0.99883
  Epoch 063 [ 500/721]  loss=0.1154  lr=5.32e-05  ema_tau=0.99883
  Epoch 063 [ 520/721]  loss=0.0960  lr=5.32e-05  ema_tau=0.99884
  Epoch 063 [ 540/721]  loss=0.1031  lr=5.31e-05  ema_tau=0.99884
  Epoch 063 [ 560/721]  loss=0.0960  lr=5.30e-05  ema_tau=0.99884
  Epoch 063 [ 580/721]  loss=0.1159  lr=5.30e-05  ema_tau=0.99884
  Epoch 063 [ 600/721]  loss=0.0978  lr=5.29e-05  ema_tau=0.99884
  Epoch 063 [ 620/721]  loss=0.0813  lr=5.28e-05  ema_tau=0.99884
  Epoch 063 [ 640/721]  loss=0.0961  lr=5.28e-05  ema_tau=0.99885
  Epoch 063 [ 660/721]  loss=0.1236  lr=5.27e-05  ema_tau=0.99885
  Epoch 063 [ 680/721]  loss=0.1137  lr=5.26e-05  ema_tau=0.99885
  Epoch 063 [ 700/721]  loss=0.1034  lr=5.26e-05  ema_tau=0.99885
  Epoch 063 [ 720/721]  loss=0.1128  lr=5.25e-05  ema_tau=0.99885

Epoch 063 done | avg_loss=0.1031 | time=293.6s
  Val loss: 0.0806
  Checkpoint saved → /scratch/va2661/data/active_matter/checkpoints/jepa/latest.pt

  Epoch 064 [   0/721]  loss=0.1019  lr=5.25e-05  ema_tau=0.99885
  Epoch 064 [  20/721]  loss=0.1013  lr=5.24e-05  ema_tau=0.99885
  Epoch 064 [  40/721]  loss=0.1116  lr=5.23e-05  ema_tau=0.99885
  Epoch 064 [  60/721]  loss=0.1142  lr=5.23e-05  ema_tau=0.99886
  Epoch 064 [  80/721]  loss=0.1035  lr=5.22e-05  ema_tau=0.99886
  Epoch 064 [ 100/721]  loss=0.1108  lr=5.21e-05  ema_tau=0.99886
  Epoch 064 [ 120/721]  loss=0.1115  lr=5.21e-05  ema_tau=0.99886
  Epoch 064 [ 140/721]  loss=0.1019  lr=5.20e-05  ema_tau=0.99886
  Epoch 064 [ 160/721]  loss=0.0945  lr=5.19e-05  ema_tau=0.99886
  Epoch 064 [ 180/721]  loss=0.0881  lr=5.19e-05  ema_tau=0.99887
  Epoch 064 [ 200/721]  loss=0.1051  lr=5.18e-05  ema_tau=0.99887
  Epoch 064 [ 220/721]  loss=0.1039  lr=5.17e-05  ema_tau=0.99887
  Epoch 064 [ 240/721]  loss=0.1222  lr=5.17e-05  ema_tau=0.99887
  Epoch 064 [ 260/721]  loss=0.1052  lr=5.16e-05  ema_tau=0.99887
  Epoch 064 [ 280/721]  loss=0.1238  lr=5.15e-05  ema_tau=0.99887
  Epoch 064 [ 300/721]  loss=0.1212  lr=5.15e-05  ema_tau=0.99888
  Epoch 064 [ 320/721]  loss=0.0937  lr=5.14e-05  ema_tau=0.99888
  Epoch 064 [ 340/721]  loss=0.0966  lr=5.13e-05  ema_tau=0.99888
  Epoch 064 [ 360/721]  loss=0.0982  lr=5.12e-05  ema_tau=0.99888
  Epoch 064 [ 380/721]  loss=0.0965  lr=5.12e-05  ema_tau=0.99888
  Epoch 064 [ 400/721]  loss=0.0807  lr=5.11e-05  ema_tau=0.99888
  Epoch 064 [ 420/721]  loss=0.1048  lr=5.10e-05  ema_tau=0.99888
  Epoch 064 [ 440/721]  loss=0.1115  lr=5.10e-05  ema_tau=0.99889
  Epoch 064 [ 460/721]  loss=0.1045  lr=5.09e-05  ema_tau=0.99889
  Epoch 064 [ 480/721]  loss=0.0974  lr=5.08e-05  ema_tau=0.99889
  Epoch 064 [ 500/721]  loss=0.1070  lr=5.08e-05  ema_tau=0.99889
  Epoch 064 [ 520/721]  loss=0.1043  lr=5.07e-05  ema_tau=0.99889
  Epoch 064 [ 540/721]  loss=0.0916  lr=5.06e-05  ema_tau=0.99889
  Epoch 064 [ 560/721]  loss=0.1132  lr=5.06e-05  ema_tau=0.99890
  Epoch 064 [ 580/721]  loss=0.0930  lr=5.05e-05  ema_tau=0.99890
  Epoch 064 [ 600/721]  loss=0.1090  lr=5.04e-05  ema_tau=0.99890
  Epoch 064 [ 620/721]  loss=0.1010  lr=5.04e-05  ema_tau=0.99890
  Epoch 064 [ 640/721]  loss=0.0904  lr=5.03e-05  ema_tau=0.99890
  Epoch 064 [ 660/721]  loss=0.0937  lr=5.02e-05  ema_tau=0.99890
  Epoch 064 [ 680/721]  loss=0.0950  lr=5.02e-05  ema_tau=0.99890
  Epoch 064 [ 700/721]  loss=0.0895  lr=5.01e-05  ema_tau=0.99891
  Epoch 064 [ 720/721]  loss=0.0997  lr=5.00e-05  ema_tau=0.99891

Epoch 064 done | avg_loss=0.1025 | time=292.4s
  Val loss: 0.0812
  Checkpoint saved → /scratch/va2661/data/active_matter/checkpoints/jepa/latest.pt

  Epoch 065 [   0/721]  loss=0.0973  lr=5.00e-05  ema_tau=0.99891
  Epoch 065 [  20/721]  loss=0.0930  lr=5.00e-05  ema_tau=0.99891
  Epoch 065 [  40/721]  loss=0.0966  lr=4.99e-05  ema_tau=0.99891
  Epoch 065 [  60/721]  loss=0.0974  lr=4.98e-05  ema_tau=0.99891
  Epoch 065 [  80/721]  loss=0.0930  lr=4.97e-05  ema_tau=0.99891
  Epoch 065 [ 100/721]  loss=0.1057  lr=4.97e-05  ema_tau=0.99892
  Epoch 065 [ 120/721]  loss=0.0994  lr=4.96e-05  ema_tau=0.99892
  Epoch 065 [ 140/721]  loss=0.0912  lr=4.95e-05  ema_tau=0.99892
  Epoch 065 [ 160/721]  loss=0.1124  lr=4.95e-05  ema_tau=0.99892
  Epoch 065 [ 180/721]  loss=0.0975  lr=4.94e-05  ema_tau=0.99892
  Epoch 065 [ 200/721]  loss=0.0960  lr=4.93e-05  ema_tau=0.99892
  Epoch 065 [ 220/721]  loss=0.1140  lr=4.93e-05  ema_tau=0.99893
  Epoch 065 [ 240/721]  loss=0.0843  lr=4.92e-05  ema_tau=0.99893
  Epoch 065 [ 260/721]  loss=0.0991  lr=4.91e-05  ema_tau=0.99893
  Epoch 065 [ 280/721]  loss=0.1043  lr=4.91e-05  ema_tau=0.99893
  Epoch 065 [ 300/721]  loss=0.0961  lr=4.90e-05  ema_tau=0.99893
  Epoch 065 [ 320/721]  loss=0.1092  lr=4.89e-05  ema_tau=0.99893
  Epoch 065 [ 340/721]  loss=0.0967  lr=4.89e-05  ema_tau=0.99893
  Epoch 065 [ 360/721]  loss=0.1164  lr=4.88e-05  ema_tau=0.99894
  Epoch 065 [ 380/721]  loss=0.0987  lr=4.87e-05  ema_tau=0.99894
  Epoch 065 [ 400/721]  loss=0.1056  lr=4.87e-05  ema_tau=0.99894
  Epoch 065 [ 420/721]  loss=0.0873  lr=4.86e-05  ema_tau=0.99894
  Epoch 065 [ 440/721]  loss=0.0953  lr=4.85e-05  ema_tau=0.99894
  Epoch 065 [ 460/721]  loss=0.0957  lr=4.85e-05  ema_tau=0.99894
  Epoch 065 [ 480/721]  loss=0.0962  lr=4.84e-05  ema_tau=0.99895
  Epoch 065 [ 500/721]  loss=0.0930  lr=4.83e-05  ema_tau=0.99895
  Epoch 065 [ 520/721]  loss=0.1074  lr=4.83e-05  ema_tau=0.99895
  Epoch 065 [ 540/721]  loss=0.1010  lr=4.82e-05  ema_tau=0.99895
  Epoch 065 [ 560/721]  loss=0.1026  lr=4.81e-05  ema_tau=0.99895
  Epoch 065 [ 580/721]  loss=0.1171  lr=4.81e-05  ema_tau=0.99895
  Epoch 065 [ 600/721]  loss=0.1067  lr=4.80e-05  ema_tau=0.99895
  Epoch 065 [ 620/721]  loss=0.1087  lr=4.79e-05  ema_tau=0.99896
  Epoch 065 [ 640/721]  loss=0.0985  lr=4.79e-05  ema_tau=0.99896
  Epoch 065 [ 660/721]  loss=0.1047  lr=4.78e-05  ema_tau=0.99896
  Epoch 065 [ 680/721]  loss=0.1001  lr=4.77e-05  ema_tau=0.99896
  Epoch 065 [ 700/721]  loss=0.0974  lr=4.77e-05  ema_tau=0.99896
  Epoch 065 [ 720/721]  loss=0.0882  lr=4.76e-05  ema_tau=0.99896

Epoch 065 done | avg_loss=0.1019 | time=292.1s
  Collapse check — embed_std=0.0429  mean_cos_sim=0.2468
  Val loss: 0.0798
  Checkpoint saved → /scratch/va2661/data/active_matter/checkpoints/jepa/latest.pt

  Epoch 066 [   0/721]  loss=0.0847  lr=4.76e-05  ema_tau=0.99896
  Epoch 066 [  20/721]  loss=0.1048  lr=4.75e-05  ema_tau=0.99897
  Epoch 066 [  40/721]  loss=0.1010  lr=4.75e-05  ema_tau=0.99897
  Epoch 066 [  60/721]  loss=0.1025  lr=4.74e-05  ema_tau=0.99897
  Epoch 066 [  80/721]  loss=0.1016  lr=4.73e-05  ema_tau=0.99897
  Epoch 066 [ 100/721]  loss=0.1074  lr=4.73e-05  ema_tau=0.99897
  Epoch 066 [ 120/721]  loss=0.0948  lr=4.72e-05  ema_tau=0.99897
  Epoch 066 [ 140/721]  loss=0.1134  lr=4.71e-05  ema_tau=0.99897
  Epoch 066 [ 160/721]  loss=0.1024  lr=4.71e-05  ema_tau=0.99898
  Epoch 066 [ 180/721]  loss=0.1021  lr=4.70e-05  ema_tau=0.99898
  Epoch 066 [ 200/721]  loss=0.0884  lr=4.69e-05  ema_tau=0.99898
  Epoch 066 [ 220/721]  loss=0.0867  lr=4.69e-05  ema_tau=0.99898
  Epoch 066 [ 240/721]  loss=0.1074  lr=4.68e-05  ema_tau=0.99898
  Epoch 066 [ 260/721]  loss=0.0898  lr=4.67e-05  ema_tau=0.99898
  Epoch 066 [ 280/721]  loss=0.1110  lr=4.67e-05  ema_tau=0.99898
  Epoch 066 [ 300/721]  loss=0.0823  lr=4.66e-05  ema_tau=0.99899
  Epoch 066 [ 320/721]  loss=0.0872  lr=4.65e-05  ema_tau=0.99899
  Epoch 066 [ 340/721]  loss=0.0835  lr=4.65e-05  ema_tau=0.99899
  Epoch 066 [ 360/721]  loss=0.0949  lr=4.64e-05  ema_tau=0.99899
  Epoch 066 [ 380/721]  loss=0.1155  lr=4.63e-05  ema_tau=0.99899
  Epoch 066 [ 400/721]  loss=0.1088  lr=4.63e-05  ema_tau=0.99899
  Epoch 066 [ 420/721]  loss=0.0964  lr=4.62e-05  ema_tau=0.99900
  Epoch 066 [ 440/721]  loss=0.0986  lr=4.61e-05  ema_tau=0.99900
  Epoch 066 [ 460/721]  loss=0.1073  lr=4.61e-05  ema_tau=0.99900
  Epoch 066 [ 480/721]  loss=0.0982  lr=4.60e-05  ema_tau=0.99900
  Epoch 066 [ 500/721]  loss=0.0844  lr=4.59e-05  ema_tau=0.99900
  Epoch 066 [ 520/721]  loss=0.0981  lr=4.59e-05  ema_tau=0.99900
  Epoch 066 [ 540/721]  loss=0.1005  lr=4.58e-05  ema_tau=0.99900
  Epoch 066 [ 560/721]  loss=0.1053  lr=4.57e-05  ema_tau=0.99901
  Epoch 066 [ 580/721]  loss=0.0855  lr=4.57e-05  ema_tau=0.99901
  Epoch 066 [ 600/721]  loss=0.1087  lr=4.56e-05  ema_tau=0.99901
  Epoch 066 [ 620/721]  loss=0.1123  lr=4.55e-05  ema_tau=0.99901
  Epoch 066 [ 640/721]  loss=0.1079  lr=4.55e-05  ema_tau=0.99901
  Epoch 066 [ 660/721]  loss=0.1118  lr=4.54e-05  ema_tau=0.99901
  Epoch 066 [ 680/721]  loss=0.1175  lr=4.53e-05  ema_tau=0.99902
  Epoch 066 [ 700/721]  loss=0.1035  lr=4.53e-05  ema_tau=0.99902
  Epoch 066 [ 720/721]  loss=0.1126  lr=4.52e-05  ema_tau=0.99902

Epoch 066 done | avg_loss=0.1018 | time=291.6s
  Val loss: 0.0792
  Checkpoint saved → /scratch/va2661/data/active_matter/checkpoints/jepa/latest.pt

  Epoch 067 [   0/721]  loss=0.0973  lr=4.52e-05  ema_tau=0.99902
  Epoch 067 [  20/721]  loss=0.0999  lr=4.51e-05  ema_tau=0.99902
  Epoch 067 [  40/721]  loss=0.1047  lr=4.51e-05  ema_tau=0.99902
  Epoch 067 [  60/721]  loss=0.1078  lr=4.50e-05  ema_tau=0.99902
  Epoch 067 [  80/721]  loss=0.1124  lr=4.49e-05  ema_tau=0.99902
  Epoch 067 [ 100/721]  loss=0.1047  lr=4.49e-05  ema_tau=0.99903
  Epoch 067 [ 120/721]  loss=0.1135  lr=4.48e-05  ema_tau=0.99903
  Epoch 067 [ 140/721]  loss=0.1080  lr=4.47e-05  ema_tau=0.99903
  Epoch 067 [ 160/721]  loss=0.0927  lr=4.47e-05  ema_tau=0.99903
  Epoch 067 [ 180/721]  loss=0.1289  lr=4.46e-05  ema_tau=0.99903
  Epoch 067 [ 200/721]  loss=0.0879  lr=4.45e-05  ema_tau=0.99903
  Epoch 067 [ 220/721]  loss=0.0835  lr=4.45e-05  ema_tau=0.99903
  Epoch 067 [ 240/721]  loss=0.1002  lr=4.44e-05  ema_tau=0.99904
  Epoch 067 [ 260/721]  loss=0.0978  lr=4.43e-05  ema_tau=0.99904
  Epoch 067 [ 280/721]  loss=0.0866  lr=4.43e-05  ema_tau=0.99904
  Epoch 067 [ 300/721]  loss=0.1092  lr=4.42e-05  ema_tau=0.99904
  Epoch 067 [ 320/721]  loss=0.1030  lr=4.41e-05  ema_tau=0.99904
  Epoch 067 [ 340/721]  loss=0.0963  lr=4.41e-05  ema_tau=0.99904
  Epoch 067 [ 360/721]  loss=0.1067  lr=4.40e-05  ema_tau=0.99904
  Epoch 067 [ 380/721]  loss=0.0960  lr=4.40e-05  ema_tau=0.99905
  Epoch 067 [ 400/721]  loss=0.1080  lr=4.39e-05  ema_tau=0.99905
  Epoch 067 [ 420/721]  loss=0.0919  lr=4.38e-05  ema_tau=0.99905
  Epoch 067 [ 440/721]  loss=0.1013  lr=4.38e-05  ema_tau=0.99905
  Epoch 067 [ 460/721]  loss=0.0956  lr=4.37e-05  ema_tau=0.99905
  Epoch 067 [ 480/721]  loss=0.0948  lr=4.36e-05  ema_tau=0.99905
  Epoch 067 [ 500/721]  loss=0.1082  lr=4.36e-05  ema_tau=0.99906
  Epoch 067 [ 520/721]  loss=0.1067  lr=4.35e-05  ema_tau=0.99906
  Epoch 067 [ 540/721]  loss=0.0867  lr=4.34e-05  ema_tau=0.99906
  Epoch 067 [ 560/721]  loss=0.0908  lr=4.34e-05  ema_tau=0.99906
  Epoch 067 [ 580/721]  loss=0.0983  lr=4.33e-05  ema_tau=0.99906
  Epoch 067 [ 600/721]  loss=0.0919  lr=4.32e-05  ema_tau=0.99906
  Epoch 067 [ 620/721]  loss=0.1031  lr=4.32e-05  ema_tau=0.99906
  Epoch 067 [ 640/721]  loss=0.1021  lr=4.31e-05  ema_tau=0.99907
  Epoch 067 [ 660/721]  loss=0.0956  lr=4.30e-05  ema_tau=0.99907
  Epoch 067 [ 680/721]  loss=0.1045  lr=4.30e-05  ema_tau=0.99907
  Epoch 067 [ 700/721]  loss=0.1037  lr=4.29e-05  ema_tau=0.99907
  Epoch 067 [ 720/721]  loss=0.0868  lr=4.28e-05  ema_tau=0.99907

Epoch 067 done | avg_loss=0.1007 | time=292.6s
  Val loss: 0.0778
  Checkpoint saved → /scratch/va2661/data/active_matter/checkpoints/jepa/latest.pt

  Epoch 068 [   0/721]  loss=0.1173  lr=4.28e-05  ema_tau=0.99907
  Epoch 068 [  20/721]  loss=0.0898  lr=4.28e-05  ema_tau=0.99907
  Epoch 068 [  40/721]  loss=0.1033  lr=4.27e-05  ema_tau=0.99907
  Epoch 068 [  60/721]  loss=0.1015  lr=4.26e-05  ema_tau=0.99908
  Epoch 068 [  80/721]  loss=0.0918  lr=4.26e-05  ema_tau=0.99908
  Epoch 068 [ 100/721]  loss=0.1032  lr=4.25e-05  ema_tau=0.99908
  Epoch 068 [ 120/721]  loss=0.0933  lr=4.25e-05  ema_tau=0.99908
  Epoch 068 [ 140/721]  loss=0.1026  lr=4.24e-05  ema_tau=0.99908
  Epoch 068 [ 160/721]  loss=0.1022  lr=4.23e-05  ema_tau=0.99908
  Epoch 068 [ 180/721]  loss=0.0976  lr=4.23e-05  ema_tau=0.99908
  Epoch 068 [ 200/721]  loss=0.0914  lr=4.22e-05  ema_tau=0.99909
  Epoch 068 [ 220/721]  loss=0.0905  lr=4.21e-05  ema_tau=0.99909
  Epoch 068 [ 240/721]  loss=0.0799  lr=4.21e-05  ema_tau=0.99909
  Epoch 068 [ 260/721]  loss=0.1048  lr=4.20e-05  ema_tau=0.99909
  Epoch 068 [ 280/721]  loss=0.1044  lr=4.19e-05  ema_tau=0.99909
  Epoch 068 [ 300/721]  loss=0.0963  lr=4.19e-05  ema_tau=0.99909
  Epoch 068 [ 320/721]  loss=0.0830  lr=4.18e-05  ema_tau=0.99910
  Epoch 068 [ 340/721]  loss=0.0877  lr=4.17e-05  ema_tau=0.99910
  Epoch 068 [ 360/721]  loss=0.0969  lr=4.17e-05  ema_tau=0.99910
  Epoch 068 [ 380/721]  loss=0.1094  lr=4.16e-05  ema_tau=0.99910
  Epoch 068 [ 400/721]  loss=0.0997  lr=4.16e-05  ema_tau=0.99910
  Epoch 068 [ 420/721]  loss=0.1034  lr=4.15e-05  ema_tau=0.99910
  Epoch 068 [ 440/721]  loss=0.0947  lr=4.14e-05  ema_tau=0.99910
  Epoch 068 [ 460/721]  loss=0.1057  lr=4.14e-05  ema_tau=0.99911
  Epoch 068 [ 480/721]  loss=0.1053  lr=4.13e-05  ema_tau=0.99911
  Epoch 068 [ 500/721]  loss=0.1126  lr=4.12e-05  ema_tau=0.99911
  Epoch 068 [ 520/721]  loss=0.1035  lr=4.12e-05  ema_tau=0.99911
  Epoch 068 [ 540/721]  loss=0.1079  lr=4.11e-05  ema_tau=0.99911
  Epoch 068 [ 560/721]  loss=0.1059  lr=4.10e-05  ema_tau=0.99911
  Epoch 068 [ 580/721]  loss=0.0985  lr=4.10e-05  ema_tau=0.99911
  Epoch 068 [ 600/721]  loss=0.0943  lr=4.09e-05  ema_tau=0.99912
  Epoch 068 [ 620/721]  loss=0.1005  lr=4.08e-05  ema_tau=0.99912
  Epoch 068 [ 640/721]  loss=0.1044  lr=4.08e-05  ema_tau=0.99912
  Epoch 068 [ 660/721]  loss=0.0944  lr=4.07e-05  ema_tau=0.99912
  Epoch 068 [ 680/721]  loss=0.1008  lr=4.07e-05  ema_tau=0.99912
  Epoch 068 [ 700/721]  loss=0.1038  lr=4.06e-05  ema_tau=0.99912
  Epoch 068 [ 720/721]  loss=0.1060  lr=4.05e-05  ema_tau=0.99912

Epoch 068 done | avg_loss=0.1004 | time=292.4s
  Val loss: 0.0781
  Checkpoint saved → /scratch/va2661/data/active_matter/checkpoints/jepa/latest.pt

  Epoch 069 [   0/721]  loss=0.1096  lr=4.05e-05  ema_tau=0.99912
  Epoch 069 [  20/721]  loss=0.1107  lr=4.05e-05  ema_tau=0.99913
  Epoch 069 [  40/721]  loss=0.0967  lr=4.04e-05  ema_tau=0.99913
  Epoch 069 [  60/721]  loss=0.1013  lr=4.03e-05  ema_tau=0.99913
  Epoch 069 [  80/721]  loss=0.1086  lr=4.03e-05  ema_tau=0.99913
  Epoch 069 [ 100/721]  loss=0.1037  lr=4.02e-05  ema_tau=0.99913
  Epoch 069 [ 120/721]  loss=0.0955  lr=4.01e-05  ema_tau=0.99913
  Epoch 069 [ 140/721]  loss=0.0896  lr=4.01e-05  ema_tau=0.99913
  Epoch 069 [ 160/721]  loss=0.1043  lr=4.00e-05  ema_tau=0.99914
  Epoch 069 [ 180/721]  loss=0.1067  lr=4.00e-05  ema_tau=0.99914
  Epoch 069 [ 200/721]  loss=0.1029  lr=3.99e-05  ema_tau=0.99914
  Epoch 069 [ 220/721]  loss=0.1059  lr=3.98e-05  ema_tau=0.99914
  Epoch 069 [ 240/721]  loss=0.1076  lr=3.98e-05  ema_tau=0.99914
  Epoch 069 [ 260/721]  loss=0.0997  lr=3.97e-05  ema_tau=0.99914
  Epoch 069 [ 280/721]  loss=0.1006  lr=3.96e-05  ema_tau=0.99914
  Epoch 069 [ 300/721]  loss=0.1121  lr=3.96e-05  ema_tau=0.99915
  Epoch 069 [ 320/721]  loss=0.1013  lr=3.95e-05  ema_tau=0.99915
  Epoch 069 [ 340/721]  loss=0.1054  lr=3.94e-05  ema_tau=0.99915
  Epoch 069 [ 360/721]  loss=0.0970  lr=3.94e-05  ema_tau=0.99915
  Epoch 069 [ 380/721]  loss=0.1055  lr=3.93e-05  ema_tau=0.99915
  Epoch 069 [ 400/721]  loss=0.0835  lr=3.93e-05  ema_tau=0.99915
  Epoch 069 [ 420/721]  loss=0.1023  lr=3.92e-05  ema_tau=0.99915
  Epoch 069 [ 440/721]  loss=0.1152  lr=3.91e-05  ema_tau=0.99916
  Epoch 069 [ 460/721]  loss=0.1018  lr=3.91e-05  ema_tau=0.99916
  Epoch 069 [ 480/721]  loss=0.1006  lr=3.90e-05  ema_tau=0.99916
  Epoch 069 [ 500/721]  loss=0.0823  lr=3.89e-05  ema_tau=0.99916
  Epoch 069 [ 520/721]  loss=0.0973  lr=3.89e-05  ema_tau=0.99916
  Epoch 069 [ 540/721]  loss=0.1020  lr=3.88e-05  ema_tau=0.99916
  Epoch 069 [ 560/721]  loss=0.1196  lr=3.88e-05  ema_tau=0.99916
  Epoch 069 [ 580/721]  loss=0.0965  lr=3.87e-05  ema_tau=0.99917
  Epoch 069 [ 600/721]  loss=0.0987  lr=3.86e-05  ema_tau=0.99917
  Epoch 069 [ 620/721]  loss=0.1056  lr=3.86e-05  ema_tau=0.99917
  Epoch 069 [ 640/721]  loss=0.1044  lr=3.85e-05  ema_tau=0.99917
  Epoch 069 [ 660/721]  loss=0.0978  lr=3.84e-05  ema_tau=0.99917
  Epoch 069 [ 680/721]  loss=0.0992  lr=3.84e-05  ema_tau=0.99917
  Epoch 069 [ 700/721]  loss=0.1080  lr=3.83e-05  ema_tau=0.99917
  Epoch 069 [ 720/721]  loss=0.0990  lr=3.83e-05  ema_tau=0.99918

Epoch 069 done | avg_loss=0.1000 | time=291.6s
  Val loss: 0.0781
  Checkpoint saved → /scratch/va2661/data/active_matter/checkpoints/jepa/latest.pt

  Epoch 070 [   0/721]  loss=0.1175  lr=3.83e-05  ema_tau=0.99918
  Epoch 070 [  20/721]  loss=0.0775  lr=3.82e-05  ema_tau=0.99918
  Epoch 070 [  40/721]  loss=0.0796  lr=3.81e-05  ema_tau=0.99918
  Epoch 070 [  60/721]  loss=0.0840  lr=3.81e-05  ema_tau=0.99918
  Epoch 070 [  80/721]  loss=0.0957  lr=3.80e-05  ema_tau=0.99918
  Epoch 070 [ 100/721]  loss=0.0937  lr=3.79e-05  ema_tau=0.99918
  Epoch 070 [ 120/721]  loss=0.1109  lr=3.79e-05  ema_tau=0.99918
  Epoch 070 [ 140/721]  loss=0.0930  lr=3.78e-05  ema_tau=0.99919
  Epoch 070 [ 160/721]  loss=0.0938  lr=3.78e-05  ema_tau=0.99919
  Epoch 070 [ 180/721]  loss=0.0925  lr=3.77e-05  ema_tau=0.99919
  Epoch 070 [ 200/721]  loss=0.1054  lr=3.76e-05  ema_tau=0.99919
  Epoch 070 [ 220/721]  loss=0.0860  lr=3.76e-05  ema_tau=0.99919
  Epoch 070 [ 240/721]  loss=0.0772  lr=3.75e-05  ema_tau=0.99919
  Epoch 070 [ 260/721]  loss=0.1118  lr=3.74e-05  ema_tau=0.99919
  Epoch 070 [ 280/721]  loss=0.0957  lr=3.74e-05  ema_tau=0.99920
  Epoch 070 [ 300/721]  loss=0.0919  lr=3.73e-05  ema_tau=0.99920
  Epoch 070 [ 320/721]  loss=0.1124  lr=3.73e-05  ema_tau=0.99920
  Epoch 070 [ 340/721]  loss=0.1014  lr=3.72e-05  ema_tau=0.99920
  Epoch 070 [ 360/721]  loss=0.1054  lr=3.71e-05  ema_tau=0.99920
  Epoch 070 [ 380/721]  loss=0.0942  lr=3.71e-05  ema_tau=0.99920
  Epoch 070 [ 400/721]  loss=0.0938  lr=3.70e-05  ema_tau=0.99920
  Epoch 070 [ 420/721]  loss=0.0996  lr=3.69e-05  ema_tau=0.99920
  Epoch 070 [ 440/721]  loss=0.0979  lr=3.69e-05  ema_tau=0.99921
  Epoch 070 [ 460/721]  loss=0.0916  lr=3.68e-05  ema_tau=0.99921
  Epoch 070 [ 480/721]  loss=0.1080  lr=3.68e-05  ema_tau=0.99921
  Epoch 070 [ 500/721]  loss=0.1022  lr=3.67e-05  ema_tau=0.99921
  Epoch 070 [ 520/721]  loss=0.1030  lr=3.66e-05  ema_tau=0.99921
  Epoch 070 [ 540/721]  loss=0.1069  lr=3.66e-05  ema_tau=0.99921
  Epoch 070 [ 560/721]  loss=0.0766  lr=3.65e-05  ema_tau=0.99921
  Epoch 070 [ 580/721]  loss=0.1016  lr=3.65e-05  ema_tau=0.99922
  Epoch 070 [ 600/721]  loss=0.0887  lr=3.64e-05  ema_tau=0.99922
  Epoch 070 [ 620/721]  loss=0.1021  lr=3.63e-05  ema_tau=0.99922
  Epoch 070 [ 640/721]  loss=0.0955  lr=3.63e-05  ema_tau=0.99922
  Epoch 070 [ 660/721]  loss=0.1039  lr=3.62e-05  ema_tau=0.99922
  Epoch 070 [ 680/721]  loss=0.0912  lr=3.61e-05  ema_tau=0.99922
  Epoch 070 [ 700/721]  loss=0.0954  lr=3.61e-05  ema_tau=0.99922
  Epoch 070 [ 720/721]  loss=0.1215  lr=3.60e-05  ema_tau=0.99923

Epoch 070 done | avg_loss=0.0995 | time=293.0s
  Collapse check — embed_std=0.0421  mean_cos_sim=0.2712
  Val loss: 0.0766
  Checkpoint saved → /scratch/va2661/data/active_matter/checkpoints/jepa/latest.pt
  Checkpoint saved → /scratch/va2661/data/active_matter/checkpoints/jepa/epoch_0070.pt
  Checkpoint saved → /scratch/va2661/data/active_matter/checkpoints/jepa/best.pt

  Epoch 071 [   0/721]  loss=0.1073  lr=3.60e-05  ema_tau=0.99923
  Epoch 071 [  20/721]  loss=0.0802  lr=3.60e-05  ema_tau=0.99923
  Epoch 071 [  40/721]  loss=0.0997  lr=3.59e-05  ema_tau=0.99923
  Epoch 071 [  60/721]  loss=0.0876  lr=3.58e-05  ema_tau=0.99923
  Epoch 071 [  80/721]  loss=0.0966  lr=3.58e-05  ema_tau=0.99923
  Epoch 071 [ 100/721]  loss=0.1127  lr=3.57e-05  ema_tau=0.99923
  Epoch 071 [ 120/721]  loss=0.1144  lr=3.57e-05  ema_tau=0.99923
  Epoch 071 [ 140/721]  loss=0.1168  lr=3.56e-05  ema_tau=0.99924
  Epoch 071 [ 160/721]  loss=0.0911  lr=3.55e-05  ema_tau=0.99924
  Epoch 071 [ 180/721]  loss=0.0824  lr=3.55e-05  ema_tau=0.99924
  Epoch 071 [ 200/721]  loss=0.1014  lr=3.54e-05  ema_tau=0.99924
  Epoch 071 [ 220/721]  loss=0.0872  lr=3.54e-05  ema_tau=0.99924
  Epoch 071 [ 240/721]  loss=0.0963  lr=3.53e-05  ema_tau=0.99924
  Epoch 071 [ 260/721]  loss=0.0970  lr=3.52e-05  ema_tau=0.99924
  Epoch 071 [ 280/721]  loss=0.0943  lr=3.52e-05  ema_tau=0.99925
  Epoch 071 [ 300/721]  loss=0.0742  lr=3.51e-05  ema_tau=0.99925
  Epoch 071 [ 320/721]  loss=0.0864  lr=3.50e-05  ema_tau=0.99925
  Epoch 071 [ 340/721]  loss=0.1141  lr=3.50e-05  ema_tau=0.99925
  Epoch 071 [ 360/721]  loss=0.0931  lr=3.49e-05  ema_tau=0.99925
  Epoch 071 [ 380/721]  loss=0.0941  lr=3.49e-05  ema_tau=0.99925
  Epoch 071 [ 400/721]  loss=0.1076  lr=3.48e-05  ema_tau=0.99925
  Epoch 071 [ 420/721]  loss=0.1277  lr=3.47e-05  ema_tau=0.99925
  Epoch 071 [ 440/721]  loss=0.0953  lr=3.47e-05  ema_tau=0.99926
  Epoch 071 [ 460/721]  loss=0.1020  lr=3.46e-05  ema_tau=0.99926
  Epoch 071 [ 480/721]  loss=0.0995  lr=3.46e-05  ema_tau=0.99926
  Epoch 071 [ 500/721]  loss=0.1003  lr=3.45e-05  ema_tau=0.99926
  Epoch 071 [ 520/721]  loss=0.1015  lr=3.44e-05  ema_tau=0.99926
  Epoch 071 [ 540/721]  loss=0.0864  lr=3.44e-05  ema_tau=0.99926
  Epoch 071 [ 560/721]  loss=0.0837  lr=3.43e-05  ema_tau=0.99926
  Epoch 071 [ 580/721]  loss=0.0924  lr=3.43e-05  ema_tau=0.99927
  Epoch 071 [ 600/721]  loss=0.0966  lr=3.42e-05  ema_tau=0.99927
  Epoch 071 [ 620/721]  loss=0.0939  lr=3.41e-05  ema_tau=0.99927
  Epoch 071 [ 640/721]  loss=0.0943  lr=3.41e-05  ema_tau=0.99927
  Epoch 071 [ 660/721]  loss=0.1065  lr=3.40e-05  ema_tau=0.99927
  Epoch 071 [ 680/721]  loss=0.1062  lr=3.40e-05  ema_tau=0.99927
  Epoch 071 [ 700/721]  loss=0.0996  lr=3.39e-05  ema_tau=0.99927
  Epoch 071 [ 720/721]  loss=0.1092  lr=3.38e-05  ema_tau=0.99927

Epoch 071 done | avg_loss=0.0992 | time=291.1s
  Val loss: 0.0762
  Checkpoint saved → /scratch/va2661/data/active_matter/checkpoints/jepa/latest.pt
  Checkpoint saved → /scratch/va2661/data/active_matter/checkpoints/jepa/best.pt

  Epoch 072 [   0/721]  loss=0.0916  lr=3.38e-05  ema_tau=0.99927
  Epoch 072 [  20/721]  loss=0.0948  lr=3.38e-05  ema_tau=0.99928
  Epoch 072 [  40/721]  loss=0.1038  lr=3.37e-05  ema_tau=0.99928
  Epoch 072 [  60/721]  loss=0.1007  lr=3.37e-05  ema_tau=0.99928
  Epoch 072 [  80/721]  loss=0.0926  lr=3.36e-05  ema_tau=0.99928
  Epoch 072 [ 100/721]  loss=0.1082  lr=3.35e-05  ema_tau=0.99928
  Epoch 072 [ 120/721]  loss=0.0896  lr=3.35e-05  ema_tau=0.99928
  Epoch 072 [ 140/721]  loss=0.1099  lr=3.34e-05  ema_tau=0.99928
  Epoch 072 [ 160/721]  loss=0.1085  lr=3.34e-05  ema_tau=0.99929
  Epoch 072 [ 180/721]  loss=0.1044  lr=3.33e-05  ema_tau=0.99929
  Epoch 072 [ 200/721]  loss=0.1013  lr=3.32e-05  ema_tau=0.99929
  Epoch 072 [ 220/721]  loss=0.1042  lr=3.32e-05  ema_tau=0.99929
  Epoch 072 [ 240/721]  loss=0.0970  lr=3.31e-05  ema_tau=0.99929
  Epoch 072 [ 260/721]  loss=0.0981  lr=3.31e-05  ema_tau=0.99929
  Epoch 072 [ 280/721]  loss=0.1033  lr=3.30e-05  ema_tau=0.99929
  Epoch 072 [ 300/721]  loss=0.1010  lr=3.29e-05  ema_tau=0.99929
  Epoch 072 [ 320/721]  loss=0.0894  lr=3.29e-05  ema_tau=0.99930
  Epoch 072 [ 340/721]  loss=0.1083  lr=3.28e-05  ema_tau=0.99930
  Epoch 072 [ 360/721]  loss=0.1008  lr=3.28e-05  ema_tau=0.99930
  Epoch 072 [ 380/721]  loss=0.0975  lr=3.27e-05  ema_tau=0.99930
  Epoch 072 [ 400/721]  loss=0.1029  lr=3.27e-05  ema_tau=0.99930
  Epoch 072 [ 420/721]  loss=0.1079  lr=3.26e-05  ema_tau=0.99930
  Epoch 072 [ 440/721]  loss=0.0829  lr=3.25e-05  ema_tau=0.99930
  Epoch 072 [ 460/721]  loss=0.0958  lr=3.25e-05  ema_tau=0.99931
  Epoch 072 [ 480/721]  loss=0.0961  lr=3.24e-05  ema_tau=0.99931
  Epoch 072 [ 500/721]  loss=0.1006  lr=3.24e-05  ema_tau=0.99931
  Epoch 072 [ 520/721]  loss=0.1006  lr=3.23e-05  ema_tau=0.99931
  Epoch 072 [ 540/721]  loss=0.0910  lr=3.22e-05  ema_tau=0.99931
  Epoch 072 [ 560/721]  loss=0.0925  lr=3.22e-05  ema_tau=0.99931
  Epoch 072 [ 580/721]  loss=0.1025  lr=3.21e-05  ema_tau=0.99931
  Epoch 072 [ 600/721]  loss=0.0861  lr=3.21e-05  ema_tau=0.99931
  Epoch 072 [ 620/721]  loss=0.0918  lr=3.20e-05  ema_tau=0.99932
  Epoch 072 [ 640/721]  loss=0.0980  lr=3.19e-05  ema_tau=0.99932
  Epoch 072 [ 660/721]  loss=0.0883  lr=3.19e-05  ema_tau=0.99932
  Epoch 072 [ 680/721]  loss=0.0955  lr=3.18e-05  ema_tau=0.99932
  Epoch 072 [ 700/721]  loss=0.1097  lr=3.18e-05  ema_tau=0.99932
  Epoch 072 [ 720/721]  loss=0.0889  lr=3.17e-05  ema_tau=0.99932

Epoch 072 done | avg_loss=0.0985 | time=322.6s
  Val loss: 0.0761
  Checkpoint saved → /scratch/va2661/data/active_matter/checkpoints/jepa/latest.pt
  Checkpoint saved → /scratch/va2661/data/active_matter/checkpoints/jepa/best.pt

  Epoch 073 [   0/721]  loss=0.0875  lr=3.17e-05  ema_tau=0.99932
  Epoch 073 [  20/721]  loss=0.1015  lr=3.17e-05  ema_tau=0.99932
  Epoch 073 [  40/721]  loss=0.0981  lr=3.16e-05  ema_tau=0.99933
  Epoch 073 [  60/721]  loss=0.1071  lr=3.15e-05  ema_tau=0.99933
  Epoch 073 [  80/721]  loss=0.0944  lr=3.15e-05  ema_tau=0.99933
  Epoch 073 [ 100/721]  loss=0.1052  lr=3.14e-05  ema_tau=0.99933
  Epoch 073 [ 120/721]  loss=0.0890  lr=3.14e-05  ema_tau=0.99933
  Epoch 073 [ 140/721]  loss=0.0985  lr=3.13e-05  ema_tau=0.99933
  Epoch 073 [ 160/721]  loss=0.0906  lr=3.12e-05  ema_tau=0.99933
  Epoch 073 [ 180/721]  loss=0.1036  lr=3.12e-05  ema_tau=0.99933
  Epoch 073 [ 200/721]  loss=0.1024  lr=3.11e-05  ema_tau=0.99934
  Epoch 073 [ 220/721]  loss=0.1093  lr=3.11e-05  ema_tau=0.99934
  Epoch 073 [ 240/721]  loss=0.1030  lr=3.10e-05  ema_tau=0.99934
  Epoch 073 [ 260/721]  loss=0.0866  lr=3.10e-05  ema_tau=0.99934
  Epoch 073 [ 280/721]  loss=0.1054  lr=3.09e-05  ema_tau=0.99934
  Epoch 073 [ 300/721]  loss=0.0884  lr=3.08e-05  ema_tau=0.99934
  Epoch 073 [ 320/721]  loss=0.0959  lr=3.08e-05  ema_tau=0.99934
  Epoch 073 [ 340/721]  loss=0.1043  lr=3.07e-05  ema_tau=0.99934
  Epoch 073 [ 360/721]  loss=0.0947  lr=3.07e-05  ema_tau=0.99935
  Epoch 073 [ 380/721]  loss=0.0956  lr=3.06e-05  ema_tau=0.99935
  Epoch 073 [ 400/721]  loss=0.1066  lr=3.06e-05  ema_tau=0.99935
  Epoch 073 [ 420/721]  loss=0.1001  lr=3.05e-05  ema_tau=0.99935
  Epoch 073 [ 440/721]  loss=0.0974  lr=3.04e-05  ema_tau=0.99935
  Epoch 073 [ 460/721]  loss=0.1152  lr=3.04e-05  ema_tau=0.99935
  Epoch 073 [ 480/721]  loss=0.1023  lr=3.03e-05  ema_tau=0.99935
  Epoch 073 [ 500/721]  loss=0.1032  lr=3.03e-05  ema_tau=0.99935
  Epoch 073 [ 520/721]  loss=0.0970  lr=3.02e-05  ema_tau=0.99936
  Epoch 073 [ 540/721]  loss=0.0958  lr=3.01e-05  ema_tau=0.99936
  Epoch 073 [ 560/721]  loss=0.0838  lr=3.01e-05  ema_tau=0.99936
  Epoch 073 [ 580/721]  loss=0.0730  lr=3.00e-05  ema_tau=0.99936
  Epoch 073 [ 600/721]  loss=0.0960  lr=3.00e-05  ema_tau=0.99936
  Epoch 073 [ 620/721]  loss=0.0820  lr=2.99e-05  ema_tau=0.99936
  Epoch 073 [ 640/721]  loss=0.1117  lr=2.99e-05  ema_tau=0.99936
  Epoch 073 [ 660/721]  loss=0.0982  lr=2.98e-05  ema_tau=0.99937
  Epoch 073 [ 680/721]  loss=0.1124  lr=2.97e-05  ema_tau=0.99937
  Epoch 073 [ 700/721]  loss=0.0931  lr=2.97e-05  ema_tau=0.99937
  Epoch 073 [ 720/721]  loss=0.1093  lr=2.96e-05  ema_tau=0.99937

Epoch 073 done | avg_loss=0.0980 | time=293.3s
  Val loss: 0.0753
  Checkpoint saved → /scratch/va2661/data/active_matter/checkpoints/jepa/latest.pt
  Checkpoint saved → /scratch/va2661/data/active_matter/checkpoints/jepa/best.pt

  Epoch 074 [   0/721]  loss=0.0990  lr=2.96e-05  ema_tau=0.99937
  Epoch 074 [  20/721]  loss=0.1090  lr=2.96e-05  ema_tau=0.99937
  Epoch 074 [  40/721]  loss=0.1040  lr=2.95e-05  ema_tau=0.99937
  Epoch 074 [  60/721]  loss=0.0981  lr=2.95e-05  ema_tau=0.99937
  Epoch 074 [  80/721]  loss=0.0915  lr=2.94e-05  ema_tau=0.99937
  Epoch 074 [ 100/721]  loss=0.0953  lr=2.93e-05  ema_tau=0.99938
  Epoch 074 [ 120/721]  loss=0.1135  lr=2.93e-05  ema_tau=0.99938
  Epoch 074 [ 140/721]  loss=0.1060  lr=2.92e-05  ema_tau=0.99938
  Epoch 074 [ 160/721]  loss=0.0951  lr=2.92e-05  ema_tau=0.99938
  Epoch 074 [ 180/721]  loss=0.0997  lr=2.91e-05  ema_tau=0.99938
  Epoch 074 [ 200/721]  loss=0.0831  lr=2.91e-05  ema_tau=0.99938
  Epoch 074 [ 220/721]  loss=0.1061  lr=2.90e-05  ema_tau=0.99938
  Epoch 074 [ 240/721]  loss=0.0989  lr=2.90e-05  ema_tau=0.99938
  Epoch 074 [ 260/721]  loss=0.0953  lr=2.89e-05  ema_tau=0.99939
  Epoch 074 [ 280/721]  loss=0.1072  lr=2.88e-05  ema_tau=0.99939
  Epoch 074 [ 300/721]  loss=0.1116  lr=2.88e-05  ema_tau=0.99939
  Epoch 074 [ 320/721]  loss=0.0851  lr=2.87e-05  ema_tau=0.99939
  Epoch 074 [ 340/721]  loss=0.0879  lr=2.87e-05  ema_tau=0.99939
  Epoch 074 [ 360/721]  loss=0.1093  lr=2.86e-05  ema_tau=0.99939
  Epoch 074 [ 380/721]  loss=0.1015  lr=2.86e-05  ema_tau=0.99939
  Epoch 074 [ 400/721]  loss=0.0878  lr=2.85e-05  ema_tau=0.99939
  Epoch 074 [ 420/721]  loss=0.0951  lr=2.84e-05  ema_tau=0.99940
  Epoch 074 [ 440/721]  loss=0.0969  lr=2.84e-05  ema_tau=0.99940
  Epoch 074 [ 460/721]  loss=0.0868  lr=2.83e-05  ema_tau=0.99940
  Epoch 074 [ 480/721]  loss=0.0950  lr=2.83e-05  ema_tau=0.99940
  Epoch 074 [ 500/721]  loss=0.0870  lr=2.82e-05  ema_tau=0.99940
  Epoch 074 [ 520/721]  loss=0.0963  lr=2.82e-05  ema_tau=0.99940
  Epoch 074 [ 540/721]  loss=0.0918  lr=2.81e-05  ema_tau=0.99940
  Epoch 074 [ 560/721]  loss=0.1086  lr=2.81e-05  ema_tau=0.99940
  Epoch 074 [ 580/721]  loss=0.1035  lr=2.80e-05  ema_tau=0.99941
  Epoch 074 [ 600/721]  loss=0.0956  lr=2.79e-05  ema_tau=0.99941
  Epoch 074 [ 620/721]  loss=0.1079  lr=2.79e-05  ema_tau=0.99941
  Epoch 074 [ 640/721]  loss=0.0921  lr=2.78e-05  ema_tau=0.99941
  Epoch 074 [ 660/721]  loss=0.0954  lr=2.78e-05  ema_tau=0.99941
  Epoch 074 [ 680/721]  loss=0.0941  lr=2.77e-05  ema_tau=0.99941
  Epoch 074 [ 700/721]  loss=0.0991  lr=2.77e-05  ema_tau=0.99941
  Epoch 074 [ 720/721]  loss=0.0963  lr=2.76e-05  ema_tau=0.99941

Epoch 074 done | avg_loss=0.0974 | time=293.9s
  Val loss: 0.0767
  Checkpoint saved → /scratch/va2661/data/active_matter/checkpoints/jepa/latest.pt

  Epoch 075 [   0/721]  loss=0.1033  lr=2.76e-05  ema_tau=0.99941
  Epoch 075 [  20/721]  loss=0.0913  lr=2.76e-05  ema_tau=0.99942
  Epoch 075 [  40/721]  loss=0.0978  lr=2.75e-05  ema_tau=0.99942
  Epoch 075 [  60/721]  loss=0.0892  lr=2.74e-05  ema_tau=0.99942
  Epoch 075 [  80/721]  loss=0.0819  lr=2.74e-05  ema_tau=0.99942
  Epoch 075 [ 100/721]  loss=0.0947  lr=2.73e-05  ema_tau=0.99942
  Epoch 075 [ 120/721]  loss=0.1011  lr=2.73e-05  ema_tau=0.99942
  Epoch 075 [ 140/721]  loss=0.0909  lr=2.72e-05  ema_tau=0.99942
  Epoch 075 [ 160/721]  loss=0.0948  lr=2.72e-05  ema_tau=0.99942
  Epoch 075 [ 180/721]  loss=0.0900  lr=2.71e-05  ema_tau=0.99943
  Epoch 075 [ 200/721]  loss=0.0963  lr=2.71e-05  ema_tau=0.99943
  Epoch 075 [ 220/721]  loss=0.0840  lr=2.70e-05  ema_tau=0.99943
  Epoch 075 [ 240/721]  loss=0.1012  lr=2.70e-05  ema_tau=0.99943
  Epoch 075 [ 260/721]  loss=0.0989  lr=2.69e-05  ema_tau=0.99943
  Epoch 075 [ 280/721]  loss=0.1021  lr=2.68e-05  ema_tau=0.99943
  Epoch 075 [ 300/721]  loss=0.1019  lr=2.68e-05  ema_tau=0.99943
  Epoch 075 [ 320/721]  loss=0.0993  lr=2.67e-05  ema_tau=0.99943
  Epoch 075 [ 340/721]  loss=0.1073  lr=2.67e-05  ema_tau=0.99944
  Epoch 075 [ 360/721]  loss=0.0918  lr=2.66e-05  ema_tau=0.99944
  Epoch 075 [ 380/721]  loss=0.1020  lr=2.66e-05  ema_tau=0.99944
  Epoch 075 [ 400/721]  loss=0.1148  lr=2.65e-05  ema_tau=0.99944
  Epoch 075 [ 420/721]  loss=0.1008  lr=2.65e-05  ema_tau=0.99944
  Epoch 075 [ 440/721]  loss=0.1072  lr=2.64e-05  ema_tau=0.99944
  Epoch 075 [ 460/721]  loss=0.0774  lr=2.64e-05  ema_tau=0.99944
  Epoch 075 [ 480/721]  loss=0.0938  lr=2.63e-05  ema_tau=0.99944
  Epoch 075 [ 500/721]  loss=0.0768  lr=2.62e-05  ema_tau=0.99944
  Epoch 075 [ 520/721]  loss=0.1163  lr=2.62e-05  ema_tau=0.99945
  Epoch 075 [ 540/721]  loss=0.0928  lr=2.61e-05  ema_tau=0.99945
  Epoch 075 [ 560/721]  loss=0.1113  lr=2.61e-05  ema_tau=0.99945
  Epoch 075 [ 580/721]  loss=0.0958  lr=2.60e-05  ema_tau=0.99945
  Epoch 075 [ 600/721]  loss=0.1039  lr=2.60e-05  ema_tau=0.99945
  Epoch 075 [ 620/721]  loss=0.1167  lr=2.59e-05  ema_tau=0.99945
  Epoch 075 [ 640/721]  loss=0.1210  lr=2.59e-05  ema_tau=0.99945
  Epoch 075 [ 660/721]  loss=0.1032  lr=2.58e-05  ema_tau=0.99945
  Epoch 075 [ 680/721]  loss=0.1051  lr=2.58e-05  ema_tau=0.99946
  Epoch 075 [ 700/721]  loss=0.1109  lr=2.57e-05  ema_tau=0.99946
  Epoch 075 [ 720/721]  loss=0.0814  lr=2.57e-05  ema_tau=0.99946

Epoch 075 done | avg_loss=0.0970 | time=292.4s
  Collapse check — embed_std=0.0418  mean_cos_sim=0.2935
  Val loss: 0.0744
  Checkpoint saved → /scratch/va2661/data/active_matter/checkpoints/jepa/latest.pt
  Checkpoint saved → /scratch/va2661/data/active_matter/checkpoints/jepa/best.pt

  Epoch 076 [   0/721]  loss=0.0992  lr=2.56e-05  ema_tau=0.99946
  Epoch 076 [  20/721]  loss=0.1137  lr=2.56e-05  ema_tau=0.99946
  Epoch 076 [  40/721]  loss=0.0820  lr=2.55e-05  ema_tau=0.99946
  Epoch 076 [  60/721]  loss=0.0994  lr=2.55e-05  ema_tau=0.99946
  Epoch 076 [  80/721]  loss=0.1194  lr=2.54e-05  ema_tau=0.99946
  Epoch 076 [ 100/721]  loss=0.0942  lr=2.54e-05  ema_tau=0.99946
  Epoch 076 [ 120/721]  loss=0.0969  lr=2.53e-05  ema_tau=0.99947
  Epoch 076 [ 140/721]  loss=0.0770  lr=2.53e-05  ema_tau=0.99947
  Epoch 076 [ 160/721]  loss=0.1163  lr=2.52e-05  ema_tau=0.99947
  Epoch 076 [ 180/721]  loss=0.1038  lr=2.52e-05  ema_tau=0.99947
  Epoch 076 [ 200/721]  loss=0.0915  lr=2.51e-05  ema_tau=0.99947
  Epoch 076 [ 220/721]  loss=0.0971  lr=2.51e-05  ema_tau=0.99947
  Epoch 076 [ 240/721]  loss=0.0940  lr=2.50e-05  ema_tau=0.99947
  Epoch 076 [ 260/721]  loss=0.1253  lr=2.50e-05  ema_tau=0.99947
  Epoch 076 [ 280/721]  loss=0.0861  lr=2.49e-05  ema_tau=0.99947
  Epoch 076 [ 300/721]  loss=0.1067  lr=2.49e-05  ema_tau=0.99948
  Epoch 076 [ 320/721]  loss=0.1044  lr=2.48e-05  ema_tau=0.99948
  Epoch 076 [ 340/721]  loss=0.0981  lr=2.47e-05  ema_tau=0.99948
  Epoch 076 [ 360/721]  loss=0.0908  lr=2.47e-05  ema_tau=0.99948
  Epoch 076 [ 380/721]  loss=0.0874  lr=2.46e-05  ema_tau=0.99948
  Epoch 076 [ 400/721]  loss=0.0812  lr=2.46e-05  ema_tau=0.99948
  Epoch 076 [ 420/721]  loss=0.1089  lr=2.45e-05  ema_tau=0.99948
  Epoch 076 [ 440/721]  loss=0.0916  lr=2.45e-05  ema_tau=0.99948
  Epoch 076 [ 460/721]  loss=0.0901  lr=2.44e-05  ema_tau=0.99949
  Epoch 076 [ 480/721]  loss=0.1021  lr=2.44e-05  ema_tau=0.99949
  Epoch 076 [ 500/721]  loss=0.0892  lr=2.43e-05  ema_tau=0.99949
  Epoch 076 [ 520/721]  loss=0.0898  lr=2.43e-05  ema_tau=0.99949
  Epoch 076 [ 540/721]  loss=0.0949  lr=2.42e-05  ema_tau=0.99949
  Epoch 076 [ 560/721]  loss=0.0900  lr=2.42e-05  ema_tau=0.99949
  Epoch 076 [ 580/721]  loss=0.0997  lr=2.41e-05  ema_tau=0.99949
  Epoch 076 [ 600/721]  loss=0.0913  lr=2.41e-05  ema_tau=0.99949
  Epoch 076 [ 620/721]  loss=0.0734  lr=2.40e-05  ema_tau=0.99949
  Epoch 076 [ 640/721]  loss=0.0990  lr=2.40e-05  ema_tau=0.99950
  Epoch 076 [ 660/721]  loss=0.0937  lr=2.39e-05  ema_tau=0.99950
  Epoch 076 [ 680/721]  loss=0.1004  lr=2.39e-05  ema_tau=0.99950
  Epoch 076 [ 700/721]  loss=0.1065  lr=2.38e-05  ema_tau=0.99950
  Epoch 076 [ 720/721]  loss=0.0968  lr=2.38e-05  ema_tau=0.99950

Epoch 076 done | avg_loss=0.0969 | time=293.3s
  Val loss: 0.0749
  Checkpoint saved → /scratch/va2661/data/active_matter/checkpoints/jepa/latest.pt

  Epoch 077 [   0/721]  loss=0.0917  lr=2.37e-05  ema_tau=0.99950
  Epoch 077 [  20/721]  loss=0.1008  lr=2.37e-05  ema_tau=0.99950
  Epoch 077 [  40/721]  loss=0.1033  lr=2.36e-05  ema_tau=0.99950
  Epoch 077 [  60/721]  loss=0.0763  lr=2.36e-05  ema_tau=0.99950
  Epoch 077 [  80/721]  loss=0.1195  lr=2.35e-05  ema_tau=0.99950
  Epoch 077 [ 100/721]  loss=0.0835  lr=2.35e-05  ema_tau=0.99951
  Epoch 077 [ 120/721]  loss=0.0999  lr=2.34e-05  ema_tau=0.99951
  Epoch 077 [ 140/721]  loss=0.0840  lr=2.34e-05  ema_tau=0.99951
  Epoch 077 [ 160/721]  loss=0.0932  lr=2.33e-05  ema_tau=0.99951
  Epoch 077 [ 180/721]  loss=0.0985  lr=2.33e-05  ema_tau=0.99951
  Epoch 077 [ 200/721]  loss=0.0989  lr=2.32e-05  ema_tau=0.99951
  Epoch 077 [ 220/721]  loss=0.1001  lr=2.32e-05  ema_tau=0.99951
  Epoch 077 [ 240/721]  loss=0.0982  lr=2.31e-05  ema_tau=0.99951
  Epoch 077 [ 260/721]  loss=0.1056  lr=2.31e-05  ema_tau=0.99952
  Epoch 077 [ 280/721]  loss=0.0839  lr=2.30e-05  ema_tau=0.99952
  Epoch 077 [ 300/721]  loss=0.0868  lr=2.30e-05  ema_tau=0.99952
  Epoch 077 [ 320/721]  loss=0.1018  lr=2.29e-05  ema_tau=0.99952
  Epoch 077 [ 340/721]  loss=0.0940  lr=2.29e-05  ema_tau=0.99952
  Epoch 077 [ 360/721]  loss=0.0979  lr=2.28e-05  ema_tau=0.99952
  Epoch 077 [ 380/721]  loss=0.0985  lr=2.28e-05  ema_tau=0.99952
  Epoch 077 [ 400/721]  loss=0.0988  lr=2.27e-05  ema_tau=0.99952
  Epoch 077 [ 420/721]  loss=0.1030  lr=2.27e-05  ema_tau=0.99952
  Epoch 077 [ 440/721]  loss=0.0980  lr=2.26e-05  ema_tau=0.99953
  Epoch 077 [ 460/721]  loss=0.0955  lr=2.26e-05  ema_tau=0.99953
  Epoch 077 [ 480/721]  loss=0.1012  lr=2.25e-05  ema_tau=0.99953
  Epoch 077 [ 500/721]  loss=0.0855  lr=2.25e-05  ema_tau=0.99953
  Epoch 077 [ 520/721]  loss=0.0874  lr=2.24e-05  ema_tau=0.99953
  Epoch 077 [ 540/721]  loss=0.0989  lr=2.24e-05  ema_tau=0.99953
  Epoch 077 [ 560/721]  loss=0.0887  lr=2.23e-05  ema_tau=0.99953
  Epoch 077 [ 580/721]  loss=0.0913  lr=2.23e-05  ema_tau=0.99953
  Epoch 077 [ 600/721]  loss=0.1043  lr=2.22e-05  ema_tau=0.99953
  Epoch 077 [ 620/721]  loss=0.0970  lr=2.22e-05  ema_tau=0.99954
  Epoch 077 [ 640/721]  loss=0.1000  lr=2.21e-05  ema_tau=0.99954
  Epoch 077 [ 660/721]  loss=0.1028  lr=2.21e-05  ema_tau=0.99954
  Epoch 077 [ 680/721]  loss=0.1101  lr=2.20e-05  ema_tau=0.99954
  Epoch 077 [ 700/721]  loss=0.1065  lr=2.20e-05  ema_tau=0.99954
  Epoch 077 [ 720/721]  loss=0.0913  lr=2.19e-05  ema_tau=0.99954

Epoch 077 done | avg_loss=0.0966 | time=295.1s
  Val loss: 0.0742
  Checkpoint saved → /scratch/va2661/data/active_matter/checkpoints/jepa/latest.pt
  Checkpoint saved → /scratch/va2661/data/active_matter/checkpoints/jepa/best.pt

  Epoch 078 [   0/721]  loss=0.1077  lr=2.19e-05  ema_tau=0.99954
  Epoch 078 [  20/721]  loss=0.0977  lr=2.19e-05  ema_tau=0.99954
  Epoch 078 [  40/721]  loss=0.0959  lr=2.18e-05  ema_tau=0.99954
  Epoch 078 [  60/721]  loss=0.1009  lr=2.18e-05  ema_tau=0.99954
  Epoch 078 [  80/721]  loss=0.0889  lr=2.17e-05  ema_tau=0.99955
  Epoch 078 [ 100/721]  loss=0.1087  lr=2.17e-05  ema_tau=0.99955
  Epoch 078 [ 120/721]  loss=0.1113  lr=2.16e-05  ema_tau=0.99955
  Epoch 078 [ 140/721]  loss=0.0816  lr=2.16e-05  ema_tau=0.99955
  Epoch 078 [ 160/721]  loss=0.1102  lr=2.15e-05  ema_tau=0.99955
  Epoch 078 [ 180/721]  loss=0.0975  lr=2.15e-05  ema_tau=0.99955
  Epoch 078 [ 200/721]  loss=0.1033  lr=2.14e-05  ema_tau=0.99955
  Epoch 078 [ 220/721]  loss=0.0936  lr=2.14e-05  ema_tau=0.99955
  Epoch 078 [ 240/721]  loss=0.0982  lr=2.13e-05  ema_tau=0.99955
  Epoch 078 [ 260/721]  loss=0.0909  lr=2.13e-05  ema_tau=0.99956
  Epoch 078 [ 280/721]  loss=0.0819  lr=2.12e-05  ema_tau=0.99956
  Epoch 078 [ 300/721]  loss=0.0928  lr=2.12e-05  ema_tau=0.99956
  Epoch 078 [ 320/721]  loss=0.1027  lr=2.11e-05  ema_tau=0.99956
  Epoch 078 [ 340/721]  loss=0.0947  lr=2.11e-05  ema_tau=0.99956
  Epoch 078 [ 360/721]  loss=0.0820  lr=2.10e-05  ema_tau=0.99956
  Epoch 078 [ 380/721]  loss=0.0957  lr=2.10e-05  ema_tau=0.99956
  Epoch 078 [ 400/721]  loss=0.0845  lr=2.09e-05  ema_tau=0.99956
  Epoch 078 [ 420/721]  loss=0.0975  lr=2.09e-05  ema_tau=0.99956
  Epoch 078 [ 440/721]  loss=0.0763  lr=2.08e-05  ema_tau=0.99957
  Epoch 078 [ 460/721]  loss=0.1073  lr=2.08e-05  ema_tau=0.99957
  Epoch 078 [ 480/721]  loss=0.0837  lr=2.07e-05  ema_tau=0.99957
  Epoch 078 [ 500/721]  loss=0.0904  lr=2.07e-05  ema_tau=0.99957
  Epoch 078 [ 520/721]  loss=0.0878  lr=2.06e-05  ema_tau=0.99957
  Epoch 078 [ 540/721]  loss=0.1006  lr=2.06e-05  ema_tau=0.99957
  Epoch 078 [ 560/721]  loss=0.1018  lr=2.05e-05  ema_tau=0.99957
  Epoch 078 [ 580/721]  loss=0.0902  lr=2.05e-05  ema_tau=0.99957
  Epoch 078 [ 600/721]  loss=0.0884  lr=2.04e-05  ema_tau=0.99957
  Epoch 078 [ 620/721]  loss=0.1212  lr=2.04e-05  ema_tau=0.99957
  Epoch 078 [ 640/721]  loss=0.0890  lr=2.03e-05  ema_tau=0.99958
  Epoch 078 [ 660/721]  loss=0.0917  lr=2.03e-05  ema_tau=0.99958
  Epoch 078 [ 680/721]  loss=0.1042  lr=2.02e-05  ema_tau=0.99958
  Epoch 078 [ 700/721]  loss=0.0850  lr=2.02e-05  ema_tau=0.99958
  Epoch 078 [ 720/721]  loss=0.0953  lr=2.01e-05  ema_tau=0.99958

Epoch 078 done | avg_loss=0.0961 | time=293.0s
  Val loss: 0.0735
  Checkpoint saved → /scratch/va2661/data/active_matter/checkpoints/jepa/latest.pt
  Checkpoint saved → /scratch/va2661/data/active_matter/checkpoints/jepa/best.pt

  Epoch 079 [   0/721]  loss=0.0937  lr=2.01e-05  ema_tau=0.99958
  Epoch 079 [  20/721]  loss=0.0966  lr=2.01e-05  ema_tau=0.99958
  Epoch 079 [  40/721]  loss=0.1152  lr=2.00e-05  ema_tau=0.99958
  Epoch 079 [  60/721]  loss=0.0885  lr=2.00e-05  ema_tau=0.99958
  Epoch 079 [  80/721]  loss=0.0988  lr=1.99e-05  ema_tau=0.99958
  Epoch 079 [ 100/721]  loss=0.0773  lr=1.99e-05  ema_tau=0.99959
  Epoch 079 [ 120/721]  loss=0.0928  lr=1.98e-05  ema_tau=0.99959
  Epoch 079 [ 140/721]  loss=0.1067  lr=1.98e-05  ema_tau=0.99959
  Epoch 079 [ 160/721]  loss=0.0887  lr=1.98e-05  ema_tau=0.99959
  Epoch 079 [ 180/721]  loss=0.0933  lr=1.97e-05  ema_tau=0.99959
  Epoch 079 [ 200/721]  loss=0.1110  lr=1.97e-05  ema_tau=0.99959
  Epoch 079 [ 220/721]  loss=0.1005  lr=1.96e-05  ema_tau=0.99959
  Epoch 079 [ 240/721]  loss=0.1043  lr=1.96e-05  ema_tau=0.99959
  Epoch 079 [ 260/721]  loss=0.1036  lr=1.95e-05  ema_tau=0.99959
  Epoch 079 [ 280/721]  loss=0.0827  lr=1.95e-05  ema_tau=0.99960
  Epoch 079 [ 300/721]  loss=0.1098  lr=1.94e-05  ema_tau=0.99960
  Epoch 079 [ 320/721]  loss=0.0943  lr=1.94e-05  ema_tau=0.99960
  Epoch 079 [ 340/721]  loss=0.0873  lr=1.93e-05  ema_tau=0.99960
  Epoch 079 [ 360/721]  loss=0.1124  lr=1.93e-05  ema_tau=0.99960
  Epoch 079 [ 380/721]  loss=0.0890  lr=1.92e-05  ema_tau=0.99960
  Epoch 079 [ 400/721]  loss=0.0950  lr=1.92e-05  ema_tau=0.99960
  Epoch 079 [ 420/721]  loss=0.1088  lr=1.91e-05  ema_tau=0.99960
  Epoch 079 [ 440/721]  loss=0.0953  lr=1.91e-05  ema_tau=0.99960
  Epoch 079 [ 460/721]  loss=0.0955  lr=1.90e-05  ema_tau=0.99960
  Epoch 079 [ 480/721]  loss=0.0818  lr=1.90e-05  ema_tau=0.99961
  Epoch 079 [ 500/721]  loss=0.0986  lr=1.89e-05  ema_tau=0.99961
  Epoch 079 [ 520/721]  loss=0.1074  lr=1.89e-05  ema_tau=0.99961
  Epoch 079 [ 540/721]  loss=0.0965  lr=1.89e-05  ema_tau=0.99961
  Epoch 079 [ 560/721]  loss=0.0919  lr=1.88e-05  ema_tau=0.99961
  Epoch 079 [ 580/721]  loss=0.1066  lr=1.88e-05  ema_tau=0.99961
  Epoch 079 [ 600/721]  loss=0.1011  lr=1.87e-05  ema_tau=0.99961
  Epoch 079 [ 620/721]  loss=0.0955  lr=1.87e-05  ema_tau=0.99961
  Epoch 079 [ 640/721]  loss=0.0879  lr=1.86e-05  ema_tau=0.99961
  Epoch 079 [ 660/721]  loss=0.1038  lr=1.86e-05  ema_tau=0.99961
  Epoch 079 [ 680/721]  loss=0.0888  lr=1.85e-05  ema_tau=0.99962
  Epoch 079 [ 700/721]  loss=0.0874  lr=1.85e-05  ema_tau=0.99962
  Epoch 079 [ 720/721]  loss=0.0748  lr=1.84e-05  ema_tau=0.99962

Epoch 079 done | avg_loss=0.0958 | time=292.5s
  Val loss: 0.0725
  Checkpoint saved → /scratch/va2661/data/active_matter/checkpoints/jepa/latest.pt
  Checkpoint saved → /scratch/va2661/data/active_matter/checkpoints/jepa/best.pt

  Epoch 080 [   0/721]  loss=0.1042  lr=1.84e-05  ema_tau=0.99962
  Epoch 080 [  20/721]  loss=0.1007  lr=1.84e-05  ema_tau=0.99962
  Epoch 080 [  40/721]  loss=0.1054  lr=1.83e-05  ema_tau=0.99962
  Epoch 080 [  60/721]  loss=0.0926  lr=1.83e-05  ema_tau=0.99962
  Epoch 080 [  80/721]  loss=0.0925  lr=1.82e-05  ema_tau=0.99962
  Epoch 080 [ 100/721]  loss=0.1021  lr=1.82e-05  ema_tau=0.99962
  Epoch 080 [ 120/721]  loss=0.0928  lr=1.82e-05  ema_tau=0.99962
  Epoch 080 [ 140/721]  loss=0.0999  lr=1.81e-05  ema_tau=0.99963
  Epoch 080 [ 160/721]  loss=0.0954  lr=1.81e-05  ema_tau=0.99963
  Epoch 080 [ 180/721]  loss=0.0892  lr=1.80e-05  ema_tau=0.99963
  Epoch 080 [ 200/721]  loss=0.1020  lr=1.80e-05  ema_tau=0.99963
  Epoch 080 [ 220/721]  loss=0.0846  lr=1.79e-05  ema_tau=0.99963
  Epoch 080 [ 240/721]  loss=0.0889  lr=1.79e-05  ema_tau=0.99963
  Epoch 080 [ 260/721]  loss=0.0738  lr=1.78e-05  ema_tau=0.99963
  Epoch 080 [ 280/721]  loss=0.0884  lr=1.78e-05  ema_tau=0.99963
  Epoch 080 [ 300/721]  loss=0.0778  lr=1.77e-05  ema_tau=0.99963
  Epoch 080 [ 320/721]  loss=0.0806  lr=1.77e-05  ema_tau=0.99963
  Epoch 080 [ 340/721]  loss=0.0779  lr=1.76e-05  ema_tau=0.99964
  Epoch 080 [ 360/721]  loss=0.0834  lr=1.76e-05  ema_tau=0.99964
  Epoch 080 [ 380/721]  loss=0.0867  lr=1.76e-05  ema_tau=0.99964
  Epoch 080 [ 400/721]  loss=0.0877  lr=1.75e-05  ema_tau=0.99964
  Epoch 080 [ 420/721]  loss=0.1040  lr=1.75e-05  ema_tau=0.99964
  Epoch 080 [ 440/721]  loss=0.0990  lr=1.74e-05  ema_tau=0.99964
  Epoch 080 [ 460/721]  loss=0.0942  lr=1.74e-05  ema_tau=0.99964
  Epoch 080 [ 480/721]  loss=0.0916  lr=1.73e-05  ema_tau=0.99964
  Epoch 080 [ 500/721]  loss=0.1034  lr=1.73e-05  ema_tau=0.99964
  Epoch 080 [ 520/721]  loss=0.0901  lr=1.72e-05  ema_tau=0.99964
  Epoch 080 [ 540/721]  loss=0.0884  lr=1.72e-05  ema_tau=0.99965
  Epoch 080 [ 560/721]  loss=0.0930  lr=1.72e-05  ema_tau=0.99965
  Epoch 080 [ 580/721]  loss=0.0868  lr=1.71e-05  ema_tau=0.99965
  Epoch 080 [ 600/721]  loss=0.1047  lr=1.71e-05  ema_tau=0.99965
  Epoch 080 [ 620/721]  loss=0.0894  lr=1.70e-05  ema_tau=0.99965
  Epoch 080 [ 640/721]  loss=0.0870  lr=1.70e-05  ema_tau=0.99965
  Epoch 080 [ 660/721]  loss=0.0995  lr=1.69e-05  ema_tau=0.99965
  Epoch 080 [ 680/721]  loss=0.0999  lr=1.69e-05  ema_tau=0.99965
  Epoch 080 [ 700/721]  loss=0.1043  lr=1.68e-05  ema_tau=0.99965
  Epoch 080 [ 720/721]  loss=0.0849  lr=1.68e-05  ema_tau=0.99965

Epoch 080 done | avg_loss=0.0953 | time=292.1s
  Collapse check — embed_std=0.0411  mean_cos_sim=0.3039
  Val loss: 0.0726
  Checkpoint saved → /scratch/va2661/data/active_matter/checkpoints/jepa/latest.pt
  Checkpoint saved → /scratch/va2661/data/active_matter/checkpoints/jepa/epoch_0080.pt

  Epoch 081 [   0/721]  loss=0.1190  lr=1.68e-05  ema_tau=0.99965
  Epoch 081 [  20/721]  loss=0.1001  lr=1.67e-05  ema_tau=0.99966
  Epoch 081 [  40/721]  loss=0.1077  lr=1.67e-05  ema_tau=0.99966
  Epoch 081 [  60/721]  loss=0.1010  lr=1.67e-05  ema_tau=0.99966
  Epoch 081 [  80/721]  loss=0.0983  lr=1.66e-05  ema_tau=0.99966
  Epoch 081 [ 100/721]  loss=0.0912  lr=1.66e-05  ema_tau=0.99966
  Epoch 081 [ 120/721]  loss=0.0925  lr=1.65e-05  ema_tau=0.99966
  Epoch 081 [ 140/721]  loss=0.0975  lr=1.65e-05  ema_tau=0.99966
  Epoch 081 [ 160/721]  loss=0.0867  lr=1.64e-05  ema_tau=0.99966
  Epoch 081 [ 180/721]  loss=0.0906  lr=1.64e-05  ema_tau=0.99966
  Epoch 081 [ 200/721]  loss=0.0973  lr=1.64e-05  ema_tau=0.99966
  Epoch 081 [ 220/721]  loss=0.0996  lr=1.63e-05  ema_tau=0.99966
  Epoch 081 [ 240/721]  loss=0.0929  lr=1.63e-05  ema_tau=0.99967
  Epoch 081 [ 260/721]  loss=0.1075  lr=1.62e-05  ema_tau=0.99967
  Epoch 081 [ 280/721]  loss=0.1077  lr=1.62e-05  ema_tau=0.99967
  Epoch 081 [ 300/721]  loss=0.0953  lr=1.61e-05  ema_tau=0.99967
  Epoch 081 [ 320/721]  loss=0.0898  lr=1.61e-05  ema_tau=0.99967
  Epoch 081 [ 340/721]  loss=0.0995  lr=1.60e-05  ema_tau=0.99967
  Epoch 081 [ 360/721]  loss=0.1052  lr=1.60e-05  ema_tau=0.99967
  Epoch 081 [ 380/721]  loss=0.0860  lr=1.60e-05  ema_tau=0.99967
  Epoch 081 [ 400/721]  loss=0.0782  lr=1.59e-05  ema_tau=0.99967
  Epoch 081 [ 420/721]  loss=0.0865  lr=1.59e-05  ema_tau=0.99967
  Epoch 081 [ 440/721]  loss=0.1060  lr=1.58e-05  ema_tau=0.99968
  Epoch 081 [ 460/721]  loss=0.0875  lr=1.58e-05  ema_tau=0.99968
  Epoch 081 [ 480/721]  loss=0.1074  lr=1.57e-05  ema_tau=0.99968
  Epoch 081 [ 500/721]  loss=0.0970  lr=1.57e-05  ema_tau=0.99968
  Epoch 081 [ 520/721]  loss=0.0983  lr=1.57e-05  ema_tau=0.99968
  Epoch 081 [ 540/721]  loss=0.0842  lr=1.56e-05  ema_tau=0.99968
  Epoch 081 [ 560/721]  loss=0.0847  lr=1.56e-05  ema_tau=0.99968
  Epoch 081 [ 580/721]  loss=0.0829  lr=1.55e-05  ema_tau=0.99968
  Epoch 081 [ 600/721]  loss=0.0941  lr=1.55e-05  ema_tau=0.99968
  Epoch 081 [ 620/721]  loss=0.1144  lr=1.54e-05  ema_tau=0.99968
  Epoch 081 [ 640/721]  loss=0.0878  lr=1.54e-05  ema_tau=0.99968
  Epoch 081 [ 660/721]  loss=0.0945  lr=1.54e-05  ema_tau=0.99969
  Epoch 081 [ 680/721]  loss=0.1066  lr=1.53e-05  ema_tau=0.99969
  Epoch 081 [ 700/721]  loss=0.0833  lr=1.53e-05  ema_tau=0.99969
  Epoch 081 [ 720/721]  loss=0.0915  lr=1.52e-05  ema_tau=0.99969

Epoch 081 done | avg_loss=0.0949 | time=292.0s
  Val loss: 0.0726
  Checkpoint saved → /scratch/va2661/data/active_matter/checkpoints/jepa/latest.pt

  Epoch 082 [   0/721]  loss=0.0865  lr=1.52e-05  ema_tau=0.99969
  Epoch 082 [  20/721]  loss=0.0697  lr=1.52e-05  ema_tau=0.99969
  Epoch 082 [  40/721]  loss=0.1141  lr=1.51e-05  ema_tau=0.99969
  Epoch 082 [  60/721]  loss=0.1039  lr=1.51e-05  ema_tau=0.99969
  Epoch 082 [  80/721]  loss=0.0984  lr=1.51e-05  ema_tau=0.99969
  Epoch 082 [ 100/721]  loss=0.0863  lr=1.50e-05  ema_tau=0.99969
  Epoch 082 [ 120/721]  loss=0.1001  lr=1.50e-05  ema_tau=0.99969
  Epoch 082 [ 140/721]  loss=0.0981  lr=1.49e-05  ema_tau=0.99970
  Epoch 082 [ 160/721]  loss=0.0869  lr=1.49e-05  ema_tau=0.99970
  Epoch 082 [ 180/721]  loss=0.0901  lr=1.48e-05  ema_tau=0.99970
  Epoch 082 [ 200/721]  loss=0.0865  lr=1.48e-05  ema_tau=0.99970
  Epoch 082 [ 220/721]  loss=0.1127  lr=1.48e-05  ema_tau=0.99970
  Epoch 082 [ 240/721]  loss=0.0845  lr=1.47e-05  ema_tau=0.99970
  Epoch 082 [ 260/721]  loss=0.0916  lr=1.47e-05  ema_tau=0.99970
  Epoch 082 [ 280/721]  loss=0.0886  lr=1.46e-05  ema_tau=0.99970
  Epoch 082 [ 300/721]  loss=0.0963  lr=1.46e-05  ema_tau=0.99970
  Epoch 082 [ 320/721]  loss=0.0901  lr=1.46e-05  ema_tau=0.99970
  Epoch 082 [ 340/721]  loss=0.0938  lr=1.45e-05  ema_tau=0.99970
  Epoch 082 [ 360/721]  loss=0.0766  lr=1.45e-05  ema_tau=0.99971
  Epoch 082 [ 380/721]  loss=0.0854  lr=1.44e-05  ema_tau=0.99971
  Epoch 082 [ 400/721]  loss=0.0992  lr=1.44e-05  ema_tau=0.99971
  Epoch 082 [ 420/721]  loss=0.1089  lr=1.44e-05  ema_tau=0.99971
  Epoch 082 [ 440/721]  loss=0.0741  lr=1.43e-05  ema_tau=0.99971
  Epoch 082 [ 460/721]  loss=0.0886  lr=1.43e-05  ema_tau=0.99971
  Epoch 082 [ 480/721]  loss=0.0873  lr=1.42e-05  ema_tau=0.99971
  Epoch 082 [ 500/721]  loss=0.1024  lr=1.42e-05  ema_tau=0.99971
  Epoch 082 [ 520/721]  loss=0.0846  lr=1.41e-05  ema_tau=0.99971
  Epoch 082 [ 540/721]  loss=0.0881  lr=1.41e-05  ema_tau=0.99971
  Epoch 082 [ 560/721]  loss=0.0875  lr=1.41e-05  ema_tau=0.99971
  Epoch 082 [ 580/721]  loss=0.0959  lr=1.40e-05  ema_tau=0.99972
  Epoch 082 [ 600/721]  loss=0.1028  lr=1.40e-05  ema_tau=0.99972
  Epoch 082 [ 620/721]  loss=0.0961  lr=1.39e-05  ema_tau=0.99972
  Epoch 082 [ 640/721]  loss=0.0938  lr=1.39e-05  ema_tau=0.99972
  Epoch 082 [ 660/721]  loss=0.1034  lr=1.39e-05  ema_tau=0.99972
  Epoch 082 [ 680/721]  loss=0.0861  lr=1.38e-05  ema_tau=0.99972
  Epoch 082 [ 700/721]  loss=0.1051  lr=1.38e-05  ema_tau=0.99972
  Epoch 082 [ 720/721]  loss=0.0882  lr=1.37e-05  ema_tau=0.99972

Epoch 082 done | avg_loss=0.0945 | time=291.5s
  Val loss: 0.0729
  Checkpoint saved → /scratch/va2661/data/active_matter/checkpoints/jepa/latest.pt

  Epoch 083 [   0/721]  loss=0.0920  lr=1.37e-05  ema_tau=0.99972
  Epoch 083 [  20/721]  loss=0.0809  lr=1.37e-05  ema_tau=0.99972
  Epoch 083 [  40/721]  loss=0.0966  lr=1.37e-05  ema_tau=0.99972
  Epoch 083 [  60/721]  loss=0.0907  lr=1.36e-05  ema_tau=0.99972
  Epoch 083 [  80/721]  loss=0.0866  lr=1.36e-05  ema_tau=0.99973
  Epoch 083 [ 100/721]  loss=0.0868  lr=1.35e-05  ema_tau=0.99973
  Epoch 083 [ 120/721]  loss=0.1007  lr=1.35e-05  ema_tau=0.99973
  Epoch 083 [ 140/721]  loss=0.0966  lr=1.35e-05  ema_tau=0.99973
  Epoch 083 [ 160/721]  loss=0.0919  lr=1.34e-05  ema_tau=0.99973
  Epoch 083 [ 180/721]  loss=0.0794  lr=1.34e-05  ema_tau=0.99973
  Epoch 083 [ 200/721]  loss=0.0883  lr=1.33e-05  ema_tau=0.99973
  Epoch 083 [ 220/721]  loss=0.0727  lr=1.33e-05  ema_tau=0.99973
  Epoch 083 [ 240/721]  loss=0.0897  lr=1.33e-05  ema_tau=0.99973
  Epoch 083 [ 260/721]  loss=0.0994  lr=1.32e-05  ema_tau=0.99973
  Epoch 083 [ 280/721]  loss=0.1021  lr=1.32e-05  ema_tau=0.99973
  Epoch 083 [ 300/721]  loss=0.0866  lr=1.31e-05  ema_tau=0.99973
  Epoch 083 [ 320/721]  loss=0.0841  lr=1.31e-05  ema_tau=0.99974
  Epoch 083 [ 340/721]  loss=0.1029  lr=1.31e-05  ema_tau=0.99974
  Epoch 083 [ 360/721]  loss=0.0943  lr=1.30e-05  ema_tau=0.99974
  Epoch 083 [ 380/721]  loss=0.0890  lr=1.30e-05  ema_tau=0.99974
  Epoch 083 [ 400/721]  loss=0.1006  lr=1.29e-05  ema_tau=0.99974
  Epoch 083 [ 420/721]  loss=0.0966  lr=1.29e-05  ema_tau=0.99974
  Epoch 083 [ 440/721]  loss=0.0877  lr=1.29e-05  ema_tau=0.99974
  Epoch 083 [ 460/721]  loss=0.0942  lr=1.28e-05  ema_tau=0.99974
  Epoch 083 [ 480/721]  loss=0.0949  lr=1.28e-05  ema_tau=0.99974
  Epoch 083 [ 500/721]  loss=0.1057  lr=1.27e-05  ema_tau=0.99974
  Epoch 083 [ 520/721]  loss=0.1160  lr=1.27e-05  ema_tau=0.99974
  Epoch 083 [ 540/721]  loss=0.0956  lr=1.27e-05  ema_tau=0.99974
  Epoch 083 [ 560/721]  loss=0.1029  lr=1.26e-05  ema_tau=0.99975
  Epoch 083 [ 580/721]  loss=0.0967  lr=1.26e-05  ema_tau=0.99975
  Epoch 083 [ 600/721]  loss=0.0908  lr=1.26e-05  ema_tau=0.99975
  Epoch 083 [ 620/721]  loss=0.1230  lr=1.25e-05  ema_tau=0.99975
  Epoch 083 [ 640/721]  loss=0.0924  lr=1.25e-05  ema_tau=0.99975
  Epoch 083 [ 660/721]  loss=0.1017  lr=1.24e-05  ema_tau=0.99975
  Epoch 083 [ 680/721]  loss=0.0963  lr=1.24e-05  ema_tau=0.99975
  Epoch 083 [ 700/721]  loss=0.0868  lr=1.24e-05  ema_tau=0.99975
  Epoch 083 [ 720/721]  loss=0.0666  lr=1.23e-05  ema_tau=0.99975

Epoch 083 done | avg_loss=0.0941 | time=291.7s
  Val loss: 0.0715
  Checkpoint saved → /scratch/va2661/data/active_matter/checkpoints/jepa/latest.pt
  Checkpoint saved → /scratch/va2661/data/active_matter/checkpoints/jepa/best.pt

  Epoch 084 [   0/721]  loss=0.0868  lr=1.23e-05  ema_tau=0.99975
  Epoch 084 [  20/721]  loss=0.0997  lr=1.23e-05  ema_tau=0.99975
  Epoch 084 [  40/721]  loss=0.1029  lr=1.22e-05  ema_tau=0.99975
  Epoch 084 [  60/721]  loss=0.0831  lr=1.22e-05  ema_tau=0.99976
  Epoch 084 [  80/721]  loss=0.0858  lr=1.22e-05  ema_tau=0.99976
  Epoch 084 [ 100/721]  loss=0.0889  lr=1.21e-05  ema_tau=0.99976
  Epoch 084 [ 120/721]  loss=0.0993  lr=1.21e-05  ema_tau=0.99976
  Epoch 084 [ 140/721]  loss=0.0902  lr=1.21e-05  ema_tau=0.99976
  Epoch 084 [ 160/721]  loss=0.0965  lr=1.20e-05  ema_tau=0.99976
  Epoch 084 [ 180/721]  loss=0.0806  lr=1.20e-05  ema_tau=0.99976
  Epoch 084 [ 200/721]  loss=0.0945  lr=1.19e-05  ema_tau=0.99976
  Epoch 084 [ 220/721]  loss=0.0844  lr=1.19e-05  ema_tau=0.99976
  Epoch 084 [ 240/721]  loss=0.0930  lr=1.19e-05  ema_tau=0.99976
  Epoch 084 [ 260/721]  loss=0.1005  lr=1.18e-05  ema_tau=0.99976
  Epoch 084 [ 280/721]  loss=0.0906  lr=1.18e-05  ema_tau=0.99976
  Epoch 084 [ 300/721]  loss=0.0748  lr=1.18e-05  ema_tau=0.99977
  Epoch 084 [ 320/721]  loss=0.1169  lr=1.17e-05  ema_tau=0.99977
  Epoch 084 [ 340/721]  loss=0.0745  lr=1.17e-05  ema_tau=0.99977
  Epoch 084 [ 360/721]  loss=0.0894  lr=1.16e-05  ema_tau=0.99977
  Epoch 084 [ 380/721]  loss=0.0898  lr=1.16e-05  ema_tau=0.99977
  Epoch 084 [ 400/721]  loss=0.0869  lr=1.16e-05  ema_tau=0.99977
  Epoch 084 [ 420/721]  loss=0.0933  lr=1.15e-05  ema_tau=0.99977
  Epoch 084 [ 440/721]  loss=0.0992  lr=1.15e-05  ema_tau=0.99977
  Epoch 084 [ 460/721]  loss=0.0959  lr=1.15e-05  ema_tau=0.99977
  Epoch 084 [ 480/721]  loss=0.0827  lr=1.14e-05  ema_tau=0.99977
  Epoch 084 [ 500/721]  loss=0.0951  lr=1.14e-05  ema_tau=0.99977
  Epoch 084 [ 520/721]  loss=0.1050  lr=1.13e-05  ema_tau=0.99977
  Epoch 084 [ 540/721]  loss=0.0907  lr=1.13e-05  ema_tau=0.99977
  Epoch 084 [ 560/721]  loss=0.0981  lr=1.13e-05  ema_tau=0.99978
  Epoch 084 [ 580/721]  loss=0.0988  lr=1.12e-05  ema_tau=0.99978
  Epoch 084 [ 600/721]  loss=0.1162  lr=1.12e-05  ema_tau=0.99978
  Epoch 084 [ 620/721]  loss=0.0860  lr=1.12e-05  ema_tau=0.99978
  Epoch 084 [ 640/721]  loss=0.0672  lr=1.11e-05  ema_tau=0.99978
  Epoch 084 [ 660/721]  loss=0.1113  lr=1.11e-05  ema_tau=0.99978
  Epoch 084 [ 680/721]  loss=0.1095  lr=1.11e-05  ema_tau=0.99978
  Epoch 084 [ 700/721]  loss=0.0908  lr=1.10e-05  ema_tau=0.99978
  Epoch 084 [ 720/721]  loss=0.0943  lr=1.10e-05  ema_tau=0.99978

Epoch 084 done | avg_loss=0.0938 | time=292.0s
  Val loss: 0.0714
  Checkpoint saved → /scratch/va2661/data/active_matter/checkpoints/jepa/latest.pt
  Checkpoint saved → /scratch/va2661/data/active_matter/checkpoints/jepa/best.pt

  Epoch 085 [   0/721]  loss=0.1209  lr=1.10e-05  ema_tau=0.99978
  Epoch 085 [  20/721]  loss=0.1016  lr=1.09e-05  ema_tau=0.99978
  Epoch 085 [  40/721]  loss=0.1022  lr=1.09e-05  ema_tau=0.99978
  Epoch 085 [  60/721]  loss=0.1006  lr=1.09e-05  ema_tau=0.99978
  Epoch 085 [  80/721]  loss=0.0735  lr=1.08e-05  ema_tau=0.99979
  Epoch 085 [ 100/721]  loss=0.0785  lr=1.08e-05  ema_tau=0.99979
  Epoch 085 [ 120/721]  loss=0.0901  lr=1.08e-05  ema_tau=0.99979
  Epoch 085 [ 140/721]  loss=0.0979  lr=1.07e-05  ema_tau=0.99979
  Epoch 085 [ 160/721]  loss=0.1023  lr=1.07e-05  ema_tau=0.99979
  Epoch 085 [ 180/721]  loss=0.0942  lr=1.07e-05  ema_tau=0.99979
  Epoch 085 [ 200/721]  loss=0.0892  lr=1.06e-05  ema_tau=0.99979
  Epoch 085 [ 220/721]  loss=0.0796  lr=1.06e-05  ema_tau=0.99979
  Epoch 085 [ 240/721]  loss=0.0738  lr=1.06e-05  ema_tau=0.99979
  Epoch 085 [ 260/721]  loss=0.0858  lr=1.05e-05  ema_tau=0.99979
  Epoch 085 [ 280/721]  loss=0.0797  lr=1.05e-05  ema_tau=0.99979
  Epoch 085 [ 300/721]  loss=0.0898  lr=1.04e-05  ema_tau=0.99979
  Epoch 085 [ 320/721]  loss=0.0829  lr=1.04e-05  ema_tau=0.99979
  Epoch 085 [ 340/721]  loss=0.1006  lr=1.04e-05  ema_tau=0.99980
  Epoch 085 [ 360/721]  loss=0.0811  lr=1.03e-05  ema_tau=0.99980
  Epoch 085 [ 380/721]  loss=0.0915  lr=1.03e-05  ema_tau=0.99980
  Epoch 085 [ 400/721]  loss=0.0919  lr=1.03e-05  ema_tau=0.99980
  Epoch 085 [ 420/721]  loss=0.0963  lr=1.02e-05  ema_tau=0.99980
  Epoch 085 [ 440/721]  loss=0.0854  lr=1.02e-05  ema_tau=0.99980
  Epoch 085 [ 460/721]  loss=0.0964  lr=1.02e-05  ema_tau=0.99980
  Epoch 085 [ 480/721]  loss=0.0910  lr=1.01e-05  ema_tau=0.99980
  Epoch 085 [ 500/721]  loss=0.0837  lr=1.01e-05  ema_tau=0.99980
  Epoch 085 [ 520/721]  loss=0.0975  lr=1.01e-05  ema_tau=0.99980
  Epoch 085 [ 540/721]  loss=0.0970  lr=1.00e-05  ema_tau=0.99980
  Epoch 085 [ 560/721]  loss=0.0960  lr=1.00e-05  ema_tau=0.99980
  Epoch 085 [ 580/721]  loss=0.0840  lr=9.96e-06  ema_tau=0.99980
  Epoch 085 [ 600/721]  loss=0.0909  lr=9.93e-06  ema_tau=0.99981
  Epoch 085 [ 620/721]  loss=0.0926  lr=9.89e-06  ema_tau=0.99981
  Epoch 085 [ 640/721]  loss=0.1133  lr=9.86e-06  ema_tau=0.99981
  Epoch 085 [ 660/721]  loss=0.0978  lr=9.82e-06  ema_tau=0.99981
  Epoch 085 [ 680/721]  loss=0.0848  lr=9.79e-06  ema_tau=0.99981
  Epoch 085 [ 700/721]  loss=0.0863  lr=9.76e-06  ema_tau=0.99981
  Epoch 085 [ 720/721]  loss=0.0865  lr=9.72e-06  ema_tau=0.99981

Epoch 085 done | avg_loss=0.0934 | time=292.4s
  Collapse check — embed_std=0.0406  mean_cos_sim=0.3429
  Val loss: 0.0711
  Checkpoint saved → /scratch/va2661/data/active_matter/checkpoints/jepa/latest.pt
  Checkpoint saved → /scratch/va2661/data/active_matter/checkpoints/jepa/best.pt

  Epoch 086 [   0/721]  loss=0.0904  lr=9.72e-06  ema_tau=0.99981
  Epoch 086 [  20/721]  loss=0.1036  lr=9.69e-06  ema_tau=0.99981
  Epoch 086 [  40/721]  loss=0.0991  lr=9.65e-06  ema_tau=0.99981
  Epoch 086 [  60/721]  loss=0.0943  lr=9.62e-06  ema_tau=0.99981
  Epoch 086 [  80/721]  loss=0.0929  lr=9.59e-06  ema_tau=0.99981
  Epoch 086 [ 100/721]  loss=0.0912  lr=9.55e-06  ema_tau=0.99981
  Epoch 086 [ 120/721]  loss=0.1024  lr=9.52e-06  ema_tau=0.99981
  Epoch 086 [ 140/721]  loss=0.0953  lr=9.48e-06  ema_tau=0.99981
  Epoch 086 [ 160/721]  loss=0.1081  lr=9.45e-06  ema_tau=0.99982
  Epoch 086 [ 180/721]  loss=0.1110  lr=9.42e-06  ema_tau=0.99982
  Epoch 086 [ 200/721]  loss=0.0962  lr=9.38e-06  ema_tau=0.99982
  Epoch 086 [ 220/721]  loss=0.0905  lr=9.35e-06  ema_tau=0.99982
  Epoch 086 [ 240/721]  loss=0.1003  lr=9.32e-06  ema_tau=0.99982
  Epoch 086 [ 260/721]  loss=0.0930  lr=9.29e-06  ema_tau=0.99982
  Epoch 086 [ 280/721]  loss=0.1051  lr=9.25e-06  ema_tau=0.99982
  Epoch 086 [ 300/721]  loss=0.1011  lr=9.22e-06  ema_tau=0.99982
  Epoch 086 [ 320/721]  loss=0.0882  lr=9.19e-06  ema_tau=0.99982
  Epoch 086 [ 340/721]  loss=0.0968  lr=9.15e-06  ema_tau=0.99982
  Epoch 086 [ 360/721]  loss=0.0961  lr=9.12e-06  ema_tau=0.99982
  Epoch 086 [ 380/721]  loss=0.1049  lr=9.09e-06  ema_tau=0.99982
  Epoch 086 [ 400/721]  loss=0.1081  lr=9.06e-06  ema_tau=0.99982
  Epoch 086 [ 420/721]  loss=0.0955  lr=9.02e-06  ema_tau=0.99982
  Epoch 086 [ 440/721]  loss=0.0800  lr=8.99e-06  ema_tau=0.99983
  Epoch 086 [ 460/721]  loss=0.0982  lr=8.96e-06  ema_tau=0.99983
  Epoch 086 [ 480/721]  loss=0.0770  lr=8.93e-06  ema_tau=0.99983
  Epoch 086 [ 500/721]  loss=0.0982  lr=8.89e-06  ema_tau=0.99983
  Epoch 086 [ 520/721]  loss=0.1025  lr=8.86e-06  ema_tau=0.99983
  Epoch 086 [ 540/721]  loss=0.0978  lr=8.83e-06  ema_tau=0.99983
  Epoch 086 [ 560/721]  loss=0.0852  lr=8.80e-06  ema_tau=0.99983
  Epoch 086 [ 580/721]  loss=0.0860  lr=8.76e-06  ema_tau=0.99983
  Epoch 086 [ 600/721]  loss=0.0990  lr=8.73e-06  ema_tau=0.99983
  Epoch 086 [ 620/721]  loss=0.0892  lr=8.70e-06  ema_tau=0.99983
  Epoch 086 [ 640/721]  loss=0.0927  lr=8.67e-06  ema_tau=0.99983
  Epoch 086 [ 660/721]  loss=0.0855  lr=8.64e-06  ema_tau=0.99983
  Epoch 086 [ 680/721]  loss=0.1037  lr=8.60e-06  ema_tau=0.99983
  Epoch 086 [ 700/721]  loss=0.0964  lr=8.57e-06  ema_tau=0.99983
  Epoch 086 [ 720/721]  loss=0.0882  lr=8.54e-06  ema_tau=0.99984

Epoch 086 done | avg_loss=0.0933 | time=293.5s
  Val loss: 0.0712
  Checkpoint saved → /scratch/va2661/data/active_matter/checkpoints/jepa/latest.pt

  Epoch 087 [   0/721]  loss=0.0973  lr=8.54e-06  ema_tau=0.99984
  Epoch 087 [  20/721]  loss=0.0886  lr=8.51e-06  ema_tau=0.99984
  Epoch 087 [  40/721]  loss=0.1100  lr=8.48e-06  ema_tau=0.99984
  Epoch 087 [  60/721]  loss=0.0937  lr=8.45e-06  ema_tau=0.99984
  Epoch 087 [  80/721]  loss=0.0999  lr=8.41e-06  ema_tau=0.99984
  Epoch 087 [ 100/721]  loss=0.0913  lr=8.38e-06  ema_tau=0.99984
  Epoch 087 [ 120/721]  loss=0.0935  lr=8.35e-06  ema_tau=0.99984
  Epoch 087 [ 140/721]  loss=0.0875  lr=8.32e-06  ema_tau=0.99984
  Epoch 087 [ 160/721]  loss=0.0884  lr=8.29e-06  ema_tau=0.99984
  Epoch 087 [ 180/721]  loss=0.1011  lr=8.26e-06  ema_tau=0.99984
  Epoch 087 [ 200/721]  loss=0.0792  lr=8.23e-06  ema_tau=0.99984
  Epoch 087 [ 220/721]  loss=0.0946  lr=8.20e-06  ema_tau=0.99984
  Epoch 087 [ 240/721]  loss=0.0976  lr=8.16e-06  ema_tau=0.99984
  Epoch 087 [ 260/721]  loss=0.1117  lr=8.13e-06  ema_tau=0.99984
  Epoch 087 [ 280/721]  loss=0.0879  lr=8.10e-06  ema_tau=0.99985
  Epoch 087 [ 300/721]  loss=0.0874  lr=8.07e-06  ema_tau=0.99985
  Epoch 087 [ 320/721]  loss=0.1100  lr=8.04e-06  ema_tau=0.99985
  Epoch 087 [ 340/721]  loss=0.0884  lr=8.01e-06  ema_tau=0.99985
  Epoch 087 [ 360/721]  loss=0.1119  lr=7.98e-06  ema_tau=0.99985
  Epoch 087 [ 380/721]  loss=0.0961  lr=7.95e-06  ema_tau=0.99985
  Epoch 087 [ 400/721]  loss=0.0978  lr=7.92e-06  ema_tau=0.99985
  Epoch 087 [ 420/721]  loss=0.1009  lr=7.89e-06  ema_tau=0.99985
  Epoch 087 [ 440/721]  loss=0.0817  lr=7.86e-06  ema_tau=0.99985
  Epoch 087 [ 460/721]  loss=0.0935  lr=7.83e-06  ema_tau=0.99985
  Epoch 087 [ 480/721]  loss=0.0892  lr=7.80e-06  ema_tau=0.99985
  Epoch 087 [ 500/721]  loss=0.0895  lr=7.77e-06  ema_tau=0.99985
  Epoch 087 [ 520/721]  loss=0.1001  lr=7.74e-06  ema_tau=0.99985
  Epoch 087 [ 540/721]  loss=0.1015  lr=7.71e-06  ema_tau=0.99985
  Epoch 087 [ 560/721]  loss=0.0970  lr=7.68e-06  ema_tau=0.99985
  Epoch 087 [ 580/721]  loss=0.0882  lr=7.65e-06  ema_tau=0.99985
  Epoch 087 [ 600/721]  loss=0.1023  lr=7.62e-06  ema_tau=0.99986
  Epoch 087 [ 620/721]  loss=0.0952  lr=7.59e-06  ema_tau=0.99986
  Epoch 087 [ 640/721]  loss=0.0816  lr=7.56e-06  ema_tau=0.99986
  Epoch 087 [ 660/721]  loss=0.0868  lr=7.53e-06  ema_tau=0.99986
  Epoch 087 [ 680/721]  loss=0.1114  lr=7.50e-06  ema_tau=0.99986
  Epoch 087 [ 700/721]  loss=0.0997  lr=7.47e-06  ema_tau=0.99986
  Epoch 087 [ 720/721]  loss=0.0803  lr=7.44e-06  ema_tau=0.99986

Epoch 087 done | avg_loss=0.0932 | time=292.9s
  Val loss: 0.0713
  Checkpoint saved → /scratch/va2661/data/active_matter/checkpoints/jepa/latest.pt

  Epoch 088 [   0/721]  loss=0.0977  lr=7.44e-06  ema_tau=0.99986
  Epoch 088 [  20/721]  loss=0.0764  lr=7.41e-06  ema_tau=0.99986
  Epoch 088 [  40/721]  loss=0.0918  lr=7.38e-06  ema_tau=0.99986
  Epoch 088 [  60/721]  loss=0.0871  lr=7.35e-06  ema_tau=0.99986
  Epoch 088 [  80/721]  loss=0.1179  lr=7.32e-06  ema_tau=0.99986
  Epoch 088 [ 100/721]  loss=0.0955  lr=7.29e-06  ema_tau=0.99986
  Epoch 088 [ 120/721]  loss=0.0871  lr=7.27e-06  ema_tau=0.99986
  Epoch 088 [ 140/721]  loss=0.0977  lr=7.24e-06  ema_tau=0.99986
  Epoch 088 [ 160/721]  loss=0.0931  lr=7.21e-06  ema_tau=0.99986
  Epoch 088 [ 180/721]  loss=0.0627  lr=7.18e-06  ema_tau=0.99987
  Epoch 088 [ 200/721]  loss=0.0988  lr=7.15e-06  ema_tau=0.99987
  Epoch 088 [ 220/721]  loss=0.0883  lr=7.12e-06  ema_tau=0.99987
  Epoch 088 [ 240/721]  loss=0.0796  lr=7.09e-06  ema_tau=0.99987
  Epoch 088 [ 260/721]  loss=0.0879  lr=7.06e-06  ema_tau=0.99987
  Epoch 088 [ 280/721]  loss=0.0891  lr=7.04e-06  ema_tau=0.99987
  Epoch 088 [ 300/721]  loss=0.0985  lr=7.01e-06  ema_tau=0.99987
  Epoch 088 [ 320/721]  loss=0.0987  lr=6.98e-06  ema_tau=0.99987
  Epoch 088 [ 340/721]  loss=0.0822  lr=6.95e-06  ema_tau=0.99987
  Epoch 088 [ 360/721]  loss=0.0879  lr=6.92e-06  ema_tau=0.99987
  Epoch 088 [ 380/721]  loss=0.0876  lr=6.89e-06  ema_tau=0.99987
  Epoch 088 [ 400/721]  loss=0.0892  lr=6.87e-06  ema_tau=0.99987
  Epoch 088 [ 420/721]  loss=0.1000  lr=6.84e-06  ema_tau=0.99987
  Epoch 088 [ 440/721]  loss=0.0933  lr=6.81e-06  ema_tau=0.99987
  Epoch 088 [ 460/721]  loss=0.1044  lr=6.78e-06  ema_tau=0.99987
  Epoch 088 [ 480/721]  loss=0.0871  lr=6.76e-06  ema_tau=0.99987
  Epoch 088 [ 500/721]  loss=0.0992  lr=6.73e-06  ema_tau=0.99988
  Epoch 088 [ 520/721]  loss=0.0816  lr=6.70e-06  ema_tau=0.99988
  Epoch 088 [ 540/721]  loss=0.0865  lr=6.67e-06  ema_tau=0.99988
  Epoch 088 [ 560/721]  loss=0.0939  lr=6.64e-06  ema_tau=0.99988
  Epoch 088 [ 580/721]  loss=0.0956  lr=6.62e-06  ema_tau=0.99988
  Epoch 088 [ 600/721]  loss=0.0921  lr=6.59e-06  ema_tau=0.99988
  Epoch 088 [ 620/721]  loss=0.0961  lr=6.56e-06  ema_tau=0.99988
  Epoch 088 [ 640/721]  loss=0.0823  lr=6.53e-06  ema_tau=0.99988
  Epoch 088 [ 660/721]  loss=0.1046  lr=6.51e-06  ema_tau=0.99988
  Epoch 088 [ 680/721]  loss=0.0898  lr=6.48e-06  ema_tau=0.99988
  Epoch 088 [ 700/721]  loss=0.0956  lr=6.45e-06  ema_tau=0.99988
  Epoch 088 [ 720/721]  loss=0.0793  lr=6.43e-06  ema_tau=0.99988

Epoch 088 done | avg_loss=0.0927 | time=292.7s
  Val loss: 0.0710
  Checkpoint saved → /scratch/va2661/data/active_matter/checkpoints/jepa/latest.pt
  Checkpoint saved → /scratch/va2661/data/active_matter/checkpoints/jepa/best.pt

  Epoch 089 [   0/721]  loss=0.1145  lr=6.42e-06  ema_tau=0.99988
  Epoch 089 [  20/721]  loss=0.0815  lr=6.40e-06  ema_tau=0.99988
  Epoch 089 [  40/721]  loss=0.0933  lr=6.37e-06  ema_tau=0.99988
  Epoch 089 [  60/721]  loss=0.0861  lr=6.34e-06  ema_tau=0.99988
  Epoch 089 [  80/721]  loss=0.0985  lr=6.32e-06  ema_tau=0.99988
  Epoch 089 [ 100/721]  loss=0.0900  lr=6.29e-06  ema_tau=0.99988
  Epoch 089 [ 120/721]  loss=0.0840  lr=6.26e-06  ema_tau=0.99989
  Epoch 089 [ 140/721]  loss=0.0906  lr=6.24e-06  ema_tau=0.99989
  Epoch 089 [ 160/721]  loss=0.0861  lr=6.21e-06  ema_tau=0.99989
  Epoch 089 [ 180/721]  loss=0.0944  lr=6.18e-06  ema_tau=0.99989
  Epoch 089 [ 200/721]  loss=0.1071  lr=6.16e-06  ema_tau=0.99989
  Epoch 089 [ 220/721]  loss=0.0941  lr=6.13e-06  ema_tau=0.99989
  Epoch 089 [ 240/721]  loss=0.0893  lr=6.11e-06  ema_tau=0.99989
  Epoch 089 [ 260/721]  loss=0.0965  lr=6.08e-06  ema_tau=0.99989
  Epoch 089 [ 280/721]  loss=0.0922  lr=6.05e-06  ema_tau=0.99989
  Epoch 089 [ 300/721]  loss=0.0777  lr=6.03e-06  ema_tau=0.99989
  Epoch 089 [ 320/721]  loss=0.1032  lr=6.00e-06  ema_tau=0.99989
  Epoch 089 [ 340/721]  loss=0.0920  lr=5.97e-06  ema_tau=0.99989
  Epoch 089 [ 360/721]  loss=0.0898  lr=5.95e-06  ema_tau=0.99989
  Epoch 089 [ 380/721]  loss=0.0817  lr=5.92e-06  ema_tau=0.99989
  Epoch 089 [ 400/721]  loss=0.0767  lr=5.90e-06  ema_tau=0.99989
  Epoch 089 [ 420/721]  loss=0.0815  lr=5.87e-06  ema_tau=0.99989
  Epoch 089 [ 440/721]  loss=0.1012  lr=5.85e-06  ema_tau=0.99989
  Epoch 089 [ 460/721]  loss=0.1056  lr=5.82e-06  ema_tau=0.99989
  Epoch 089 [ 480/721]  loss=0.0907  lr=5.79e-06  ema_tau=0.99990
  Epoch 089 [ 500/721]  loss=0.0771  lr=5.77e-06  ema_tau=0.99990
  Epoch 089 [ 520/721]  loss=0.0882  lr=5.74e-06  ema_tau=0.99990
  Epoch 089 [ 540/721]  loss=0.0860  lr=5.72e-06  ema_tau=0.99990
  Epoch 089 [ 560/721]  loss=0.1099  lr=5.69e-06  ema_tau=0.99990
  Epoch 089 [ 580/721]  loss=0.0968  lr=5.67e-06  ema_tau=0.99990
  Epoch 089 [ 600/721]  loss=0.1024  lr=5.64e-06  ema_tau=0.99990
  Epoch 089 [ 620/721]  loss=0.0867  lr=5.62e-06  ema_tau=0.99990
  Epoch 089 [ 640/721]  loss=0.1022  lr=5.59e-06  ema_tau=0.99990
  Epoch 089 [ 660/721]  loss=0.0874  lr=5.57e-06  ema_tau=0.99990
  Epoch 089 [ 680/721]  loss=0.1217  lr=5.54e-06  ema_tau=0.99990
  Epoch 089 [ 700/721]  loss=0.0749  lr=5.52e-06  ema_tau=0.99990
  Epoch 089 [ 720/721]  loss=0.0844  lr=5.49e-06  ema_tau=0.99990

Epoch 089 done | avg_loss=0.0927 | time=292.8s
  Val loss: 0.0702
  Checkpoint saved → /scratch/va2661/data/active_matter/checkpoints/jepa/latest.pt
  Checkpoint saved → /scratch/va2661/data/active_matter/checkpoints/jepa/best.pt

  Epoch 090 [   0/721]  loss=0.0941  lr=5.49e-06  ema_tau=0.99990
  Epoch 090 [  20/721]  loss=0.0937  lr=5.47e-06  ema_tau=0.99990
  Epoch 090 [  40/721]  loss=0.0894  lr=5.44e-06  ema_tau=0.99990
  Epoch 090 [  60/721]  loss=0.0808  lr=5.42e-06  ema_tau=0.99990
  Epoch 090 [  80/721]  loss=0.0762  lr=5.39e-06  ema_tau=0.99990
  Epoch 090 [ 100/721]  loss=0.0832  lr=5.37e-06  ema_tau=0.99990
  Epoch 090 [ 120/721]  loss=0.0863  lr=5.35e-06  ema_tau=0.99991
  Epoch 090 [ 140/721]  loss=0.0944  lr=5.32e-06  ema_tau=0.99991
  Epoch 090 [ 160/721]  loss=0.0922  lr=5.30e-06  ema_tau=0.99991
  Epoch 090 [ 180/721]  loss=0.0821  lr=5.27e-06  ema_tau=0.99991
  Epoch 090 [ 200/721]  loss=0.0788  lr=5.25e-06  ema_tau=0.99991
  Epoch 090 [ 220/721]  loss=0.0996  lr=5.23e-06  ema_tau=0.99991
  Epoch 090 [ 240/721]  loss=0.0799  lr=5.20e-06  ema_tau=0.99991
  Epoch 090 [ 260/721]  loss=0.0801  lr=5.18e-06  ema_tau=0.99991
  Epoch 090 [ 280/721]  loss=0.0930  lr=5.15e-06  ema_tau=0.99991
  Epoch 090 [ 300/721]  loss=0.0741  lr=5.13e-06  ema_tau=0.99991
  Epoch 090 [ 320/721]  loss=0.1076  lr=5.11e-06  ema_tau=0.99991
  Epoch 090 [ 340/721]  loss=0.0790  lr=5.08e-06  ema_tau=0.99991
  Epoch 090 [ 360/721]  loss=0.0902  lr=5.06e-06  ema_tau=0.99991
  Epoch 090 [ 380/721]  loss=0.0877  lr=5.04e-06  ema_tau=0.99991
  Epoch 090 [ 400/721]  loss=0.1044  lr=5.01e-06  ema_tau=0.99991
  Epoch 090 [ 420/721]  loss=0.0875  lr=4.99e-06  ema_tau=0.99991
  Epoch 090 [ 440/721]  loss=0.1023  lr=4.97e-06  ema_tau=0.99991
  Epoch 090 [ 460/721]  loss=0.0972  lr=4.94e-06  ema_tau=0.99991
  Epoch 090 [ 480/721]  loss=0.0973  lr=4.92e-06  ema_tau=0.99991
  Epoch 090 [ 500/721]  loss=0.0993  lr=4.90e-06  ema_tau=0.99992
  Epoch 090 [ 520/721]  loss=0.0924  lr=4.87e-06  ema_tau=0.99992
  Epoch 090 [ 540/721]  loss=0.0994  lr=4.85e-06  ema_tau=0.99992
  Epoch 090 [ 560/721]  loss=0.0793  lr=4.83e-06  ema_tau=0.99992
  Epoch 090 [ 580/721]  loss=0.0968  lr=4.81e-06  ema_tau=0.99992
  Epoch 090 [ 600/721]  loss=0.1001  lr=4.78e-06  ema_tau=0.99992
  Epoch 090 [ 620/721]  loss=0.1040  lr=4.76e-06  ema_tau=0.99992
  Epoch 090 [ 640/721]  loss=0.0904  lr=4.74e-06  ema_tau=0.99992
  Epoch 090 [ 660/721]  loss=0.0835  lr=4.71e-06  ema_tau=0.99992
  Epoch 090 [ 680/721]  loss=0.0796  lr=4.69e-06  ema_tau=0.99992
  Epoch 090 [ 700/721]  loss=0.1001  lr=4.67e-06  ema_tau=0.99992
  Epoch 090 [ 720/721]  loss=0.1006  lr=4.65e-06  ema_tau=0.99992

Epoch 090 done | avg_loss=0.0922 | time=293.4s
  Collapse check — embed_std=0.0403  mean_cos_sim=0.3353
  Val loss: 0.0710
  Checkpoint saved → /scratch/va2661/data/active_matter/checkpoints/jepa/latest.pt
  Checkpoint saved → /scratch/va2661/data/active_matter/checkpoints/jepa/epoch_0090.pt

  Epoch 091 [   0/721]  loss=0.0981  lr=4.65e-06  ema_tau=0.99992
  Epoch 091 [  20/721]  loss=0.0928  lr=4.62e-06  ema_tau=0.99992
  Epoch 091 [  40/721]  loss=0.0989  lr=4.60e-06  ema_tau=0.99992
  Epoch 091 [  60/721]  loss=0.1072  lr=4.58e-06  ema_tau=0.99992
  Epoch 091 [  80/721]  loss=0.0873  lr=4.56e-06  ema_tau=0.99992
  Epoch 091 [ 100/721]  loss=0.0757  lr=4.54e-06  ema_tau=0.99992
  Epoch 091 [ 120/721]  loss=0.0996  lr=4.51e-06  ema_tau=0.99992
  Epoch 091 [ 140/721]  loss=0.0990  lr=4.49e-06  ema_tau=0.99992
  Epoch 091 [ 160/721]  loss=0.0952  lr=4.47e-06  ema_tau=0.99992
  Epoch 091 [ 180/721]  loss=0.0837  lr=4.45e-06  ema_tau=0.99992
  Epoch 091 [ 200/721]  loss=0.0841  lr=4.43e-06  ema_tau=0.99993
  Epoch 091 [ 220/721]  loss=0.0885  lr=4.41e-06  ema_tau=0.99993
  Epoch 091 [ 240/721]  loss=0.1029  lr=4.38e-06  ema_tau=0.99993
  Epoch 091 [ 260/721]  loss=0.0812  lr=4.36e-06  ema_tau=0.99993
  Epoch 091 [ 280/721]  loss=0.0806  lr=4.34e-06  ema_tau=0.99993
  Epoch 091 [ 300/721]  loss=0.0739  lr=4.32e-06  ema_tau=0.99993
  Epoch 091 [ 320/721]  loss=0.0952  lr=4.30e-06  ema_tau=0.99993
  Epoch 091 [ 340/721]  loss=0.1005  lr=4.28e-06  ema_tau=0.99993
  Epoch 091 [ 360/721]  loss=0.1006  lr=4.26e-06  ema_tau=0.99993
  Epoch 091 [ 380/721]  loss=0.1036  lr=4.23e-06  ema_tau=0.99993
  Epoch 091 [ 400/721]  loss=0.0912  lr=4.21e-06  ema_tau=0.99993
  Epoch 091 [ 420/721]  loss=0.0879  lr=4.19e-06  ema_tau=0.99993
  Epoch 091 [ 440/721]  loss=0.0846  lr=4.17e-06  ema_tau=0.99993
  Epoch 091 [ 460/721]  loss=0.0853  lr=4.15e-06  ema_tau=0.99993
  Epoch 091 [ 480/721]  loss=0.0763  lr=4.13e-06  ema_tau=0.99993
  Epoch 091 [ 500/721]  loss=0.0873  lr=4.11e-06  ema_tau=0.99993
  Epoch 091 [ 520/721]  loss=0.0796  lr=4.09e-06  ema_tau=0.99993
  Epoch 091 [ 540/721]  loss=0.0815  lr=4.07e-06  ema_tau=0.99993
  Epoch 091 [ 560/721]  loss=0.0906  lr=4.05e-06  ema_tau=0.99993
  Epoch 091 [ 580/721]  loss=0.0892  lr=4.03e-06  ema_tau=0.99993
  Epoch 091 [ 600/721]  loss=0.0894  lr=4.01e-06  ema_tau=0.99993
  Epoch 091 [ 620/721]  loss=0.0786  lr=3.99e-06  ema_tau=0.99993
  Epoch 091 [ 640/721]  loss=0.0874  lr=3.97e-06  ema_tau=0.99994
  Epoch 091 [ 660/721]  loss=0.0931  lr=3.95e-06  ema_tau=0.99994
  Epoch 091 [ 680/721]  loss=0.1065  lr=3.93e-06  ema_tau=0.99994
  Epoch 091 [ 700/721]  loss=0.0959  lr=3.91e-06  ema_tau=0.99994
  Epoch 091 [ 720/721]  loss=0.0920  lr=3.89e-06  ema_tau=0.99994

Epoch 091 done | avg_loss=0.0921 | time=292.8s
  Val loss: 0.0703
  Checkpoint saved → /scratch/va2661/data/active_matter/checkpoints/jepa/latest.pt

  Epoch 092 [   0/721]  loss=0.0954  lr=3.89e-06  ema_tau=0.99994
  Epoch 092 [  20/721]  loss=0.0814  lr=3.87e-06  ema_tau=0.99994
  Epoch 092 [  40/721]  loss=0.0903  lr=3.85e-06  ema_tau=0.99994
  Epoch 092 [  60/721]  loss=0.1004  lr=3.83e-06  ema_tau=0.99994
  Epoch 092 [  80/721]  loss=0.0781  lr=3.81e-06  ema_tau=0.99994
  Epoch 092 [ 100/721]  loss=0.0697  lr=3.79e-06  ema_tau=0.99994
  Epoch 092 [ 120/721]  loss=0.0943  lr=3.77e-06  ema_tau=0.99994
  Epoch 092 [ 140/721]  loss=0.1130  lr=3.75e-06  ema_tau=0.99994
  Epoch 092 [ 160/721]  loss=0.0735  lr=3.73e-06  ema_tau=0.99994
  Epoch 092 [ 180/721]  loss=0.0853  lr=3.71e-06  ema_tau=0.99994
  Epoch 092 [ 200/721]  loss=0.0931  lr=3.69e-06  ema_tau=0.99994
  Epoch 092 [ 220/721]  loss=0.0868  lr=3.67e-06  ema_tau=0.99994
  Epoch 092 [ 240/721]  loss=0.0839  lr=3.65e-06  ema_tau=0.99994
  Epoch 092 [ 260/721]  loss=0.0869  lr=3.63e-06  ema_tau=0.99994
  Epoch 092 [ 280/721]  loss=0.1027  lr=3.61e-06  ema_tau=0.99994
  Epoch 092 [ 300/721]  loss=0.1023  lr=3.60e-06  ema_tau=0.99994
  Epoch 092 [ 320/721]  loss=0.0968  lr=3.58e-06  ema_tau=0.99994
  Epoch 092 [ 340/721]  loss=0.1105  lr=3.56e-06  ema_tau=0.99994
  Epoch 092 [ 360/721]  loss=0.0984  lr=3.54e-06  ema_tau=0.99994
  Epoch 092 [ 380/721]  loss=0.0836  lr=3.52e-06  ema_tau=0.99995
  Epoch 092 [ 400/721]  loss=0.0859  lr=3.50e-06  ema_tau=0.99995
  Epoch 092 [ 420/721]  loss=0.0753  lr=3.48e-06  ema_tau=0.99995
  Epoch 092 [ 440/721]  loss=0.0873  lr=3.46e-06  ema_tau=0.99995
  Epoch 092 [ 460/721]  loss=0.0902  lr=3.45e-06  ema_tau=0.99995
  Epoch 092 [ 480/721]  loss=0.0966  lr=3.43e-06  ema_tau=0.99995
  Epoch 092 [ 500/721]  loss=0.0865  lr=3.41e-06  ema_tau=0.99995
  Epoch 092 [ 520/721]  loss=0.0851  lr=3.39e-06  ema_tau=0.99995
  Epoch 092 [ 540/721]  loss=0.1003  lr=3.37e-06  ema_tau=0.99995
  Epoch 092 [ 560/721]  loss=0.1028  lr=3.36e-06  ema_tau=0.99995
  Epoch 092 [ 580/721]  loss=0.0735  lr=3.34e-06  ema_tau=0.99995
  Epoch 092 [ 600/721]  loss=0.0941  lr=3.32e-06  ema_tau=0.99995
  Epoch 092 [ 620/721]  loss=0.0830  lr=3.30e-06  ema_tau=0.99995
  Epoch 092 [ 640/721]  loss=0.0946  lr=3.28e-06  ema_tau=0.99995
  Epoch 092 [ 660/721]  loss=0.0891  lr=3.27e-06  ema_tau=0.99995
  Epoch 092 [ 680/721]  loss=0.1049  lr=3.25e-06  ema_tau=0.99995
  Epoch 092 [ 700/721]  loss=0.0926  lr=3.23e-06  ema_tau=0.99995
  Epoch 092 [ 720/721]  loss=0.0990  lr=3.21e-06  ema_tau=0.99995

Epoch 092 done | avg_loss=0.0920 | time=294.0s
  Val loss: 0.0702
  Checkpoint saved → /scratch/va2661/data/active_matter/checkpoints/jepa/latest.pt

  Epoch 093 [   0/721]  loss=0.1001  lr=3.21e-06  ema_tau=0.99995
  Epoch 093 [  20/721]  loss=0.0973  lr=3.20e-06  ema_tau=0.99995
  Epoch 093 [  40/721]  loss=0.0815  lr=3.18e-06  ema_tau=0.99995
  Epoch 093 [  60/721]  loss=0.0752  lr=3.16e-06  ema_tau=0.99995
  Epoch 093 [  80/721]  loss=0.0847  lr=3.14e-06  ema_tau=0.99995
  Epoch 093 [ 100/721]  loss=0.1052  lr=3.13e-06  ema_tau=0.99995
  Epoch 093 [ 120/721]  loss=0.1076  lr=3.11e-06  ema_tau=0.99995
  Epoch 093 [ 140/721]  loss=0.0930  lr=3.09e-06  ema_tau=0.99995
  Epoch 093 [ 160/721]  loss=0.0836  lr=3.08e-06  ema_tau=0.99995
  Epoch 093 [ 180/721]  loss=0.0829  lr=3.06e-06  ema_tau=0.99996
  Epoch 093 [ 200/721]  loss=0.0868  lr=3.04e-06  ema_tau=0.99996
  Epoch 093 [ 220/721]  loss=0.0943  lr=3.03e-06  ema_tau=0.99996
  Epoch 093 [ 240/721]  loss=0.0913  lr=3.01e-06  ema_tau=0.99996
  Epoch 093 [ 260/721]  loss=0.0852  lr=2.99e-06  ema_tau=0.99996
  Epoch 093 [ 280/721]  loss=0.0851  lr=2.98e-06  ema_tau=0.99996
  Epoch 093 [ 300/721]  loss=0.0951  lr=2.96e-06  ema_tau=0.99996
  Epoch 093 [ 320/721]  loss=0.0802  lr=2.94e-06  ema_tau=0.99996
  Epoch 093 [ 340/721]  loss=0.0904  lr=2.93e-06  ema_tau=0.99996
  Epoch 093 [ 360/721]  loss=0.0758  lr=2.91e-06  ema_tau=0.99996
  Epoch 093 [ 380/721]  loss=0.1070  lr=2.89e-06  ema_tau=0.99996
  Epoch 093 [ 400/721]  loss=0.0892  lr=2.88e-06  ema_tau=0.99996
  Epoch 093 [ 420/721]  loss=0.0953  lr=2.86e-06  ema_tau=0.99996
  Epoch 093 [ 440/721]  loss=0.0988  lr=2.85e-06  ema_tau=0.99996
  Epoch 093 [ 460/721]  loss=0.1070  lr=2.83e-06  ema_tau=0.99996
  Epoch 093 [ 480/721]  loss=0.0823  lr=2.81e-06  ema_tau=0.99996
  Epoch 093 [ 500/721]  loss=0.0891  lr=2.80e-06  ema_tau=0.99996
  Epoch 093 [ 520/721]  loss=0.1007  lr=2.78e-06  ema_tau=0.99996
  Epoch 093 [ 540/721]  loss=0.0819  lr=2.77e-06  ema_tau=0.99996
  Epoch 093 [ 560/721]  loss=0.0924  lr=2.75e-06  ema_tau=0.99996
  Epoch 093 [ 580/721]  loss=0.1039  lr=2.74e-06  ema_tau=0.99996
  Epoch 093 [ 600/721]  loss=0.0813  lr=2.72e-06  ema_tau=0.99996
  Epoch 093 [ 620/721]  loss=0.0916  lr=2.70e-06  ema_tau=0.99996
  Epoch 093 [ 640/721]  loss=0.1048  lr=2.69e-06  ema_tau=0.99996
  Epoch 093 [ 660/721]  loss=0.0771  lr=2.67e-06  ema_tau=0.99996
  Epoch 093 [ 680/721]  loss=0.0989  lr=2.66e-06  ema_tau=0.99996
  Epoch 093 [ 700/721]  loss=0.0943  lr=2.64e-06  ema_tau=0.99996
  Epoch 093 [ 720/721]  loss=0.0950  lr=2.63e-06  ema_tau=0.99996

Epoch 093 done | avg_loss=0.0918 | time=293.3s
  Val loss: 0.0701
  Checkpoint saved → /scratch/va2661/data/active_matter/checkpoints/jepa/latest.pt
  Checkpoint saved → /scratch/va2661/data/active_matter/checkpoints/jepa/best.pt

  Epoch 094 [   0/721]  loss=0.0806  lr=2.63e-06  ema_tau=0.99996
  Epoch 094 [  20/721]  loss=0.0956  lr=2.61e-06  ema_tau=0.99996
  Epoch 094 [  40/721]  loss=0.0932  lr=2.60e-06  ema_tau=0.99997
  Epoch 094 [  60/721]  loss=0.0879  lr=2.58e-06  ema_tau=0.99997
  Epoch 094 [  80/721]  loss=0.0982  lr=2.57e-06  ema_tau=0.99997
  Epoch 094 [ 100/721]  loss=0.0889  lr=2.55e-06  ema_tau=0.99997
  Epoch 094 [ 120/721]  loss=0.1051  lr=2.54e-06  ema_tau=0.99997
  Epoch 094 [ 140/721]  loss=0.0862  lr=2.52e-06  ema_tau=0.99997
  Epoch 094 [ 160/721]  loss=0.0959  lr=2.51e-06  ema_tau=0.99997
  Epoch 094 [ 180/721]  loss=0.1027  lr=2.50e-06  ema_tau=0.99997
  Epoch 094 [ 200/721]  loss=0.0790  lr=2.48e-06  ema_tau=0.99997
  Epoch 094 [ 220/721]  loss=0.0964  lr=2.47e-06  ema_tau=0.99997
  Epoch 094 [ 240/721]  loss=0.0861  lr=2.45e-06  ema_tau=0.99997
  Epoch 094 [ 260/721]  loss=0.0996  lr=2.44e-06  ema_tau=0.99997
  Epoch 094 [ 280/721]  loss=0.1003  lr=2.42e-06  ema_tau=0.99997
  Epoch 094 [ 300/721]  loss=0.0922  lr=2.41e-06  ema_tau=0.99997
  Epoch 094 [ 320/721]  loss=0.0879  lr=2.40e-06  ema_tau=0.99997
  Epoch 094 [ 340/721]  loss=0.0920  lr=2.38e-06  ema_tau=0.99997
  Epoch 094 [ 360/721]  loss=0.0682  lr=2.37e-06  ema_tau=0.99997
  Epoch 094 [ 380/721]  loss=0.0913  lr=2.36e-06  ema_tau=0.99997
  Epoch 094 [ 400/721]  loss=0.0909  lr=2.34e-06  ema_tau=0.99997
  Epoch 094 [ 420/721]  loss=0.0867  lr=2.33e-06  ema_tau=0.99997
  Epoch 094 [ 440/721]  loss=0.0912  lr=2.31e-06  ema_tau=0.99997
  Epoch 094 [ 460/721]  loss=0.1094  lr=2.30e-06  ema_tau=0.99997
  Epoch 094 [ 480/721]  loss=0.1007  lr=2.29e-06  ema_tau=0.99997
  Epoch 094 [ 500/721]  loss=0.0941  lr=2.27e-06  ema_tau=0.99997
  Epoch 094 [ 520/721]  loss=0.0652  lr=2.26e-06  ema_tau=0.99997
  Epoch 094 [ 540/721]  loss=0.1065  lr=2.25e-06  ema_tau=0.99997
  Epoch 094 [ 560/721]  loss=0.0970  lr=2.23e-06  ema_tau=0.99997
  Epoch 094 [ 580/721]  loss=0.0935  lr=2.22e-06  ema_tau=0.99997
  Epoch 094 [ 600/721]  loss=0.0787  lr=2.21e-06  ema_tau=0.99997
  Epoch 094 [ 620/721]  loss=0.0958  lr=2.20e-06  ema_tau=0.99997
  Epoch 094 [ 640/721]  loss=0.1071  lr=2.18e-06  ema_tau=0.99997
  Epoch 094 [ 660/721]  loss=0.0762  lr=2.17e-06  ema_tau=0.99997
  Epoch 094 [ 680/721]  loss=0.0942  lr=2.16e-06  ema_tau=0.99997
  Epoch 094 [ 700/721]  loss=0.0947  lr=2.15e-06  ema_tau=0.99998
  Epoch 094 [ 720/721]  loss=0.1010  lr=2.13e-06  ema_tau=0.99998

Epoch 094 done | avg_loss=0.0919 | time=292.7s
  Val loss: 0.0702
  Checkpoint saved → /scratch/va2661/data/active_matter/checkpoints/jepa/latest.pt

  Epoch 095 [   0/721]  loss=0.0950  lr=2.13e-06  ema_tau=0.99998
  Epoch 095 [  20/721]  loss=0.0839  lr=2.12e-06  ema_tau=0.99998
  Epoch 095 [  40/721]  loss=0.0962  lr=2.11e-06  ema_tau=0.99998
  Epoch 095 [  60/721]  loss=0.0802  lr=2.09e-06  ema_tau=0.99998
  Epoch 095 [  80/721]  loss=0.0980  lr=2.08e-06  ema_tau=0.99998
  Epoch 095 [ 100/721]  loss=0.0917  lr=2.07e-06  ema_tau=0.99998
  Epoch 095 [ 120/721]  loss=0.0816  lr=2.06e-06  ema_tau=0.99998
  Epoch 095 [ 140/721]  loss=0.1034  lr=2.05e-06  ema_tau=0.99998
  Epoch 095 [ 160/721]  loss=0.0875  lr=2.03e-06  ema_tau=0.99998
  Epoch 095 [ 180/721]  loss=0.0953  lr=2.02e-06  ema_tau=0.99998
  Epoch 095 [ 200/721]  loss=0.0855  lr=2.01e-06  ema_tau=0.99998
  Epoch 095 [ 220/721]  loss=0.0854  lr=2.00e-06  ema_tau=0.99998
  Epoch 095 [ 240/721]  loss=0.0727  lr=1.99e-06  ema_tau=0.99998
  Epoch 095 [ 260/721]  loss=0.0921  lr=1.97e-06  ema_tau=0.99998
  Epoch 095 [ 280/721]  loss=0.0932  lr=1.96e-06  ema_tau=0.99998
  Epoch 095 [ 300/721]  loss=0.0778  lr=1.95e-06  ema_tau=0.99998
  Epoch 095 [ 320/721]  loss=0.0951  lr=1.94e-06  ema_tau=0.99998
  Epoch 095 [ 340/721]  loss=0.0909  lr=1.93e-06  ema_tau=0.99998
  Epoch 095 [ 360/721]  loss=0.0851  lr=1.92e-06  ema_tau=0.99998
  Epoch 095 [ 380/721]  loss=0.0911  lr=1.91e-06  ema_tau=0.99998
  Epoch 095 [ 400/721]  loss=0.1067  lr=1.90e-06  ema_tau=0.99998
  Epoch 095 [ 420/721]  loss=0.0884  lr=1.88e-06  ema_tau=0.99998
  Epoch 095 [ 440/721]  loss=0.1077  lr=1.87e-06  ema_tau=0.99998
  Epoch 095 [ 460/721]  loss=0.0918  lr=1.86e-06  ema_tau=0.99998
  Epoch 095 [ 480/721]  loss=0.0862  lr=1.85e-06  ema_tau=0.99998
  Epoch 095 [ 500/721]  loss=0.0942  lr=1.84e-06  ema_tau=0.99998
  Epoch 095 [ 520/721]  loss=0.0916  lr=1.83e-06  ema_tau=0.99998
  Epoch 095 [ 540/721]  loss=0.0857  lr=1.82e-06  ema_tau=0.99998
  Epoch 095 [ 560/721]  loss=0.0914  lr=1.81e-06  ema_tau=0.99998
  Epoch 095 [ 580/721]  loss=0.0830  lr=1.80e-06  ema_tau=0.99998
  Epoch 095 [ 600/721]  loss=0.0940  lr=1.79e-06  ema_tau=0.99998
  Epoch 095 [ 620/721]  loss=0.0795  lr=1.78e-06  ema_tau=0.99998
  Epoch 095 [ 640/721]  loss=0.0887  lr=1.77e-06  ema_tau=0.99998
  Epoch 095 [ 660/721]  loss=0.0823  lr=1.76e-06  ema_tau=0.99998
  Epoch 095 [ 680/721]  loss=0.1103  lr=1.75e-06  ema_tau=0.99998
  Epoch 095 [ 700/721]  loss=0.0786  lr=1.74e-06  ema_tau=0.99998
  Epoch 095 [ 720/721]  loss=0.0935  lr=1.73e-06  ema_tau=0.99998

Epoch 095 done | avg_loss=0.0918 | time=292.4s
  Collapse check — embed_std=0.0402  mean_cos_sim=0.3739
  Val loss: 0.0712
  Checkpoint saved → /scratch/va2661/data/active_matter/checkpoints/jepa/latest.pt

  Epoch 096 [   0/721]  loss=0.0962  lr=1.73e-06  ema_tau=0.99998
  Epoch 096 [  20/721]  loss=0.0827  lr=1.72e-06  ema_tau=0.99998
  Epoch 096 [  40/721]  loss=0.0847  lr=1.71e-06  ema_tau=0.99998
  Epoch 096 [  60/721]  loss=0.1057  lr=1.70e-06  ema_tau=0.99998
  Epoch 096 [  80/721]  loss=0.0834  lr=1.69e-06  ema_tau=0.99999
  Epoch 096 [ 100/721]  loss=0.0820  lr=1.68e-06  ema_tau=0.99999
  Epoch 096 [ 120/721]  loss=0.0886  lr=1.67e-06  ema_tau=0.99999
  Epoch 096 [ 140/721]  loss=0.0879  lr=1.66e-06  ema_tau=0.99999
  Epoch 096 [ 160/721]  loss=0.0824  lr=1.65e-06  ema_tau=0.99999
  Epoch 096 [ 180/721]  loss=0.0807  lr=1.64e-06  ema_tau=0.99999
  Epoch 096 [ 200/721]  loss=0.1014  lr=1.63e-06  ema_tau=0.99999
  Epoch 096 [ 220/721]  loss=0.0915  lr=1.62e-06  ema_tau=0.99999
  Epoch 096 [ 240/721]  loss=0.1047  lr=1.61e-06  ema_tau=0.99999
  Epoch 096 [ 260/721]  loss=0.0904  lr=1.60e-06  ema_tau=0.99999
  Epoch 096 [ 280/721]  loss=0.0863  lr=1.59e-06  ema_tau=0.99999
  Epoch 096 [ 300/721]  loss=0.0916  lr=1.58e-06  ema_tau=0.99999
  Epoch 096 [ 320/721]  loss=0.0873  lr=1.57e-06  ema_tau=0.99999
  Epoch 096 [ 340/721]  loss=0.0977  lr=1.56e-06  ema_tau=0.99999
  Epoch 096 [ 360/721]  loss=0.1043  lr=1.56e-06  ema_tau=0.99999
  Epoch 096 [ 380/721]  loss=0.0909  lr=1.55e-06  ema_tau=0.99999
  Epoch 096 [ 400/721]  loss=0.0907  lr=1.54e-06  ema_tau=0.99999
  Epoch 096 [ 420/721]  loss=0.0866  lr=1.53e-06  ema_tau=0.99999
  Epoch 096 [ 440/721]  loss=0.0903  lr=1.52e-06  ema_tau=0.99999
  Epoch 096 [ 460/721]  loss=0.1035  lr=1.51e-06  ema_tau=0.99999
  Epoch 096 [ 480/721]  loss=0.0947  lr=1.50e-06  ema_tau=0.99999
  Epoch 096 [ 500/721]  loss=0.1116  lr=1.50e-06  ema_tau=0.99999
  Epoch 096 [ 520/721]  loss=0.0876  lr=1.49e-06  ema_tau=0.99999
  Epoch 096 [ 540/721]  loss=0.0737  lr=1.48e-06  ema_tau=0.99999
  Epoch 096 [ 560/721]  loss=0.1035  lr=1.47e-06  ema_tau=0.99999
  Epoch 096 [ 580/721]  loss=0.0929  lr=1.46e-06  ema_tau=0.99999
  Epoch 096 [ 600/721]  loss=0.0902  lr=1.46e-06  ema_tau=0.99999
  Epoch 096 [ 620/721]  loss=0.1041  lr=1.45e-06  ema_tau=0.99999
  Epoch 096 [ 640/721]  loss=0.1080  lr=1.44e-06  ema_tau=0.99999
  Epoch 096 [ 660/721]  loss=0.0724  lr=1.43e-06  ema_tau=0.99999
  Epoch 096 [ 680/721]  loss=0.0876  lr=1.42e-06  ema_tau=0.99999
  Epoch 096 [ 700/721]  loss=0.0864  lr=1.42e-06  ema_tau=0.99999
  Epoch 096 [ 720/721]  loss=0.0956  lr=1.41e-06  ema_tau=0.99999

Epoch 096 done | avg_loss=0.0916 | time=292.9s
  Val loss: 0.0704
  Checkpoint saved → /scratch/va2661/data/active_matter/checkpoints/jepa/latest.pt

  Epoch 097 [   0/721]  loss=0.1023  lr=1.41e-06  ema_tau=0.99999
  Epoch 097 [  20/721]  loss=0.0943  lr=1.40e-06  ema_tau=0.99999
  Epoch 097 [  40/721]  loss=0.0981  lr=1.39e-06  ema_tau=0.99999
  Epoch 097 [  60/721]  loss=0.0958  lr=1.39e-06  ema_tau=0.99999
  Epoch 097 [  80/721]  loss=0.0910  lr=1.38e-06  ema_tau=0.99999
  Epoch 097 [ 100/721]  loss=0.0983  lr=1.37e-06  ema_tau=0.99999
  Epoch 097 [ 120/721]  loss=0.0996  lr=1.36e-06  ema_tau=0.99999
  Epoch 097 [ 140/721]  loss=0.1091  lr=1.36e-06  ema_tau=0.99999
  Epoch 097 [ 160/721]  loss=0.0921  lr=1.35e-06  ema_tau=0.99999
  Epoch 097 [ 180/721]  loss=0.0879  lr=1.34e-06  ema_tau=0.99999
  Epoch 097 [ 200/721]  loss=0.0991  lr=1.34e-06  ema_tau=0.99999
  Epoch 097 [ 220/721]  loss=0.0915  lr=1.33e-06  ema_tau=0.99999
  Epoch 097 [ 240/721]  loss=0.0993  lr=1.32e-06  ema_tau=0.99999
  Epoch 097 [ 260/721]  loss=0.0901  lr=1.32e-06  ema_tau=0.99999
  Epoch 097 [ 280/721]  loss=0.0898  lr=1.31e-06  ema_tau=0.99999
  Epoch 097 [ 300/721]  loss=0.0920  lr=1.30e-06  ema_tau=0.99999
  Epoch 097 [ 320/721]  loss=0.0806  lr=1.30e-06  ema_tau=0.99999
  Epoch 097 [ 340/721]  loss=0.0906  lr=1.29e-06  ema_tau=0.99999
  Epoch 097 [ 360/721]  loss=0.0847  lr=1.28e-06  ema_tau=0.99999
  Epoch 097 [ 380/721]  loss=0.0850  lr=1.28e-06  ema_tau=0.99999
  Epoch 097 [ 400/721]  loss=0.0786  lr=1.27e-06  ema_tau=0.99999
  Epoch 097 [ 420/721]  loss=0.1002  lr=1.27e-06  ema_tau=0.99999
  Epoch 097 [ 440/721]  loss=0.0964  lr=1.26e-06  ema_tau=0.99999
  Epoch 097 [ 460/721]  loss=0.0980  lr=1.25e-06  ema_tau=0.99999
  Epoch 097 [ 480/721]  loss=0.0999  lr=1.25e-06  ema_tau=0.99999
  Epoch 097 [ 500/721]  loss=0.0930  lr=1.24e-06  ema_tau=0.99999
  Epoch 097 [ 520/721]  loss=0.0953  lr=1.24e-06  ema_tau=0.99999
  Epoch 097 [ 540/721]  loss=0.0854  lr=1.23e-06  ema_tau=1.00000
  Epoch 097 [ 560/721]  loss=0.0897  lr=1.22e-06  ema_tau=1.00000
  Epoch 097 [ 580/721]  loss=0.1037  lr=1.22e-06  ema_tau=1.00000
  Epoch 097 [ 600/721]  loss=0.0972  lr=1.21e-06  ema_tau=1.00000
  Epoch 097 [ 620/721]  loss=0.0891  lr=1.21e-06  ema_tau=1.00000
  Epoch 097 [ 640/721]  loss=0.1070  lr=1.20e-06  ema_tau=1.00000
  Epoch 097 [ 660/721]  loss=0.0921  lr=1.20e-06  ema_tau=1.00000
  Epoch 097 [ 680/721]  loss=0.1027  lr=1.19e-06  ema_tau=1.00000
  Epoch 097 [ 700/721]  loss=0.0950  lr=1.19e-06  ema_tau=1.00000
  Epoch 097 [ 720/721]  loss=0.0987  lr=1.18e-06  ema_tau=1.00000

Epoch 097 done | avg_loss=0.0917 | time=292.9s
  Val loss: 0.0699
  Checkpoint saved → /scratch/va2661/data/active_matter/checkpoints/jepa/latest.pt
  Checkpoint saved → /scratch/va2661/data/active_matter/checkpoints/jepa/best.pt

  Epoch 098 [   0/721]  loss=0.0922  lr=1.18e-06  ema_tau=1.00000
  Epoch 098 [  20/721]  loss=0.0938  lr=1.18e-06  ema_tau=1.00000
  Epoch 098 [  40/721]  loss=0.0754  lr=1.17e-06  ema_tau=1.00000
  Epoch 098 [  60/721]  loss=0.0955  lr=1.17e-06  ema_tau=1.00000
  Epoch 098 [  80/721]  loss=0.1000  lr=1.16e-06  ema_tau=1.00000
  Epoch 098 [ 100/721]  loss=0.0947  lr=1.16e-06  ema_tau=1.00000
  Epoch 098 [ 120/721]  loss=0.0937  lr=1.15e-06  ema_tau=1.00000
  Epoch 098 [ 140/721]  loss=0.0942  lr=1.15e-06  ema_tau=1.00000
  Epoch 098 [ 160/721]  loss=0.0815  lr=1.14e-06  ema_tau=1.00000
  Epoch 098 [ 180/721]  loss=0.0882  lr=1.14e-06  ema_tau=1.00000
  Epoch 098 [ 200/721]  loss=0.0820  lr=1.13e-06  ema_tau=1.00000
  Epoch 098 [ 220/721]  loss=0.0877  lr=1.13e-06  ema_tau=1.00000
  Epoch 098 [ 240/721]  loss=0.1000  lr=1.13e-06  ema_tau=1.00000
  Epoch 098 [ 260/721]  loss=0.0941  lr=1.12e-06  ema_tau=1.00000
  Epoch 098 [ 280/721]  loss=0.1053  lr=1.12e-06  ema_tau=1.00000
  Epoch 098 [ 300/721]  loss=0.0866  lr=1.11e-06  ema_tau=1.00000
  Epoch 098 [ 320/721]  loss=0.0916  lr=1.11e-06  ema_tau=1.00000
  Epoch 098 [ 340/721]  loss=0.0943  lr=1.11e-06  ema_tau=1.00000
  Epoch 098 [ 360/721]  loss=0.0951  lr=1.10e-06  ema_tau=1.00000
  Epoch 098 [ 380/721]  loss=0.0909  lr=1.10e-06  ema_tau=1.00000
  Epoch 098 [ 400/721]  loss=0.0857  lr=1.09e-06  ema_tau=1.00000
  Epoch 098 [ 420/721]  loss=0.0782  lr=1.09e-06  ema_tau=1.00000
  Epoch 098 [ 440/721]  loss=0.0823  lr=1.09e-06  ema_tau=1.00000
  Epoch 098 [ 460/721]  loss=0.0921  lr=1.08e-06  ema_tau=1.00000
  Epoch 098 [ 480/721]  loss=0.0939  lr=1.08e-06  ema_tau=1.00000
  Epoch 098 [ 500/721]  loss=0.0889  lr=1.08e-06  ema_tau=1.00000
  Epoch 098 [ 520/721]  loss=0.0828  lr=1.07e-06  ema_tau=1.00000
  Epoch 098 [ 540/721]  loss=0.0713  lr=1.07e-06  ema_tau=1.00000
  Epoch 098 [ 560/721]  loss=0.0853  lr=1.07e-06  ema_tau=1.00000
  Epoch 098 [ 580/721]  loss=0.0934  lr=1.06e-06  ema_tau=1.00000
  Epoch 098 [ 600/721]  loss=0.0833  lr=1.06e-06  ema_tau=1.00000
  Epoch 098 [ 620/721]  loss=0.0683  lr=1.06e-06  ema_tau=1.00000
  Epoch 098 [ 640/721]  loss=0.1007  lr=1.06e-06  ema_tau=1.00000
  Epoch 098 [ 660/721]  loss=0.0867  lr=1.05e-06  ema_tau=1.00000
  Epoch 098 [ 680/721]  loss=0.0824  lr=1.05e-06  ema_tau=1.00000
  Epoch 098 [ 700/721]  loss=0.0949  lr=1.05e-06  ema_tau=1.00000
  Epoch 098 [ 720/721]  loss=0.0972  lr=1.05e-06  ema_tau=1.00000

Epoch 098 done | avg_loss=0.0918 | time=291.8s
  Val loss: 0.0703
  Checkpoint saved → /scratch/va2661/data/active_matter/checkpoints/jepa/latest.pt

  Epoch 099 [   0/721]  loss=0.0929  lr=1.05e-06  ema_tau=1.00000
  Epoch 099 [  20/721]  loss=0.1093  lr=1.04e-06  ema_tau=1.00000
  Epoch 099 [  40/721]  loss=0.1111  lr=1.04e-06  ema_tau=1.00000
  Epoch 099 [  60/721]  loss=0.1029  lr=1.04e-06  ema_tau=1.00000
  Epoch 099 [  80/721]  loss=0.0823  lr=1.04e-06  ema_tau=1.00000
  Epoch 099 [ 100/721]  loss=0.0777  lr=1.03e-06  ema_tau=1.00000
  Epoch 099 [ 120/721]  loss=0.0889  lr=1.03e-06  ema_tau=1.00000
  Epoch 099 [ 140/721]  loss=0.0901  lr=1.03e-06  ema_tau=1.00000
  Epoch 099 [ 160/721]  loss=0.0902  lr=1.03e-06  ema_tau=1.00000
  Epoch 099 [ 180/721]  loss=0.0989  lr=1.03e-06  ema_tau=1.00000
  Epoch 099 [ 200/721]  loss=0.0905  lr=1.02e-06  ema_tau=1.00000
  Epoch 099 [ 220/721]  loss=0.0901  lr=1.02e-06  ema_tau=1.00000
  Epoch 099 [ 240/721]  loss=0.0888  lr=1.02e-06  ema_tau=1.00000
  Epoch 099 [ 260/721]  loss=0.0814  lr=1.02e-06  ema_tau=1.00000
  Epoch 099 [ 280/721]  loss=0.0941  lr=1.02e-06  ema_tau=1.00000
  Epoch 099 [ 300/721]  loss=0.0830  lr=1.02e-06  ema_tau=1.00000
  Epoch 099 [ 320/721]  loss=0.0891  lr=1.01e-06  ema_tau=1.00000
  Epoch 099 [ 340/721]  loss=0.0908  lr=1.01e-06  ema_tau=1.00000
  Epoch 099 [ 360/721]  loss=0.0921  lr=1.01e-06  ema_tau=1.00000
  Epoch 099 [ 380/721]  loss=0.0962  lr=1.01e-06  ema_tau=1.00000
  Epoch 099 [ 400/721]  loss=0.0865  lr=1.01e-06  ema_tau=1.00000
  Epoch 099 [ 420/721]  loss=0.0977  lr=1.01e-06  ema_tau=1.00000
  Epoch 099 [ 440/721]  loss=0.0913  lr=1.01e-06  ema_tau=1.00000
  Epoch 099 [ 460/721]  loss=0.0990  lr=1.01e-06  ema_tau=1.00000
  Epoch 099 [ 480/721]  loss=0.0878  lr=1.01e-06  ema_tau=1.00000
  Epoch 099 [ 500/721]  loss=0.0957  lr=1.00e-06  ema_tau=1.00000
  Epoch 099 [ 520/721]  loss=0.0826  lr=1.00e-06  ema_tau=1.00000
  Epoch 099 [ 540/721]  loss=0.0856  lr=1.00e-06  ema_tau=1.00000
  Epoch 099 [ 560/721]  loss=0.0987  lr=1.00e-06  ema_tau=1.00000
  Epoch 099 [ 580/721]  loss=0.0926  lr=1.00e-06  ema_tau=1.00000
  Epoch 099 [ 600/721]  loss=0.0963  lr=1.00e-06  ema_tau=1.00000
  Epoch 099 [ 620/721]  loss=0.0851  lr=1.00e-06  ema_tau=1.00000
  Epoch 099 [ 640/721]  loss=0.0914  lr=1.00e-06  ema_tau=1.00000
  Epoch 099 [ 660/721]  loss=0.0878  lr=1.00e-06  ema_tau=1.00000
  Epoch 099 [ 680/721]  loss=0.1120  lr=1.00e-06  ema_tau=1.00000
  Epoch 099 [ 700/721]  loss=0.0999  lr=1.00e-06  ema_tau=1.00000
  Epoch 099 [ 720/721]  loss=0.1144  lr=1.00e-06  ema_tau=1.00000

Epoch 099 done | avg_loss=0.0915 | time=292.9s
  Val loss: 0.0700
  Checkpoint saved → /scratch/va2661/data/active_matter/checkpoints/jepa/latest.pt

Training complete.
End time : Sat Apr 11 03:28:52 EDT 2026
